name,gender,probability,count
a-li,male,0.84,36
a-ming,male,0.6,3
a-ran,female,0.89,7
aad,male,0.96,3581
aaditya,male,0.99,4862
aakash,male,0.99,25530
aalok,male,0.99,1370
aamir,male,0.99,35212
aanjaneya,male,0.83,4
aapo,male,1.0,881
aaram,male,0.68,55
aaron,male,1.0,380256
aarran,male,0.91,21
aart,male,0.99,1753
aarthi,female,0.99,3924
aarynn,female,0.7,8
aashay,male,1.0,578
aashish,male,0.99,11361
aashu,male,0.84,970
aastha,female,1.0,5948
aaswath,male,0.67,1
aavishkar,male,0.92,10
aayush,male,0.99,9424
aayushya,male,0.63,6
abal-kassim,male,0.67,1
abbas,male,0.98,87930
abbes,male,0.96,5729
abbey,female,0.83,21338
abdalla,male,0.98,41577
abdallah,male,0.98,124434
abdel,male,0.99,98472
abdel-hameed,male,0.96,23
abdelaali,male,0.98,1704
abdelaaziz,male,0.99,965
abdelaziz,male,0.99,38119
abdeldjalil,male,0.97,774
abdelhadi,male,0.99,17508
abdelhafid,male,0.99,4727
abdelhak,male,0.98,27445
abdelhamid,male,0.99,12513
abdelilah,male,0.98,18988
abdelkader,male,0.98,39281
abdelkarim,male,0.99,13884
abdelkerim,male,0.97,458
abdelkrim,male,0.99,12997
abdellatif,male,0.99,25124
abdelmadjid,male,0.99,1707
abdelmalek,male,0.98,6782
abdelmoujib,male,0.94,77
abdelouahid,male,0.99,997
abdelrahman,male,0.99,53928
abdelwahab,male,0.98,4601
abdelwaheb,male,0.99,1488
abdenacer,male,0.98,517
abderahmen,male,0.97,1155
abderazek,male,0.99,480
abderrahim,male,0.99,37365
abderrahmane,male,0.99,13275
abdeslam,male,0.98,11436
abdeslem,male,0.98,1669
abdessatar,male,0.99,839
abdesslam,male,0.99,3044
abdo,male,0.97,377063
abdolhosein,male,0.93,25
abdollah,male,0.97,5542
abdolrasoul,male,0.93,12
abdoulaye,male,0.99,31052
abdu,male,0.95,33626
abdul,male,0.98,521972
abdul-lateef,male,0.96,89
abdulaziz,male,0.99,54334
abdulgani,male,0.97,866
abdulhameed,male,0.97,3199
abdulkadir,male,0.98,25799
abdulla,male,0.98,43072
abdullah,male,0.99,388337
abdulnasser,male,0.99,343
abdulqader,male,0.98,818
abdulrahim,male,0.98,3883
abdulrhman,male,0.99,12323
abdurrahman,male,0.99,34147
abdus,male,0.97,6738
abdusalam,male,0.93,1407
abeba,female,0.88,2185
abed,male,0.97,35906
abeer,female,0.97,56940
abel,male,0.99,134629
abey,male,0.87,1727
abha,female,0.96,4389
abhass,male,0.75,2
abhay,male,1.0,31385
abhaya,male,0.86,242
abhi,male,0.98,23952
abhijeet,male,1.0,26084
abhijit,male,1.0,29622
abhijith,male,1.0,649
abhik,male,1.0,1843
abhilash,male,1.0,18398
abhimanyu,male,0.99,9848
abhimat,male,0.67,4
abhin,male,0.96,72
abhinash,male,0.96,457
abhinav,male,1.0,30183
abhinendra,male,0.92,11
abhiraj,male,0.99,1367
abhiram,male,1.0,2722
abhirup,male,1.0,1187
abhisek,male,0.98,811
abhisekh,male,0.97,133
abhish,male,0.97,33
abhishake,male,0.96,55
abhishek,male,1.0,166562
abhishodh,,0.0,0
abhra,male,0.94,52
abhranil,male,0.95,19
abhronil,male,0.75,2
abhyuday,male,0.97,38
abid,male,0.97,52714
abidin,male,0.98,6705
abigail,female,0.99,136080
abijith,male,0.93,126
abilash,male,0.97,635
abimael,male,0.99,6091
abin,male,0.99,4785
abinand,male,0.94,16
abinash,male,0.95,1508
abir,female,0.78,29005
abla,female,0.94,7095
abner,male,0.99,16738
abolfazl,male,0.97,3664
abolhassan,male,0.96,50
abootaleb,male,0.94,31
abouzeid,male,0.9,68
abraham,male,0.99,135751
abram,male,0.98,10266
abramo,male,0.98,1873
abraão,male,0.99,1091
abror,male,0.98,866
absos,male,0.75,2
abtin,male,0.99,877
abu,male,0.97,170577
abubakar,male,0.96,70330
abubakr,male,0.99,4911
abul,male,0.95,34131
abusayeed,male,0.9,46
abuzer,male,0.96,4873
achamveedu,,0.0,0
achenef,male,0.83,4
achiel,male,0.97,147
achille,male,0.99,17020
achilleas,male,0.99,667
achim,male,0.98,7836
achint,male,0.75,100
achintya,male,0.99,1206
achour,male,0.95,6622
ad,male,0.92,38772
ada,female,0.93,104654
adalberto,male,1.0,28042
adalto,male,0.99,428
adam,male,0.98,837770
adam-christiaan,,0.0,0
adamantia,female,0.97,115
adar,male,0.76,2360
adara,female,0.93,1366
adarsh,male,1.0,19014
adarsha,male,0.87,137
addison,male,0.58,2300
addisu,male,0.95,349
ade,male,0.55,21720
adebusola,female,0.89,211
adeel,male,0.99,22463
adel,male,0.95,191722
adela,female,0.99,66365
adele,female,0.98,60639
adeline,female,0.99,61301
adem,male,0.97,151519
ademir,male,1.0,21892
adenilton,male,0.99,189
adhip,male,0.97,27
adi,male,0.72,42328
adiba,female,0.96,2852
adil,male,0.98,184137
adilbek,male,0.99,672
adilson,male,1.0,35694
adina,female,0.99,21437
adisak,male,0.96,267
adithan,male,0.89,7
adithi,female,0.99,497
adithya,male,0.99,5533
aditi,female,1.0,28916
aditya,male,1.0,101423
adityanand,male,0.67,1
adiv,male,0.91,171
admela,female,0.67,1
admir,male,0.99,6398
adnan,male,0.99,167109
adnane,male,0.97,10303
ado,male,0.92,9447
adolfo,male,1.0,88198
adonis,male,0.98,12992
adri,male,0.54,30514
adria,female,0.61,11098
adriaan,male,1.0,9744
adrian,male,0.99,301169
adriana,female,1.0,569325
adrianna,female,0.99,23304
adrianne,female,0.99,9091
adriano,male,1.0,148337
adric,male,0.96,213
adrien,male,0.98,58958
adrienn,female,0.99,6719
adrienne,female,1.0,47491
adrish,male,0.9,185
adrià,female,0.61,11098
adrián,male,0.99,301169
adva,female,0.99,923
advait,male,1.0,1241
adwait,male,0.99,133
adwin,male,0.98,821
ady,female,0.5,21198
adán,male,0.97,45155
adélie,female,0.99,535
aephraim,male,0.75,2
aeree,female,0.76,15
aernout,male,0.94,110
aeryeong,female,0.75,2
afonso,male,0.99,20340
afroditi,female,0.99,995
afrooz,female,0.74,341
afroza,female,0.96,1134
afsah,female,0.9,78
afshin,male,0.99,11459
aftab,male,0.98,28171
agamemnon,male,0.94,101
agapi,female,0.89,779
agata,female,0.99,97881
age,male,0.75,1283
ageeth,female,0.99,370
ageliki,female,0.99,491
agelos,male,0.99,440
aggelos,male,0.99,3289
aghil,male,0.97,634
agne,female,0.95,2969
agnes,female,0.99,135825
agnese,female,0.99,22540
agneta,female,1.0,9403
agnid,male,0.89,7
agnieszka,female,0.99,231345
agnivo,male,0.9,8
agnès,female,0.99,135825
agostino,male,1.0,26138
agung,male,0.97,3722
agus,male,0.76,20941
agustin,male,0.99,111544
agustinus,male,0.98,454
agustín,male,0.99,111544
ahad,male,0.85,10220
ahalya,female,0.99,565
ahana,female,0.97,1392
aharon,male,0.99,3073
ahasan,male,0.95,1092
ahcene,male,0.98,5319
ahmad,male,0.98,766593
ahmad-reza,male,0.71,5
ahmadjon,male,0.98,118
ahmadreza,male,0.98,1448
ahmadullah,male,0.97,357
ahmed,male,0.98,2664632
ahmedullah,male,0.9,39
ahmet,male,0.98,552597
ahreum,female,0.94,137
ahsan,male,0.98,36820
ahsanul,male,0.97,463
ai,female,0.73,12012
ai-chao,,0.0,0
ai-chen,female,0.86,5
ai-dong,male,0.67,1
ai-jun,,0.0,0
ai-lei,,0.0,0
ai-lin,female,0.82,9
ai-min,,0.0,0
ai-xi,,0.0,0
aibin,male,0.81,30
aicha,female,0.97,96991
aichi,male,0.66,179
aicke,male,0.92,24
aida,female,0.99,124106
aidan,male,0.95,14859
aidin,male,0.82,1332
aidos,male,0.99,1707
aidyn,male,0.88,976
aifeng,female,0.69,24
aigen,male,0.55,9
aiguo,male,0.93,43
aihua,female,0.92,213
aihui,female,0.79,17
aiichi,female,0.67,1
aiichiro,male,0.92,11
aiko,female,0.93,5868
ailin,female,0.96,2518
ailing,female,0.98,344
ailong,male,0.83,16
aiman,male,0.9,26529
aimee,female,1.0,61924
aimei,female,0.93,93
aimo,male,0.96,1071
aina,female,0.93,25954
aiping,female,0.84,141
aiqun,female,0.71,15
aires,male,0.85,1433
airidas,male,0.99,212
airton,male,0.99,3469
aisha,female,0.98,95921
aishwaryadev,male,0.67,1
aislan,male,0.94,148
aissa,male,0.81,32311
aitor,male,0.99,36101
aitzol,male,0.99,265
aivar,male,0.98,369
aixian,female,0.82,15
aixin,female,0.8,38
aiying,female,0.96,49
aiyou,male,0.67,10
aiyun,female,0.92,50
aizaz,male,0.97,324
aj,male,0.84,23196
ajaharul,male,0.91,52
ajai,male,0.93,1003
ajay,male,0.99,186188
ajaya,female,0.62,2918
ajesh,male,0.98,1156
ajinkya,male,0.99,876
ajit,male,0.99,44359
ajmain,male,0.89,121
ajneet,female,0.6,3
akaki,male,0.91,570
akanksha,female,1.0,17488
akansel,male,0.93,28
akash,male,0.99,104227
akashdeep,male,0.99,1765
akasmika,female,0.8,3
akatoki,male,0.67,1
akaxia,,0.0,0
akbar,male,0.98,46026
akel,male,0.9,491
akhil,male,1.0,36013
akhila,female,0.99,6440
akhilesh,male,0.99,23491
akhlesh,male,0.92,320
aki,male,0.7,9856
akiharu,male,0.79,17
akihide,male,0.98,49
akihiko,male,0.98,592
akihiro,male,1.0,3625
akihisa,male,0.98,141
akihito,male,0.99,341
akikazu,male,0.96,24
akiko,female,0.99,9007
akil,male,0.96,8502
akimasa,male,0.93,44
akimi,female,0.81,294
akimitsu,male,0.96,44
akinari,male,0.9,46
akinori,male,0.98,376
akio,male,0.98,2654
akira,male,0.73,7370
akishi,male,0.67,4
akitaka,male,0.98,40
akito,male,0.96,745
akitoshi,male,0.99,88
akiyasu,male,0.94,14
akiyoshi,male,0.97,168
aklant,male,0.67,1
akm,male,0.86,1432
akond,male,0.95,17
akos,male,0.94,4532
akram,male,0.96,95284
akrati,female,0.84,17
aksel,male,0.96,4082
akshara,female,0.98,1758
akshat,male,1.0,8359
akshata,female,1.0,5623
akshay,male,1.0,88999
akshya,male,0.85,226
aku,male,0.73,2575
akın,male,0.97,23875
al,male,0.93,209795
ala,male,0.6,46427
alaa,male,0.62,198169
aladji,male,0.96,1096
alagan,male,0.91,185
alain,male,0.99,297921
alain-sol,,0.0,0
alaina,female,1.0,9251
alakabha,male,0.67,1
alan,male,1.0,514255
alankar,male,0.97,126
alankrita,female,0.92,62
alanna,female,1.0,13310
alannah,female,1.0,3439
alantha,female,0.75,2
alarith,male,0.67,1
alaska,female,0.68,1779
alastair,male,1.0,15021
alathea,female,0.98,49
alba,female,0.99,155107
alban,male,0.99,26089
albert,male,0.99,281951
alberta,female,0.99,13975
alberto,male,1.0,707352
albin,male,0.99,13166
albino,male,0.99,12584
albrecht,male,0.95,916
alceste,male,0.83,148
alcides,male,1.0,21221
alcino,male,0.98,1231
alda,female,0.95,18321
aldana,female,0.98,7619
aldebaro,male,0.67,1
aldeida,female,0.67,1
alden,male,0.93,2001
aldo,male,0.99,140747
aldona,female,0.99,8114
aldri,male,0.88,72
ale,male,0.63,146902
aleandro,male,0.99,2704
alec,male,0.97,37497
aleck,male,0.97,1321
aled,male,0.96,928
aleisha,female,1.0,2458
aleix,male,0.99,3688
alejandra,female,0.99,365229
alejandro,male,1.0,686274
alek,male,0.92,4731
alekha,male,0.92,123
alekos,male,0.98,1412
aleks,male,0.93,17984
aleksandar,male,1.0,46389
aleksander,male,1.0,28146
aleksandr,male,1.0,46548
aleksandra,female,0.99,151097
aleksandrs,male,0.99,2944
aleksas,male,0.99,211
aleksei,male,0.99,5599
aleksejs,male,0.99,349
aleksejus,male,0.98,45
aleksey,male,0.99,10691
aleksi,male,0.99,6270
aleksis,male,0.85,465
aleksy,male,0.98,526
alekzander,male,0.98,95
alemayehu,male,0.96,488
alen,male,0.95,23190
alena,female,0.99,90318
alenka,female,0.99,7493
alessandra,female,1.0,287288
alessandro,male,1.0,567590
alessia,female,0.99,177947
alessio,male,0.99,170323
alessondra,female,0.97,28
alev,female,0.95,13168
alex,male,0.95,1668776
alexa,female,0.98,81273
alexander,male,1.0,645315
alexandr,male,0.99,32109
alexandra,female,0.99,555850
alexandre,male,0.99,169181
alexandres,male,0.97,33
alexandria,female,0.99,28460
alexandro,male,0.99,17481
alexandros,male,1.0,17165
alexandros-apostolos,male,0.67,1
alexandru,male,0.99,49556
alexandru-sabin,male,0.67,1
alexei,male,0.98,5586
alexej,male,0.99,1186
alexey,male,1.0,30980
alexi,male,0.84,6888
alexia,female,0.99,79477
alexie,female,0.76,1227
alexios,male,0.99,796
alexis,male,0.85,188108
aleš,male,0.95,15017
alf,male,0.98,15156
alfie,male,0.97,8217
alfio,male,0.99,18618
alfons,male,0.99,9770
alfonso,male,0.99,219124
alfred,male,0.99,116115
alfredo,male,1.0,308811
alheydis,female,0.67,1
alhun,male,0.75,2
ali,male,0.95,1564127
ali-akbar,male,0.94,15
ali-mohammad,male,0.67,1
alia,female,0.96,38658
aliakbar,male,0.97,1382
aliaksandr,male,1.0,340
aliaksei,male,1.0,208
alice,female,0.99,399418
alice-agnes,,0.0,0
alicia,female,0.99,385758
alicja,female,0.99,46137
alim,male,0.96,18238
alin,male,0.79,20884
alina,female,0.99,184585
aline,female,0.99,207923
alioscia,male,0.99,158
alireza,male,0.99,65046
alis,female,0.74,8604
alisa,female,0.99,45307
alison,female,0.98,208862
alissa,female,0.99,22485
alisson,female,0.79,32723
alistair,male,1.0,21086
alister,male,0.99,3977
alix,female,0.7,15977
aliya,female,0.97,22370
aliya-nur,,0.0,0
aliz,female,0.94,3524
aliza,female,0.98,8991
aljaz,male,0.97,375
aljaž,male,0.97,375
alje,male,0.84,77
aljoscha,male,0.99,371
alka,female,0.96,13577
alkan,male,0.97,2600
alkida,female,0.96,98
alkistis,female,0.98,98
alla,female,0.72,27373
allal,male,0.97,7099
allami,male,0.8,117
allan,male,1.0,175198
allan-sacha,,0.0,0
allard,male,0.96,2356
alle-jan,male,0.75,2
allen,male,0.99,121823
allic,male,0.56,14
allison,female,0.99,157844
allon,male,0.98,623
allona,female,0.96,156
allysa,female,1.0,1658
allyson,female,0.97,24009
alma,female,0.99,139133
almas,female,0.55,9111
almendra,female,0.98,3917
almir,male,0.99,17901
almog,male,0.65,2258
almond,male,0.83,826
almudena,female,1.0,27774
almut,female,0.95,392
alnur,male,0.84,186
alois,male,0.97,6745
alok,male,1.0,39998
alokananda,female,0.7,8
aloke,male,0.96,363
alon,male,0.96,7685
alona,female,0.99,9071
alonso,male,0.99,64338
aloys,male,0.99,2088
alp,male,0.98,20176
alpan,male,0.92,147
alper,male,0.99,58305
alperen,male,0.98,18926
alpha,male,0.9,8221
alphan,male,0.98,338
alphonse,male,0.99,11462
alphonsus,male,0.98,1404
alptekin,male,0.98,721
alpár,male,0.94,195
altan,male,0.98,9359
althea,female,0.99,11062
alto,male,0.88,747
alton,male,1.0,7863
altug,male,0.98,1249
alun,male,0.97,1496
aluísio,male,0.98,437
alva,female,0.79,3241
alvaro,male,1.0,273658
alvin,male,0.99,83995
alvina,female,0.99,5734
alvio,male,0.98,139
alvise,male,0.99,1522
alvitta,,0.0,0
alwen,male,0.7,121
alwin,male,0.99,8502
aly,male,0.72,36762
alycia,female,0.99,7157
alysa,female,0.99,3076
alyson,female,0.96,21070
alyssa,female,1.0,112735
alysson,female,0.8,7138
alán,male,1.0,514255
alí,male,0.95,1564127
amaael,female,0.6,3
amadeu,male,0.99,2062
amado,male,0.99,14098
amador,male,0.99,11796
amal,female,0.93,187814
amalendu,male,0.96,79
amalesh,male,0.93,118
amali,female,0.87,2438
amalia,female,0.99,65119
amalie,female,0.99,5314
aman,male,0.88,44854
amand,female,0.75,1076
amanda,female,1.0,734699
amandeep,male,0.68,4017
amandine,female,0.99,80181
amando,male,0.96,1582
amanpreet,female,0.52,813
amar,male,0.9,86474
amara,female,0.67,21925
amardeep,male,0.98,5653
amare,male,0.87,1604
amarendra,male,0.99,344
amaresh,male,0.94,576
amariah,female,0.95,217
amarjit,male,0.81,3991
amarnath,male,0.97,1718
amartya,male,1.0,1078
amata,female,0.74,397
amaury,male,0.99,19532
amaya,female,0.96,12128
ambar,female,0.92,12256
ambaresh,male,0.89,17
amber,female,0.99,208013
ambesh,male,0.95,58
ambra,female,0.99,14646
ambrish,male,0.97,392
ambroise,male,0.96,2011
ambros,male,0.96,474
ambrus,male,0.74,365
ambuj,male,0.98,297
amedeo,male,0.99,16159
amee,female,0.92,3206
ameen,male,0.98,23281
amel,female,0.94,64057
amelia,female,0.99,115972
amelie,female,0.99,50797
ameneh,female,0.96,363
americo,male,0.99,16239
ameur,male,0.96,6613
amey,female,0.54,1479
ameya,male,0.71,598
amgad,male,0.96,10802
ami,female,0.55,36464
amiangshu,male,0.83,4
amic,male,0.68,71
amichay,male,0.99,67
amiel,male,0.84,903
amihay,male,0.97,72
amihood,male,0.88,6
amikam,male,0.93,67
amilcar,male,0.99,15102
amilcare,male,0.98,742
amin,male,0.97,193650
amina,female,0.96,201897
amine,male,0.97,316695
aming,male,0.87,399
amir,male,0.97,345251
amirali,male,0.98,4669
amiran,male,0.93,473
amirbehshad,male,0.75,2
amirhassan,male,0.91,33
amirhosein,male,0.98,1566
amirhossein,male,0.99,2610
amirmahdi,male,0.96,122
amirreza,male,0.98,1560
amit,male,0.94,65180
amita,female,0.98,10412
amitabh,male,1.0,4540
amitabha,male,0.96,132
amitai,male,0.97,579
amitalok,,0.0,0
amitava,male,0.99,390
amitay,male,0.94,195
amitayu,male,0.83,4
amitesh,male,0.99,346
amiya,female,0.88,3161
amjad,male,0.94,65114
amjed,male,0.97,5499
amlan,male,0.9,344
ammar,male,0.98,92521
amneet,female,0.93,288
amnon,male,0.99,1070
amogh,male,1.0,2299
amol,male,0.98,42080
amos,male,0.98,37861
amparo,female,0.99,83147
amr,male,0.98,219647
amrish,male,0.96,733
amrit,male,0.86,7622
amrita,female,0.98,17915
amritam,male,0.78,7
amritanshu,male,0.95,38
amritesh,male,0.99,91
amro,male,0.98,17308
amrollah,male,0.96,49
amru,male,0.96,416
amruta,female,1.0,9719
amy,female,0.99,578234
amélie,female,0.99,50797
an,female,0.54,36344
an-bang,,0.0,0
an-bao,,0.0,0
an-chang,male,0.67,1
an-ping,male,0.67,1
ana,female,0.91,2363375
ana-maria,female,0.99,9836
ana-suncana,,0.0,0
ana-sunčana,,0.0,0
anabella,female,0.99,9378
anaelle,female,0.99,6141
anahit,female,0.99,3762
anahita,female,0.99,4371
anais,female,0.99,83200
anal,female,0.62,536
analía,female,0.99,24377
anamaría,female,0.99,19441
anamika,female,0.99,12898
anamitra,male,0.82,37
anamul,male,0.95,4768
anand,male,1.0,103990
ananda,male,0.6,5603
anandaroop,male,0.88,6
anandmayee,,0.0,0
anant,male,1.0,13983
ananta,male,0.88,1508
ananth,male,0.99,7453
anantha,male,0.89,842
ananthan,male,0.96,694
ananthram,male,0.9,8
ananya,female,0.99,11254
ananyo,male,0.94,15
anar,male,0.84,9834
anas,male,0.94,179493
anastasia,female,0.99,129746
anastasiia,female,1.0,2772
anastasios,male,1.0,6164
anastasiya,female,0.99,24348
anastassia,female,0.99,2226
anastassios,male,0.98,64
anastasya,female,0.99,2848
anasua,female,0.88,32
anat,female,0.98,10126
anatael,male,0.98,43
anatol,male,0.99,2276
anatoli,male,0.97,3788
anatolii,male,0.99,1244
anatolij,male,0.99,751
anatoliy,male,1.0,8127
anatoly,male,1.0,9817
anayeli,female,0.99,4275
anaël,female,0.52,2153
anaëlle,female,0.99,6141
anbang,male,0.76,15
anbo,male,0.79,32
anbu,male,0.92,3734
anca,female,0.97,15154
anchal,female,0.96,5969
ancla,female,0.57,47
ancor,male,0.98,482
andean,male,0.67,40
ander,male,0.98,14559
anders,male,1.0,98375
anderson,male,0.98,70551
andi,male,0.74,33940
anding,male,0.74,88
andjela,female,0.99,4011
andjelka,female,0.98,555
andong,male,0.65,179
andor,male,0.96,1095
andra,female,0.87,12746
andrada-oana,female,0.67,1
andras,male,0.99,10940
andre,male,0.97,432626
andrea,female,0.69,1681597
andreas,male,1.0,341520
andreas-stephan,male,0.67,1
andreea,female,0.99,65431
andrei,male,0.99,99718
andreia,female,0.99,92962
andreij,male,0.98,41
andrej,male,1.0,28909
andreja,female,0.91,3331
andrejs,male,1.0,2937
andres,male,0.99,573342
andreu,male,0.99,8595
andrew,male,1.0,908188
andrey,male,0.99,64646
andriaherimanana,,0.0,0
andrian,male,0.96,2425
andriana,female,0.99,4207
andrii,male,0.94,1698
andrina,female,0.99,1568
andris,male,0.95,6821
andrius,male,0.99,9811
andrivo,male,0.67,1
andriy,male,1.0,11377
andronikos,male,0.99,100
andry,male,0.76,8624
andrzej,male,1.0,117118
andrás,male,0.99,10940
andrèe,female,0.69,12286
andré,male,0.97,432626
andré-nicolas,male,0.88,6
andréa,female,0.69,1681597
andréas,male,1.0,341520
andrés,male,0.99,573342
andy,male,0.96,488371
aneel,male,0.96,1983
aneesh,male,0.99,14573
anelia,female,0.99,2310
aner,male,0.9,828
aneta,female,0.99,93778
anezina,female,0.92,11
ang,male,0.7,19597
angang,male,0.54,26
angel,male,0.79,441582
angela,female,1.0,937874
angeles,female,0.98,51658
angelia,female,1.0,21253
angelika,female,0.99,75170
angeliki,female,1.0,3790
angelle,female,0.99,2787
angelo,male,0.99,336729
angelos,male,0.99,4815
angelot,male,0.91,109
angels,female,0.87,4996
angelyn,female,0.99,2642
angie,female,0.99,253256
angkana,female,0.97,136
angnis,female,0.67,1
angsuman,male,0.94,30
anguo,male,0.82,9
angus,male,0.98,20739
angxiu,,0.0,0
angèle,female,0.98,14092
angélica,female,0.99,252993
anh,female,0.52,5133
anh-tuan,male,0.97,75
ania,female,0.99,101983
anibal,male,1.0,43916
aniceto,male,0.99,3465
aniello,male,0.99,11152
anier,female,0.55,188
anik,female,0.73,12387
anika,female,0.98,26587
aniket,male,1.0,27045
aniko,female,0.99,6331
anil,male,0.99,212204
anilesh,male,0.98,50
anilkumar,male,0.97,3628
anima,female,0.78,1948
animesh,male,1.0,9350
animikh,male,0.75,2
aninamol,,0.0,0
aninda,male,0.57,219
anindita,female,1.0,5214
anindya,male,0.56,598
anirban,male,0.99,1475
aniruddha,male,1.0,7248
anirudh,male,1.0,12538
anirudha,male,0.98,362
anis,male,0.83,84525
anish,male,0.99,31212
anishya,female,0.93,12
anisul,male,0.96,478
anisur,male,0.96,3072
anit,male,0.54,1102
anita,female,0.99,409252
anitha,female,0.99,21558
anja,female,0.99,122427
anjali,female,0.99,48288
anjan,male,0.98,8714
anjana,female,0.97,14638
anjasha,female,0.67,4
anjolina,female,0.92,98
ankan,male,0.81,294
anke,female,0.99,33852
anke-susanne,,0.0,0
ankhi,female,0.75,75
ankik,female,0.57,5
ankit,male,1.0,104381
ankita,female,1.0,44924
ankur,male,1.0,38844
ankush,male,1.0,23747
anlian,male,0.56,7
anmin,male,0.65,29
ann,female,0.99,362870
ann-marie,female,1.0,10083
anna,female,0.99,1674217
anna-christina,female,0.99,105
anna-karin,female,1.0,1293
anna-laura,female,0.99,83
anna-lena,female,0.99,5622
anna-maree,female,0.88,6
annabelle,female,0.99,33097
annagrazia,female,0.99,459
annalisa,female,1.0,66224
annamaria,female,1.0,65514
annapurni,female,0.82,9
anne,female,0.99,589444
anne-catherine,female,0.99,967
anne-christine,female,0.99,431
anne-florence,female,0.96,82
anne-kathrin,female,0.98,561
anne-laure,female,0.98,5963
anne-lise,female,0.99,5916
anne-maria,female,0.99,237
anne-marie,female,1.0,47294
anne-sophie,female,0.99,23162
annegret,female,0.98,1445
anneila,,0.0,0
anneleen,female,0.99,1017
annelies,female,1.0,19425
anneliese,female,0.99,6308
annette,female,1.0,152519
anneya,female,0.88,6
annibale,male,0.99,2079
annica,female,1.0,6448
annick,female,0.99,53396
annie,female,0.99,251567
annika,female,0.99,52257
annina,female,0.99,4229
anningzhe,,0.0,0
annop,male,0.98,79
anny-chantal,,0.0,0
anoop,male,0.98,7374
anoosheh,female,0.89,34
anosh,female,0.84,3222
anotida,male,0.72,37
anouar,male,0.97,22763
anouck,female,0.98,1333
anowar,male,0.94,8480
anping,male,0.66,48
anqi,female,0.91,519
anqing,male,0.81,14
anran,female,0.58,95
anru,male,0.63,49
anselm,male,0.99,2416
anselmo,male,0.99,19884
ansgar,male,0.99,890
anshoo,male,0.5,28
anshu,male,0.63,3189
anshul,male,0.99,17297
anshumali,male,0.76,19
anshuman,male,1.0,7406
ansis,male,0.86,102
anson,male,0.97,11645
anssi,male,0.99,2005
antal,male,0.93,5380
antara,female,0.95,2936
antarip,male,0.92,11
anter,male,0.97,1849
anthony,male,1.0,804478
antia,female,0.97,2051
antik,male,0.81,536
antika,female,0.69,337
antimo,male,0.99,5069
antoine,male,0.99,181959
antoine-marie,male,0.9,27
antoinette,female,1.0,44071
anton,male,0.99,157039
antonaldo,male,0.83,4
antonela,female,0.99,8687
antonella,female,0.99,239748
antonello,male,0.99,33360
antongiulio,male,0.99,276
antoni,male,0.96,29594
antonia,female,0.98,111532
antonietta,female,0.99,48705
antonija,female,0.99,2429
antonin,male,1.0,15139
antonino,male,1.0,64097
antonio,male,0.99,1711651
antonios,male,1.0,4825
antonis,male,0.99,14790
antony,male,0.99,92638
antonín,male,1.0,15139
ants,male,0.9,303
antti,male,1.0,11638
antti-pekka,male,0.99,74
antun,male,0.99,1277
antxon,male,0.98,457
antónio,male,0.99,1711651
antônio,male,0.99,1711651
anu,female,0.76,20909
anubha,female,0.8,252
anubhav,male,1.0,8643
anuj,male,1.0,38620
anulekha,female,0.92,24
anum,female,0.98,6965
anup,male,0.99,29561
anupam,male,0.99,16992
anupreeta,female,0.83,4
anuradha,female,0.99,18759
anurag,male,1.0,40211
anuran,male,0.96,21
anurenjan,,0.0,0
anush,male,0.72,3852
anushya,female,0.93,69
anusuya,female,0.93,222
anut,male,0.54,66
anuvab,male,0.92,37
anvar,male,0.98,4878
anwar,male,0.91,104572
anwesh,male,0.97,64
anwoy,male,0.8,3
anxo,male,0.99,1301
anye,female,0.73,1114
anyuan,male,0.69,11
anzar,male,0.97,2125
anze,male,0.95,770
anzhong,male,0.67,1
anzor,male,0.98,999
aníbal,male,1.0,43916
anže,male,0.95,770
ao,male,0.63,1691
aofei,male,0.5,2
aoibheann,female,1.0,444
aoife,female,1.0,13579
aomawa,,0.0,0
aonan,male,0.75,6
aouss,male,0.88,50
aoying,male,0.67,1
aoyu,male,0.62,11
apala,female,0.64,51
aparajita,female,1.0,2383
aparna,female,1.0,23755
apimook,male,0.8,3
apoorv,male,0.98,464
apoorva,female,0.98,8817
apostolos,male,1.0,5782
aprajita,female,0.82,112
apratim,male,0.83,58
apriadi,male,0.94,32
april,female,0.99,145696
apurba,male,0.96,1013
apurva,female,0.63,991
aqeel,male,0.99,11404
aqib,male,0.99,6525
aquil,male,0.99,813
aquinas,male,0.95,149
ara,female,0.74,11824
aradhita,female,0.75,10
arafat,male,0.96,13130
aram,male,0.89,14950
aran,male,0.62,3086
aranya,female,0.94,805
aras,male,0.92,9137
arash,male,0.99,33259
arata,male,0.95,614
aravind,male,1.0,19186
aravindh,male,0.99,342
araz,male,0.94,3904
arbaz,male,0.98,3760
arbel,male,0.68,285
archak,male,0.97,29
archana,female,1.0,41892
archie,male,0.95,7594
archil,male,0.96,338
archisman,male,0.96,25
archit,male,1.0,4430
archita,female,0.99,1842
archna,female,0.96,520
archontia,female,0.95,18
archontis,male,0.91,9
ard,male,0.92,1388
ardalan,male,0.98,905
ardavan,male,1.0,274
ardeshir,male,0.98,647
ardian,male,0.98,8966
ardita,female,0.97,2069
are,male,0.66,7439
areejit,male,0.8,3
areeya,female,0.99,499
aref,male,0.98,10896
areg,male,0.53,995
areti,female,0.98,1903
arezoo,female,0.98,2362
arfa,female,0.6,3226
argelia,female,0.99,6009
argha,male,0.88,166
arghajit,male,0.75,2
arghavan,female,0.97,296
arghir,male,0.52,79
arghya,male,0.96,226
argyrios,male,0.98,59
argyris,male,0.99,390
ari,male,0.65,35360
ari-pekka,male,1.0,441
aria,female,0.82,12364
ariadna,female,1.0,25351
ariah,female,0.96,369
arian,male,0.87,9062
ariana,female,0.99,62448
ariando,male,0.75,2
ariane,female,0.99,44940
arianna,female,1.0,82067
arick,male,0.98,750
arie,male,0.92,12449
arieh,male,0.99,506
ariel,male,0.83,74824
arielle,female,0.99,16500
arif,male,0.98,151228
ariful,male,0.96,5585
arijeet,male,0.93,70
arijit,male,1.0,7135
arik,male,0.98,5823
arika,female,0.96,1784
arindam,male,0.99,1291
aris,male,0.83,14632
aristeidis,male,0.99,135
aristide,male,0.93,9107
aristides,male,0.99,8519
aristidis,male,1.0,570
aristomenis,male,0.98,39
aristotelis,male,1.0,1110
aritoki,,0.0,0
aritra,male,0.99,2706
aritro,male,0.9,49
ariya,male,0.63,1235
ariyan,male,0.94,4278
arjan,male,0.99,26425
arjen,male,0.99,9354
arjun,male,0.98,69562
arjuna,male,0.95,3860
arka,male,0.87,3182
arkabrata,male,0.75,2
arkadeb,male,0.67,1
arkadev,male,0.89,7
arkadi,male,0.98,880
arkadij,male,0.98,137
arkadipta,male,0.75,2
arkadiusz,male,1.0,31641
arkadiy,male,0.99,918
arkady,male,0.99,2442
arkajit,male,0.94,14
arkajyoti,male,0.85,11
arkaprabha,male,0.87,13
arkaprava,male,0.92,11
arkka,male,0.8,3
arko,male,0.97,1559
arlette,female,0.99,26178
arlindo,male,0.98,4435
arman,male,0.98,54420
armand,male,0.99,36727
armando,male,0.99,261092
armen,male,0.98,12489
armenak,male,0.99,100
armengol,male,0.97,110
armin,male,0.98,38967
armita,female,0.98,991
arnab,male,1.0,9913
arnald,male,0.99,266
arnaldo,male,1.0,35655
arnan,male,0.95,107
arnas,male,0.99,959
arnau,male,0.99,4823
arnaud,male,0.99,136455
arnav,male,0.99,4627
arnd,male,0.99,773
arne,male,1.0,34311
arni,female,0.68,3204
arno,male,0.99,33326
arnob,male,0.97,1185
arnold,male,0.99,79933
arnoldo,male,1.0,12837
arnon,male,0.99,2331
arnout,male,0.99,676
arnulf,male,0.97,257
aron,male,0.98,32772
aroonkumar,male,0.8,3
arpan,male,0.95,1739
arpit,male,1.0,18225
arpita,female,1.0,14159
arran,male,0.99,3334
arrigo,male,0.98,1053
arsalan,male,0.99,13125
arsen,male,0.99,10356
arseni,male,0.89,331
arsenia,female,1.0,1210
arsenii,male,0.97,144
arseniy,male,1.0,1582
arseny,male,0.99,942
arshad,male,0.98,51418
arshak,male,1.0,435
arshia,male,0.73,1465
arshyn,male,0.71,15
arslan,male,0.98,25642
art,male,0.97,58512
artan,male,0.98,7329
artem,male,0.99,43455
artemi,male,0.77,242
artemio,male,0.99,10223
artemy,male,0.99,426
arthemy,male,0.67,1
arthur,male,1.0,209113
arthur-césar,,0.0,0
arthur-jozsef,,0.0,0
arti,female,0.88,16729
artie,male,0.78,1070
artis,male,0.92,916
arttu,male,1.0,2877
artur,male,1.0,138322
arturas,male,0.99,2796
arturo,male,1.0,224338
arturs,male,0.99,1095
artyom,male,1.0,7387
aru,male,0.61,2314
arul,male,0.97,16669
arumalla,male,0.56,7
arumugam,male,0.95,3385
arun,male,0.99,165365
aruna,female,0.92,21032
arunabha,male,0.98,50
arunansu,male,0.67,1
arunav,male,0.98,57
arunava,male,0.99,199
arunesh,male,0.95,160
aruni,female,0.77,244
arunima,female,1.0,2858
arunwan,female,0.9,8
arup,male,0.98,2133
arupjyoti,male,0.9,8
arus,male,0.52,273
arvid,male,1.0,5354
arvin,male,0.99,14437
arvind,male,0.99,63447
arvindh,male,0.97,63
ary,female,0.6,9528
arya,male,0.66,7237
aryaman,male,0.99,775
aryan,male,0.95,13281
arzhang,male,0.98,86
arzu,female,0.97,58571
asa,female,0.61,10284
asad,male,0.98,61718
asaf,male,0.99,10634
asal,female,0.89,6080
asangi,female,0.8,23
asantha,male,0.92,86
asao,male,0.91,117
asaph,male,0.98,779
asato,male,0.8,47
asbjorn,male,1.0,701
asbjørn,male,1.0,701
aseem,male,0.99,4621
aseema,female,0.93,43
asegun,male,0.8,18
asena,female,0.97,4085
aser,male,0.82,6367
asgar,male,0.96,6055
asger,male,0.98,936
asghar,male,0.97,10559
asha,female,0.97,45447
ashadul,male,0.94,729
ashay,male,0.76,161
ashby,male,0.63,228
asher,male,0.97,10671
ashesh,male,0.98,246
ashfia,female,0.91,32
ashik,male,0.96,7107
ashis,male,0.96,1756
ashish,male,1.0,148142
ashkan,male,0.99,10525
ashkbiz,,0.0,0
ashlesha,female,0.98,106
ashley,female,0.95,471596
ashmeet,female,0.89,539
ashmita,female,0.99,2130
ashna,female,0.96,3662
ashok,male,0.99,134657
ashoke,male,0.96,271
ashot,male,0.99,3143
ashraf,male,0.98,163068
ashton,male,0.71,6513
ashu,male,0.77,6186
ashutosh,male,1.0,37213
ashvin,male,0.99,5938
ashwani,male,0.97,3228
ashwin,male,1.0,30016
ashwini,female,0.98,33671
asier,male,0.99,13416
asif,male,0.98,104476
asilata,female,0.67,1
asim,male,0.99,44470
asimina,female,0.99,636
asiri,male,0.8,456
asish,male,0.96,1281
asit,male,0.96,1054
askar,male,0.98,5170
askery,male,0.83,4
askold,male,0.98,39
aslak,male,0.97,233
aslan,male,0.96,24208
asle,male,0.56,476
aslı,female,0.95,22186
asma,female,0.96,132106
asmaa,female,0.97,170571
asmi,female,0.74,1757
asmita,female,0.97,8394
asobu,male,0.89,7
assa,female,0.69,3670
assaf,male,0.98,5285
assane,male,0.99,7201
assen,male,0.84,479
assyr,male,0.92,10
asta,female,0.95,10397
astik,male,0.92,176
astrid,female,0.99,111147
asuka,female,0.93,2189
asutosh,male,0.98,224
aswathi,female,0.9,312
aswin,male,0.97,1787
ata,male,0.94,17162
atabek,male,0.98,437
ataberk,male,0.98,1098
atabey,male,0.95,428
atac,male,0.83,63
atanas,male,0.99,2696
atanu,male,0.99,741
ataollah,male,0.97,31
ataru,male,0.96,252
atasi,female,0.65,50
atefeh,female,0.98,1532
athanase,male,0.97,664
athanaseus,male,0.67,1
athanasia,female,1.0,2686
athanasios,male,1.0,6910
athanassios,male,0.99,141
athena,female,0.99,17424
athina,female,0.99,7517
athira,female,0.99,5348
athman,male,0.98,1105
athreya,male,0.85,25
atif,male,0.99,33828
atila,male,0.96,6219
atis,male,0.84,533
atish,male,0.97,1595
atle,male,0.99,798
atreyee,female,0.96,44
atri,male,0.67,210
atrideb,male,0.67,1
atsufumi,male,0.92,11
atsuhide,male,0.67,1
atsuhiko,male,0.98,56
atsuhira,,0.0,0
atsuhiro,male,0.99,94
atsuhisa,male,0.92,10
atsuki,male,0.91,104
atsunori,male,0.98,44
atsuo,male,0.99,128
atsushi,male,1.0,7361
atsutaka,male,0.75,2
atsuto,male,0.97,27
atsutoshi,male,0.95,17
atta,male,0.9,5510
attaphon,male,0.93,13
attila,male,1.0,51084
attique,male,0.98,316
atul,male,0.99,54737
aubida,male,0.67,7
audace,male,0.84,186
aude,female,0.98,30736
audie,male,0.79,574
auditya,male,0.76,15
audrey,female,0.99,237935
audris,female,0.89,281
audrius,male,0.99,1989
audun,male,0.99,492
august,male,0.87,5776
auguste,male,0.82,3054
augustin,male,0.99,19231
augustine,male,0.82,14172
augusto,male,1.0,86390
aukosh,,0.0,0
aunas,male,0.8,8
aura,female,0.99,40320
auralee,female,0.99,67
aurel,male,0.79,12749
aurelien,male,0.99,37262
aurelio,male,0.99,45324
aureo,male,0.99,1614
auriane,female,0.98,2077
aurojit,male,0.5,2
aurora,female,0.99,121572
aurore,female,0.99,60681
aurélia,female,0.99,36148
aurélie,female,0.99,106325
aurélien,male,0.99,37262
austen,male,0.94,1299
austin,male,0.99,138727
auttakit,,0.0,0
auxiliadora,female,0.99,1549
ava,female,0.97,27072
avadesh,male,0.94,91
avadh,male,0.98,128
avalon,female,0.82,1941
avani,female,0.99,5155
avanish,male,0.99,2502
avanti,female,0.63,338
avdhesh,male,0.97,909
aveek,male,0.98,62
avelino,male,0.99,11544
avelio,male,0.89,26
averell,male,0.96,159
avery,male,0.52,5357
avesta,male,0.58,304
avet,male,0.94,120
avhishek,male,0.95,17
avi,male,0.92,17535
avia,female,0.93,1490
aviad,male,1.0,1975
aviel,male,0.97,1116
avijeet,male,0.97,116
avijit,male,0.97,2029
avik,male,1.0,3386
avinash,male,1.0,63368
aviral,male,1.0,2180
aviram,male,0.99,1338
avirup,male,0.99,81
avishai,male,1.0,1019
avishay,male,0.99,588
avishek,male,1.0,4929
avishy,male,0.95,39
avital,female,0.98,3215
aviv,male,0.81,4060
avner,male,0.99,2553
avraham,male,0.99,2992
avram,male,0.83,3244
avrim,male,0.91,9
avshalom,male,0.99,483
avy,female,0.61,604
awadhesh,male,0.97,1258
awais,male,0.99,18157
awni,male,0.97,1190
aws,male,0.97,4548
axel,male,0.99,128054
axel-cyrille,,0.0,0
aya,female,0.96,290185
ayah,female,0.82,8069
ayaka,female,0.98,3293
ayaki,male,0.56,43
ayako,female,0.99,4604
ayala,female,0.85,4348
ayan,male,0.76,11497
ayana,female,0.98,5869
ayanendranath,,0.0,0
ayash,male,0.81,282
aycin,female,0.94,324
aydin,male,0.98,39503
aydogan,male,0.97,1868
aydın,male,0.98,39503
ayed,male,0.94,3842
ayelet,female,1.0,4486
ayesha,female,0.98,44820
ayfer,female,0.97,13547
ayhan,male,0.97,83223
ayiaz,male,0.92,10
aykut,male,0.98,25271
aylin,female,0.98,46944
ayman,male,0.97,162230
aymen,male,0.97,88359
aymeric,male,1.0,15671
aynur,female,0.97,30330
ayomikun,male,0.5,434
ayon,male,0.92,1604
ayonga,male,0.5,6
ayoub,male,0.97,227550
ayoung,female,0.79,155
ayrat,male,0.99,334
ayres,male,0.95,645
aysajan,male,0.8,3
ayse,female,0.98,134121
aytap,female,0.86,12
ayu,female,0.92,10612
ayuki,female,0.87,58
ayumi,female,0.98,5289
ayush,male,0.99,29189
ayushi,female,1.0,11658
ayut,male,0.55,40
azad,male,0.97,33861
azadeh,female,0.99,7986
azahara,female,0.99,3780
azam,male,0.93,27330
azat,male,0.97,9697
azeddine,male,0.99,6733
azeem,male,0.98,16237
azer,male,0.91,11636
azhar,male,0.83,28276
azim,male,0.98,15563
azita,female,0.99,3682
aziz,male,0.98,323506
azizul,male,0.96,6417
azra,female,0.95,13639
azriel,male,0.91,424
azzedine,male,0.99,9037
b-g,male,0.6,33
babacar,male,0.99,10771
babak,male,0.99,17926
babar,male,0.96,11389
babette,female,0.99,8705
bacham,male,0.9,8
bachir,male,0.98,36898
badal,male,0.97,8855
bade,female,0.68,2273
badih,male,0.95,257
badis,male,0.96,5732
badr,male,0.96,69340
badreddine,male,0.98,3665
badri,male,0.93,7087
bae,female,0.66,2251
baekgyu,male,0.83,4
baerbel,female,0.98,653
bagus,male,0.96,1407
baha,male,0.95,16139
bahador,male,0.98,785
bahadur,male,0.95,3348
bahattin,male,0.99,10700
bahman,male,0.97,3345
bahram,male,0.98,4724
bai,male,0.52,2962
bai-long,,0.0,0
bai-ni,,0.0,0
bai-ou,,0.0,0
bai-sheng,,0.0,0
bai-song,,0.0,0
bai-xiang,,0.0,0
bai-yang,,0.0,0
bai-zhuo,,0.0,0
baibhab,male,0.88,6
baibiao,,0.0,0
baichuan,male,0.95,19
baidyanath,male,0.97,176
baifei,male,0.67,1
baigeng,,0.0,0
baihong,male,0.56,7
baihua,male,0.6,8
baijiang,male,0.67,1
baile,female,0.75,359
bailey,female,0.61,9805
bailin,male,0.7,38
baishakhi,female,0.96,110
baitian,male,0.7,8
baiwei,male,0.67,19
baiying,female,0.63,6
baizhan,male,0.9,27
bakheet,male,0.98,311
bakht,male,0.96,4696
bakhtiyor,male,0.99,200
bakir,male,0.96,3164
bakul,male,0.74,1320
bakur,male,0.95,290
bala,male,0.93,23257
baladitya,male,0.6,3
balagopal,male,0.99,73
balaji,male,1.0,32471
balakrishna,male,0.98,822
balakrishnan,male,0.97,1601
balakumar,male,0.97,238
balaram,male,0.96,1681
balasubramaniam,male,0.97,269
balasubramanian,male,0.97,549
balbeer,male,0.9,246
baldomero,male,0.99,3208
balint,male,0.92,3809
balpreet,male,0.63,175
balsam,female,0.9,1303
balt,male,0.89,90
baltasar,male,0.99,2558
baltej,male,0.97,113
balthazar,male,0.99,1152
balu,male,0.93,6724
balwinder,male,0.83,3918
balázs,male,0.97,5558
bamdad,male,0.94,139
bamidele,male,0.85,8068
banabir,male,0.75,2
banafsheh,female,0.98,444
banani,male,0.51,677
banasree,female,0.97,37
banasri,female,0.92,24
bandon,male,0.95,108
bang,male,0.93,11292
bang-gui,,0.0,0
bang-hai,,0.0,0
bang-pin,,0.0,0
bang-xian,,0.0,0
bang-yen,,0.0,0
bangguo,male,0.89,7
bangti,,0.0,0
bangwei,male,0.83,4
bani,female,0.58,5141
banibrata,male,0.96,26
bankteshwar,male,0.67,1
bao,male,0.68,3856
bao-an,male,0.6,3
bao-chun,female,0.67,1
bao-dong,male,0.67,1
bao-fei,,0.0,0
bao-feng,,0.0,0
bao-jie,,0.0,0
bao-jun,,0.0,0
bao-min,,0.0,0
bao-minh,male,0.75,2
bao-ning,,0.0,0
bao-quan,,0.0,0
bao-sen,,0.0,0
bao-tian,,0.0,0
bao-xi,,0.0,0
bao-xuan,,0.0,0
bao-zhi,,0.0,0
bao-zong,,0.0,0
baobiao,male,0.67,1
baobing,male,0.8,3
baochang,male,0.85,11
baochen,male,0.89,7
baocheng,male,0.9,18
baochun,male,0.87,13
baodan,female,0.6,3
baode,male,0.78,7
baodian,male,0.67,1
baofang,female,0.89,7
baofu,male,0.91,9
baogen,male,0.67,1
baohua,male,0.72,65
baojie,male,0.6,13
baojiu,,0.0,0
baojuan,female,0.67,7
baojun,male,0.81,41
baokai,male,0.8,3
baokun,male,0.73,9
baole,male,0.78,7
baolei,male,0.94,14
baoli,female,0.52,46
baolin,male,0.85,46
baoluo,male,0.8,8
baoming,male,0.83,21
baoqiang,male,0.95,19
baoquan,male,0.95,18
baosen,male,0.88,6
baowei,male,0.93,25
baowen,male,0.5,20
baoxiang,male,0.72,16
baoyi,female,0.81,57
baozhu,female,0.72,38
bappaditya,male,0.97,71
baptiste,male,0.99,48782
bar,male,0.84,33839
baradhwaj,male,0.67,1
barak,male,0.98,5596
barath,male,0.95,615
baratunde,male,0.67,1
barbara,female,1.0,780533
bardh,male,0.97,423
bardia,male,0.99,1904
bari,male,0.84,5393
baris,male,0.99,46160
bariscan,male,0.99,273
barmak,male,0.98,46
barna,male,0.83,1627
barnaby,male,1.0,2178
barnabás,male,0.99,5674
barnabé,male,0.95,725
barnali,female,0.96,564
barry,male,0.99,180806
bart,male,1.0,99686
bartek,male,1.0,39866
bartel,male,0.97,354
bartholomeus,male,0.96,68
bartholomew,male,0.98,2478
bartlomiej,male,1.0,8388
bartolomeo,male,0.99,4590
bartolomé,male,0.99,5366
bartomeu,male,0.99,201
barton,male,0.99,2997
bartosz,male,1.0,45994
bartłomiej,male,1.0,8388
baruch,male,0.99,3380
barun,male,0.95,1586
barzan,male,0.96,835
barış,male,0.99,46160
bas,male,0.52,44435
basabendu,female,0.67,1
basak,female,0.95,5387
basant,female,0.74,11665
basanta,male,0.93,2321
basaran,male,0.95,450
basel,male,0.98,21299
basem,male,0.98,28236
bashab,male,0.9,19
bashar,male,0.99,27723
basil,male,0.99,26425
basile,male,0.97,7200
baskar,male,0.96,2160
bassam,male,0.99,38035
bassano,male,0.92,75
bassel,male,0.99,8325
bassem,male,0.98,36137
bastian,male,0.99,27099
bastien,male,0.99,38974
bastin,male,0.85,268
basudeb,male,0.97,408
basudev,male,0.97,904
basundhara,female,0.93,25
battista,male,0.97,2882
battulga,male,0.77,29
batu,male,0.97,6654
baturalp,male,0.97,287
batya,female,0.88,1293
bau-ching,,0.0,0
baur,male,0.92,533
bayan,female,0.9,13921
bayarto,male,0.75,2
bayram,male,0.98,58146
bayu,male,0.93,3576
be'eri,male,0.88,6
beat,male,0.92,5140
beata,female,0.99,106154
beate,female,0.99,26989
beatrice,female,0.99,158699
beatrice-helen,,0.0,0
beatrix,female,0.99,14331
beatriz,female,1.0,316959
beau,male,0.92,20648
becca,female,1.0,28545
bechir,male,0.98,13331
becky,female,1.0,157604
bedangadas,,0.0,0
bedir,male,0.97,2540
bedřich,male,0.98,564
beena,female,0.99,8699
behcet,male,0.98,3622
behdad,male,0.98,476
behnam,male,0.99,13599
behnaz,female,0.98,1697
behrad,male,0.98,691
behram,male,0.97,852
behrooz,male,0.99,2702
behrouz,male,0.99,1511
behroz,male,0.97,746
behzad,male,0.98,6685
behzat,male,0.99,1367
behçet,male,0.98,3622
bei,female,0.75,1115
bei-bei,female,0.67,1
bei-lok,,0.0,0
bei-zhen,,0.0,0
beibei,female,0.9,446
beibut,male,0.96,70
beichuan,male,0.8,3
beihui,female,0.8,8
beili,female,0.81,41
beilun,,0.0,0
beixiang,male,0.75,2
beixiong,male,0.67,1
beiyi,female,0.92,23
beka,male,0.81,5538
bekdaulet,male,0.94,16
bela,female,0.65,10773
belal,male,0.97,39585
belinda,female,1.0,90761
belita,female,0.98,884
belkacem,male,0.97,8796
bella,female,0.97,116365
belén,female,0.99,82217
ben,male,0.98,561079
ben-chao,,0.0,0
ben-hao,,0.0,0
ben-wei,,0.0,0
bena,female,0.72,2466
benard,male,0.98,8223
bence,male,1.0,9796
benda,female,0.67,448
bendong,male,0.67,4
benedetta,female,1.0,28206
benedetto,male,0.99,12008
benedict,male,0.98,19397
benedikt,male,1.0,11035
benedito,male,0.98,2282
benedykt,male,0.99,397
beng,female,0.51,2977
bengt,male,1.0,14878
beni,male,0.81,13987
beniamin,male,1.0,2240
beniamino,male,1.0,3055
benito,male,0.99,46228
benjamin,male,1.0,464369
benjamín,male,1.0,464369
benjian,male,0.8,3
benne,male,0.63,610
bennet,male,0.95,1433
bennett,male,0.94,2473
benno,male,1.0,6217
benny,male,0.95,82225
benoit,male,0.99,107598
benoy,male,0.99,272
benoît,male,0.99,107598
benrong,male,0.8,3
benson,male,0.98,22229
bent,female,0.74,13701
bento,male,0.94,1983
benyamin,male,0.99,3985
benzhong,male,0.67,4
beom,male,0.99,207
beom-seok,male,0.86,5
beomdu,,0.0,0
beomjun,male,0.95,17
berardi,male,0.82,142
berardino,male,0.98,717
berardo,male,0.99,699
berend,male,0.99,4007
berenice,female,0.99,41525
berikbol,male,0.93,58
berislav,male,0.99,318
berit,female,1.0,13151
berk,male,0.98,36348
berkay,male,0.99,30204
berker,male,0.98,1046
berkin,male,0.96,872
berksan,male,0.96,320
berlin,male,0.65,1985
bernabé,male,0.98,9208
bernadett,female,1.0,7969
bernadette,female,1.0,89258
bernard,male,0.99,226125
bernardo,male,1.0,90405
bernat,male,0.99,2439
bernd,male,1.0,68754
berndt,male,0.98,498
bernhard,male,1.0,39305
bernie,male,0.56,14269
bernold,male,0.97,38
bernt,male,1.0,4098
berrak,female,0.92,1789
berry,male,0.63,8645
bert,male,0.99,76509
berta,female,0.98,33001
bertalan,male,0.95,676
bertan,male,0.97,1464
berthold,male,1.0,3606
berthold-georg,,0.0,0
bertin,male,0.97,5920
berto,male,0.99,7711
bertram,male,1.0,4108
bertrand,male,0.99,61407
bertúlio,male,0.98,98
besma,female,0.98,5944
bessem,male,0.91,2459
beste,female,0.95,3260
bestoun,male,0.86,5
beth,female,1.0,197166
bethan,female,1.0,7253
bethany,female,1.0,56541
betsy,female,1.0,53444
betti,female,0.97,4903
bettina,female,0.99,58030
betzalel,male,0.99,135
betül,female,0.98,18173
beverley,female,0.99,9860
bevin,male,0.58,422
beyza,female,0.98,24826
beáta,female,0.99,106154
bhabani,male,0.77,262
bhal,male,0.91,86
bhanu,male,0.81,4003
bharadwaj,male,0.97,187
bharat,male,0.99,62274
bharath,male,1.0,22749
bharathram,male,0.93,12
bhargav,male,1.0,10605
bhashyam,male,0.82,9
bhaskar,male,0.98,5158
bhaskaran,male,0.98,440
bhaswar,male,0.96,26
bhaswati,female,0.99,93
bhavani,female,0.97,8412
bhavesh,male,1.0,24781
bhavin,male,1.0,11033
bhavini,female,1.0,1644
bhavtosh,male,0.9,8
bheema,male,0.91,187
bhiksha,male,0.75,6
bhilahari,,0.0,0
bho,male,0.59,1061
bhola,male,0.96,4228
bhoomika,female,1.0,1658
bhramar,male,0.87,21
bhubanjyoti,,0.0,0
bhupendra,male,0.98,3196
bhusan,male,0.95,184
bhuvan,male,0.99,2862
bhuvana,female,0.92,469
bhuvanesh,male,0.96,271
bhuvnesh,male,0.97,230
bhuwan,male,0.95,1237
bi-cheng,,0.0,0
bi-heng,,0.0,0
bi-qing,,0.0,0
bi-xuan,,0.0,0
bi-ye,,0.0,0
biagio,male,0.99,26392
bianca,female,0.99,222389
bianka,female,0.99,13279
biao,male,0.98,362
biao-liang,,0.0,0
biaolin,,0.0,0
biaoshuai,,0.0,0
bibek,male,0.98,6323
bibekananda,male,0.98,120
bibhas,male,0.98,156
bibhushan,male,0.9,8
bibhuti,male,0.97,530
bican,male,0.84,180
bichen,female,0.58,17
bicheng,male,0.81,25
bidhan,male,0.98,1214
bidisha,female,0.98,229
bidya,male,0.68,267
bienvenu,male,0.97,2664
bihalan,,0.0,0
bihuan,female,0.67,4
bihui,male,0.52,25
biing-hwang,,0.0,0
bijan,male,0.97,2474
bijay,male,0.95,7402
bijaya,male,0.87,1684
bijita,female,0.57,51
bijuan,female,0.64,9
bijun,female,0.79,40
bikas,male,0.94,1239
bikash,male,0.96,10466
bikashkali,male,0.67,1
bike,male,0.79,876
bikramjit,male,0.97,418
bilal,male,0.98,243125
bilel,male,0.98,38352
bilge,female,0.89,7505
bililign,male,0.83,10
bilin,female,0.6,124
bill,male,1.0,465201
billy,male,0.98,162555
biltu,male,0.95,422
bilu,male,0.72,392
bimal,male,0.98,10863
bimalendu,male,0.96,43
biman,male,0.94,456
bimla,female,0.92,533
bin,male,0.95,20820
bin-bin,male,0.57,5
binata,female,0.93,68
binbin,male,0.69,656
bindiya,female,0.96,352
bindu,female,0.95,13927
bindusar,male,0.67,4
bing,male,0.8,12991
bing-chang,male,0.67,1
bing-dong,,0.0,0
bing-hong,,0.0,0
bing-hua,male,0.67,1
bing-jie,male,0.67,1
bing-lan,,0.0,0
bing-nan,female,0.67,1
bing-qiang,,0.0,0
bing-qiu,,0.0,0
bing-song,,0.0,0
bing-sui,,0.0,0
bing-xiang,,0.0,0
bing-yu,male,0.67,1
bing-zhao,,0.0,0
bingbing,female,0.79,376
bingchen,male,0.85,25
bingcheng,male,0.88,24
binghai,male,0.91,9
binghan,male,0.7,21
binghui,male,0.62,48
bingjie,female,0.75,116
bingkai,male,0.64,12
bingli,female,0.55,20
bingnan,male,0.81,24
bingni,female,0.89,7
bingqing,female,0.82,96
bingqiu,female,0.67,1
bingquan,male,0.97,29
bingrong,male,0.72,16
bingru,female,0.88,32
bingsheng,male,0.9,8
bingtian,male,0.83,4
bingwei,male,0.79,26
bingyang,male,0.64,23
bingyu,female,0.69,83
bingyuan,male,0.73,13
bingzhi,male,0.69,11
binh,male,0.73,2171
binhai,male,0.67,4
binhua,male,0.86,12
binjie,male,0.75,34
binlin,female,0.58,10
binlong,male,0.67,4
binny,male,0.6,596
binod,male,0.96,11914
binoy,male,0.98,2385
binping,male,0.67,1
binwei,male,0.89,16
binxing,,0.0,0
biny,male,0.5,177
binyan,female,0.59,20
binyong,male,0.8,3
binzhou,male,0.67,1
bipan,male,0.92,238
bipin,male,0.97,5419
biplab,male,0.97,2011
biplav,male,0.92,46
biplob,male,0.96,3982
biprateep,,0.0,0
bipul,male,0.96,2667
biqian,female,0.67,4
biqiang,male,0.8,3
biqing,female,0.74,21
biqiong,female,0.71,5
birender,male,0.94,415
birenjith,male,0.67,1
birger,male,1.0,4378
birgir,male,0.95,183
birgit,female,1.0,63726
birgitta,female,1.0,17027
birgul,female,0.98,7768
birhanu,male,0.95,474
birsen,female,0.97,9653
birzhan,male,0.99,373
bishal,male,0.95,5037
bishnu,male,0.89,8249
bishnupada,male,0.98,43
bishoksan,,0.0,0
bishwajit,male,0.97,633
biswabrata,male,0.91,9
biswajit,male,0.98,5726
biswanath,male,0.97,1033
biswaroop,male,0.95,19
biswarup,male,0.98,182
bitan,male,0.78,104
bithika,female,0.99,143
bitten,female,0.95,285
bivas,male,0.96,158
bivash,male,0.95,229
biwei,female,0.76,23
biye,male,0.62,40
biyuan,female,0.67,10
bjarke,male,1.0,602
bjarne,male,1.0,12206
bjoern,male,1.0,1517
bjorn,male,1.0,40287
björgvin,male,0.93,59
björn,male,1.0,40287
bjørn,male,1.0,40287
blagoje,male,0.99,259
blagoy,male,0.98,101
blair,male,0.66,6872
blaise,male,0.96,8897
blake,male,0.96,21690
blakesley,female,0.78,16
blanca,female,0.99,182361
blandine,female,0.99,21555
blanka,female,0.99,21666
blazej,male,1.0,2867
blaž,male,0.98,1718
bledar,male,0.99,2786
blesson,male,0.98,1025
blessy,female,0.98,2595
bloen,female,0.67,1
bnaya,female,0.51,103
bo,male,0.77,33097
bo'az,,0.0,0
bo-bing,,0.0,0
bo-bo,male,0.66,30
bo-chao,,0.0,0
bo-hae,,0.0,0
bo-han,male,0.89,7
bo-jin,,0.0,0
bo-lin,male,0.83,4
bo-qiang,,0.0,0
bo-ting,male,0.75,2
bo-wen,male,0.88,6
bo-yong,male,0.75,2
bo-yuan,male,0.75,2
boaz,male,1.0,5921
bob,male,0.99,535081
bobak,male,0.99,274
bobby,male,0.98,145051
bobing,male,0.75,6
bobir,male,0.99,209
bobo,male,0.74,24507
bobomurat,male,0.8,3
bobur,male,0.99,1322
boby,male,0.91,11628
bochao,male,0.96,22
bochen,male,0.91,33
bodhayan,male,0.57,5
bodhisattva,male,0.89,34
bodin,male,0.89,586
bodo,male,0.92,3849
bofeng,male,0.96,21
bogar,male,0.97,748
bogdan,male,0.99,71793
bogdan-vasile,,0.0,0
bogdana,female,0.99,1627
bogeun,male,0.83,10
bogumil,male,0.99,709
bogumila,female,1.0,2982
bogumił,male,0.99,709
boguslaw,male,1.0,3556
bogusław,male,1.0,3556
bogwang,,0.0,0
bohai,male,0.75,14
bohayra,male,0.5,6
bohdan,male,1.0,5637
bohm-jung,,0.0,0
bohua,male,0.75,18
bohuan,male,0.6,3
bohui,male,0.71,57
boi,male,0.71,359
bojan,male,1.0,23337
bojana,female,0.98,5643
bojie,male,0.83,61
bojko,male,0.87,45
bok,male,0.79,1009
boleslaw,male,1.0,831
boliang,male,0.94,16
bolin,male,0.83,206
boling,female,0.58,58
bolong,male,0.92,62
bolun,male,0.84,65
bolys,male,0.71,5
bomee,female,0.81,25
bommareddy,male,0.8,8
bon-chul,,0.0,0
bonan,male,0.85,80
bong,male,0.9,10530
bong-jin,male,0.75,6
bongjae,male,0.91,9
bongju,male,0.78,16
bongshin,male,0.5,2
bongsuk,male,0.81,14
bonnie,female,0.99,124077
boo,male,0.62,6674
boon,male,0.93,9784
boonrucksar,,0.0,0
boqiang,male,0.89,16
boqing,male,0.83,10
boquan,male,0.89,7
bor,male,0.87,1313
bor-yuh,male,0.75,2
boram,female,0.85,725
borbála,female,0.99,354
borching,,0.0,0
boris,male,0.99,113812
borislav,male,0.99,2612
borivoje,male,0.97,134
borja,male,0.99,23740
borna,male,0.93,2284
bortolo,male,0.98,201
borut,male,1.0,891
boryana,female,0.99,482
borys,male,0.99,3550
borzoo,male,0.97,60
bosai,male,0.6,8
bosiljka,female,0.97,262
bosong,male,0.85,11
botan,male,0.92,1087
botao,male,0.93,52
bothina,female,0.98,495
botond,male,1.0,849
botong,male,0.85,24
boualem,male,0.98,9020
boubakr,male,0.98,665
bouchaib,male,0.98,13319
bouchra,female,0.96,46041
boudewijn,male,0.99,1356
boudhayan,male,0.89,7
boulos,male,0.96,343
boumediene,male,0.98,1824
boumediène,male,0.98,1824
bovornpratch,,0.0,0
bowen,male,0.97,4068
boxi,male,0.8,96
boxiang,male,0.94,15
boy,male,0.98,27482
boya,male,0.67,831
boyan,male,0.99,2587
boyana,female,0.95,212
boyang,male,0.83,203
boyce,male,0.98,1642
boyoun,female,0.79,12
boyu,male,0.81,159
boyuan,male,0.92,74
bozena,female,0.99,24349
bozhidar,male,0.99,273
bozidar,male,1.0,1455
boštjan,male,0.99,1073
bożena,female,0.99,24349
brad,male,1.0,195768
bradd,male,0.99,799
bradford,male,1.0,6996
bradley,male,1.0,90031
bradraj,male,0.67,1
brage,male,0.99,411
brahadeesh,male,0.83,4
brahim,male,0.98,209191
brahmananda,male,0.97,58
braj,male,0.97,244
brajesh,male,0.98,1783
bram,male,1.0,30544
branda,female,0.95,1100
brando,male,0.99,7251
brandon,male,1.0,350975
brandt,male,0.98,3074
brandur,male,0.93,12
brani,male,0.73,193
branimir,male,1.0,1379
branislav,male,0.99,3729
branka,female,0.98,4900
brankica,female,0.98,1263
branko,male,1.0,14735
brannon,male,0.95,557
brant,male,1.0,5405
brantly,male,0.93,38
bratati,female,0.95,42
brato,male,0.92,23
braxton,male,0.99,3940
brayan,male,0.99,96087
brayden,male,0.99,6352
breanna,female,1.0,22595
brecht,male,0.95,1978
bree,female,0.99,11871
bren,female,0.7,3192
brenda,female,1.0,415513
brendan,male,1.0,79890
brenden,male,1.0,7635
brendon,male,1.0,18418
brendt,male,0.99,236
brenna,female,1.0,12037
brennan,male,0.95,2969
breno,male,1.0,17797
brent,male,1.0,101319
bret,male,0.99,17758
bretislav,male,0.99,484
brett,male,1.0,120729
bri-mathias,,0.0,0
brian,male,1.0,860476
brianna,female,1.0,68315
brice,male,0.99,41642
brice-olivier,,0.0,0
bridget,female,1.0,71717
brien,male,0.98,2438
brigitte,female,0.99,173534
brijen,male,0.89,35
brijesh,male,0.99,20992
brinda,female,0.99,4116
bringfried,male,0.93,12
brisa,female,0.98,11063
britt,female,0.92,11055
britta,female,0.99,23476
brittany,female,1.0,172545
britton,male,0.82,623
brodie,male,0.79,1416
brody,male,0.98,6243
broja,male,0.6,8
brojeshwar,male,0.67,1
bronson,male,1.0,3061
brooke,female,1.0,88580
brooks,male,0.9,2521
bruce,male,1.0,217058
bruna,female,1.0,156104
brunella,female,0.99,7813
bruno,male,1.0,582643
bryan,male,1.0,316360
bryant,male,1.0,21903
bryar,male,0.93,167
bryce,male,0.97,9847
bryn,male,0.73,2338
bryna,female,0.99,956
brynjulf,male,0.96,22
brynle,male,0.5,2
brynmor,male,0.96,24
bryson,male,0.99,5730
bubacarr,male,0.99,404
buddhadeb,male,0.96,210
buddhapriya,male,0.67,1
buddhika,male,0.92,328
budhi,male,0.92,544
buell,male,0.95,147
bui,male,0.58,1462
bujiao,,0.0,0
bulat,male,0.95,1870
bulbul,male,0.76,2699
bulcsú,male,0.94,29
bulent,male,0.99,40271
bum,female,0.51,432
bum-hoon,,0.0,0
bumho,male,0.63,6
bumhyun,male,0.67,1
bumjoo,male,0.82,9
bumsig,,0.0,0
bun'ei,,0.0,0
bundit,male,0.95,123
bunyo,male,0.9,29
burak,male,0.98,156603
burcin,female,0.83,4332
burcu,female,0.97,35886
burigede,,0.0,0
burin,female,0.8,2882
burkard,male,0.96,88
burkay,male,0.98,883
burkhard,male,0.99,2399
burt,male,0.99,6234
burçin,female,0.83,4332
bushra,female,0.96,20211
buyang,male,0.8,8
buye,male,0.57,38
byeong,male,0.97,357
byeong-cheol,male,0.91,9
byeong-gon,male,0.75,2
byeong-gyu,male,0.8,3
byeong-hoo,,0.0,0
byeong-kweon,,0.0,0
byeonghee,male,0.83,10
byong-guk,,0.0,0
byonghyo,,0.0,0
byoung,male,0.97,382
byoung-chul,male,0.83,4
byoung-hee,male,0.67,1
byoungjoon,male,0.75,2
byron,male,1.0,57994
byung,male,0.97,1041
byung-cheol,male,0.83,4
byung-geel,,0.0,0
byung-hoon,male,0.92,10
byung-jun,male,0.94,14
byungchul,male,0.98,59
byunghan,male,0.88,6
byungjoo,male,0.94,29
byungjoon,male,0.97,34
byungki,male,0.95,19
byungmin,male,0.94,33
bálint,male,0.92,3809
bárbara,female,1.0,780533
bärbel,female,0.99,3898
béatrice,female,0.99,158699
béchir,male,0.98,13331
béla,female,0.65,10773
bérenger,male,0.98,1338
börge,male,0.98,521
börje,male,0.98,521
bülent,male,0.99,40271
błażej,male,1.0,2867
cagatay,male,0.98,5008
caglar,male,0.96,6551
cagri,male,0.96,5785
cai,male,0.6,2933
cai-chang,,0.0,0
cai-dian,,0.0,0
cai-na,,0.0,0
cai-zhuang,,0.0,0
caihua,female,0.8,43
caijun,male,0.67,16
caili,female,0.95,141
cailian,female,0.92,22
cailin,female,0.98,1605
cain,male,0.98,4732
caio,male,1.0,48373
cairong,female,0.67,16
caishen,male,0.89,7
caisheng,male,0.67,4
caitlin,female,1.0,76746
caius,male,0.99,873
caiwan,male,0.75,2
caiwen,female,0.71,22
calder,male,0.9,153
caleb,male,1.0,69126
calen,male,0.8,292
calin,male,0.89,6631
calisto,male,0.95,946
callie,female,0.99,14463
callum,male,1.0,39527
calum,male,1.0,10722
calvin,male,0.99,80129
cam,male,0.62,10374
cambyse,male,0.78,7
camelia,female,0.99,24571
cameron,male,0.94,35962
camil,male,0.7,1628
camila,female,0.99,286096
camilla,female,1.0,104541
camille,female,0.94,198783
camille-sophie,,0.0,0
camillo,male,0.99,8894
camilo,male,0.99,151995
campbell,male,0.83,1892
can,male,0.96,113786
can-li,,0.0,0
can-min,,0.0,0
can-ming,male,0.67,1
candan,male,0.53,3951
candice,female,1.0,65800
caner,male,0.98,31941
canhua,female,0.63,6
canio,male,0.99,1248
canli,male,0.89,94
canqi,male,0.5,6
canxin,male,0.57,5
canze,male,0.5,2
canzhu,,0.0,0
cao,male,0.62,1652
caolan,male,0.99,1005
caoxiang,,0.0,0
cara,female,0.98,47270
carani,male,0.67,13
carel,male,0.84,2137
caren,female,0.99,17847
carey,female,0.54,3962
cari,female,0.97,15402
carina,female,0.99,117532
carine,female,0.99,81720
carino,male,0.69,883
carl,male,1.0,211224
carl-fredrik,male,0.99,82
carl-henrik,male,0.99,95
carl-johan,male,0.99,416
carl-martin,male,0.95,17
carla,female,0.99,496605
carla-fabiana,,0.0,0
carlangelo,male,0.9,8
carlee,female,0.97,835
carles,male,0.99,9454
carleton,male,0.99,988
carlo,male,0.99,242558
carlos,male,1.0,2154944
carlos-jesús,,0.0,0
carlota,female,0.99,21231
carlotta,female,1.0,28672
carlton,male,1.0,14620
carly,female,0.99,52426
carme,female,0.97,7835
carmel,female,0.86,7194
carmela,female,0.99,93343
carmelita,female,0.99,12012
carmelo,male,0.99,83383
carmem,female,0.99,3197
carmen,female,0.99,482095
carmine,male,0.99,58455
carol,female,0.99,476483
carola,female,0.99,47474
carola-bibiane,,0.0,0
carole,female,0.99,166903
carole-jean,,0.0,0
carolin,female,0.99,23861
carolina,female,1.0,485729
caroline,female,1.0,482629
carolyn,female,1.0,174796
carrol,female,0.82,587
carsten,male,1.0,48983
carter,male,0.93,7121
cary,male,0.55,6241
caryl,female,0.83,1084
casey,male,0.6,27267
casian,male,0.88,369
casimir,male,0.97,3309
caslav,male,0.97,112
caspar,male,0.99,3685
casper,male,0.98,22918
cassandra,female,1.0,103150
cassidy,female,0.81,5186
cassie,female,0.99,47785
catalin,male,0.59,31991
catalin-mihai,male,0.89,7
catalina,female,0.99,111182
catarina,female,0.99,61755
caterina,female,1.0,86558
catharina,female,1.0,11192
catherine,female,1.0,489451
cathie,female,1.0,12237
cathryn,female,1.0,7332
cathy,female,1.0,262179
catia,female,0.99,49056
catriona,female,1.0,8059
catuscia,female,0.99,101
caucher,male,0.67,1
cauligi,,0.0,0
cayman,male,0.87,237
cayo,male,0.97,2188
ce,female,0.62,5333
ce-wen,,0.0,0
cecile,female,0.99,77896
cecilia,female,1.0,306089
cecilio,male,0.99,10491
cecília,female,1.0,306089
cedomir,male,0.99,330
cedric,male,0.99,151080
cees,male,0.99,7248
celesta,female,0.98,890
celia,female,0.99,143725
celimuge,male,0.67,1
celine,female,0.99,191285
celso,male,1.0,52874
cem,male,0.97,56421
cemil,male,0.98,28993
cen,male,0.64,889
cengiz,male,0.99,71256
cenk,male,0.98,25144
cenke,male,0.75,2
cenxi,,0.0,0
cephise,female,0.81,14
ceren,female,0.98,35306
cesar,male,1.0,440605
cesare,male,1.0,34208
cewen,male,0.83,4
ceyhun,male,0.98,10185
cezar,male,0.99,13463
cezary,male,1.0,6231
chacko,male,0.97,592
chad,male,1.0,146211
chadi,male,0.96,7782
chadwick,male,1.0,3274
chae-yeun,,0.0,0
chaebin,female,0.8,3
chaehyun,female,0.63,22
chafiq,male,0.96,483
chahan,male,0.92,22
chai,female,0.51,12281
chaiho,male,0.5,2
chaim,male,0.97,4402
chainarong,male,0.97,138
chaitali,female,0.99,726
chaitanya,male,0.99,20120
chaiyong,male,0.82,31
chak,male,0.85,1314
chakali,male,0.93,128
chakkrit,male,0.98,52
chaman,male,0.92,1657
chan,male,0.61,45762
chan-byoung,,0.0,0
chan-gyung,,0.0,0
chan-ho,male,0.95,17
chan-kao,,0.0,0
chana,female,0.91,5745
chanchal,male,0.7,2031
chanda,female,0.94,9149
chandan,male,0.99,50173
chandana,male,0.59,2218
chander,male,0.98,7148
chandini,female,0.98,1762
chandler,male,0.8,3860
chandra,female,0.81,74869
chandrachur,male,0.94,14
chandradeep,male,0.95,84
chandrakana,female,0.67,1
chandralekha,female,0.82,64
chandraman,male,0.94,31
chandramouli,male,0.98,203
chandranandan,male,0.67,1
chandrasekhar,male,0.99,662
chandrasheel,male,0.75,2
chandrashekar,male,0.97,525
chandrashekhar,male,0.99,1132
chandreyee,female,0.67,19
chandrima,female,0.9,152
chandrodoy,,0.0,0
chang,male,0.68,10839
chang-an,male,0.8,3
chang-beom,male,0.67,1
chang-geng,,0.0,0
chang-goo,,0.0,0
chang-hwan,male,0.95,17
chang-jian,,0.0,0
chang-jiang,male,0.67,1
chang-jong,male,0.67,1
chang-kang,,0.0,0
chang-kui,,0.0,0
chang-lin,male,0.8,3
chang-ling,female,0.67,1
chang-min,male,0.95,18
chang-ock,,0.0,0
chang-pu,,0.0,0
chang-qing,male,0.67,1
chang-rui,,0.0,0
chang-seong,male,0.83,4
chang-sheng,male,0.75,2
chang-shou,male,0.67,1
chang-shui,,0.0,0
chang-song,male,0.67,1
chang-tse,,0.0,0
chang-xin,,0.0,0
chang-yong,male,0.89,7
chang-yu,male,0.83,10
chang-yuan,,0.0,0
chang-zheng,,0.0,0
changan,male,0.88,31
changbao,male,0.91,9
changbiao,male,0.75,2
changbo,male,0.88,23
changbom,,0.0,0
changbong,male,0.75,2
changchang,female,0.6,38
changchen,male,0.8,8
changchuan,male,0.89,7
changchun,male,0.94,46
changda,male,0.93,13
changfeng,male,0.88,32
changfu,male,0.93,43
changgan,male,0.83,4
changgen,male,0.83,4
changgu,male,0.78,7
changguang,male,0.89,7
changha,male,0.75,14
changhao,male,0.94,50
changhe,male,0.93,13
changhee,male,0.83,101
changho,male,0.99,166
changhong,male,0.65,49
changhoon,male,0.99,81
changhua,male,0.7,41
changhuei,male,0.8,3
changhui,male,0.77,33
changhun,male,0.98,47
changhyoup,,0.0,0
changhyun,male,0.97,129
changick,male,0.86,5
changji,male,0.67,4
changjia,male,0.5,2
changjian,male,0.88,24
changjiang,male,0.95,56
changjun,male,0.96,73
changkeun,male,0.94,16
changkui,male,0.75,6
changkun,male,0.88,14
changle,male,0.82,20
changli,male,0.76,36
changliang,male,0.95,17
changling,male,0.5,20
changliu,male,0.67,4
changlong,male,0.98,51
changmin,male,0.95,163
changming,male,0.96,49
changpeng,male,0.88,15
changqing,male,0.85,99
changsheng,male,0.96,65
changshuo,male,0.88,6
changsong,male,0.92,22
changsu,male,0.92,47
changtao,male,0.83,4
changwei,male,0.93,57
changwoo,male,0.99,91
changxi,male,0.77,11
changxiang,male,0.86,5
changxin,male,0.91,21
changxing,male,0.86,20
changyang,male,0.88,6
changyeob,male,0.88,6
changyeon,male,0.89,17
changyin,male,0.67,7
changyong,male,0.98,79
changyou,male,0.86,19
changyoung,male,0.97,29
changyu,male,0.83,56
changyuan,male,0.88,24
changyun,male,0.88,31
changzhao,male,0.86,5
changzhen,male,0.62,11
changzheng,male,0.94,16
changzhi,male,0.81,14
chanju,female,0.55,36
channon,female,0.63,178
chanseok,male,0.88,6
chansup,male,0.67,1
chantal,female,0.99,176963
chantanelle,female,0.67,1
chanwoo,male,0.99,109
chanyeol,male,0.62,154
chanying,female,0.75,6
chanyong,male,0.87,28
chao,male,0.83,3880
chao-chin,,0.0,0
chao-guang,,0.0,0
chao-hsi,male,0.67,1
chao-hua,male,0.67,1
chao-jun,female,0.67,1
chao-kai,male,0.8,3
chao-lin,male,0.5,2
chao-ling,female,0.83,4
chao-ming,male,0.8,3
chao-ni,,0.0,0
chao-nien,,0.0,0
chao-ping,female,0.67,1
chao-qiang,,0.0,0
chao-wei,male,0.75,6
chao-xing,female,0.67,1
chao-yang,male,0.83,4
chao-yu,male,0.67,4
chao-yun,female,0.67,1
chao-zhong,,0.0,0
chaobiao,,0.0,0
chaodong,male,0.89,7
chaoen,male,0.75,2
chaofei,male,0.88,6
chaofeng,male,0.89,36
chaohan,male,0.88,6
chaohao,male,0.93,12
chaohong,male,0.69,14
chaohui,male,0.65,47
chaojie,male,0.9,37
chaojin,male,0.86,5
chaojing,male,0.58,10
chaolong,male,0.95,17
chaomei,female,0.91,9
chaoping,male,0.71,15
chaoqun,male,0.67,77
chaoran,male,0.71,80
chaouqi,male,0.9,61
chaowei,male,0.86,35
chaoxi,male,0.78,7
chaoxing,male,0.83,10
chaoyang,male,0.81,67
chaoyi,male,0.67,87
chaoyu,male,0.76,44
chapin,male,0.94,557
charalambos,male,0.99,481
charalampos,male,1.0,512
charanjit,male,0.77,1494
charanjot,male,0.71,12
charanya,female,0.8,83
charbel,male,0.99,14923
charis,female,0.87,7436
charith,male,0.94,2159
charlene,female,1.0,96771
charles,male,1.0,575070
charles-albert,male,0.98,41
charles-antoine,male,0.99,319
charles-edouard,male,0.99,255
charles-henri,male,0.99,504
charlette,female,0.99,2205
charley,male,0.56,5898
charli,male,0.8,5986
charlie,male,0.85,87375
charline,female,0.99,21744
charling,female,0.76,39
charlott,female,0.98,1226
charlotte,female,0.99,308036
charlène,female,1.0,96771
charu,female,0.98,9314
chase,male,0.99,42834
chassidy,female,0.99,933
chathika,female,0.6,3
chathurangi,female,0.82,15
chau,male,0.52,3464
chavit,male,0.83,21
chaya,female,0.97,5249
chayan,male,0.96,943
chayne,male,0.64,79
che,male,0.57,19824
che-ming,male,0.88,6
che-yu,male,0.89,7
chee,male,0.77,8340
chee-kong,male,0.67,1
cheikh,male,0.98,15123
chelsea,female,0.99,109051
chen,male,0.52,26590
chen-chih,male,0.83,4
chen-ching,female,0.75,2
chen-fatt,,0.0,0
chen-feng,male,0.6,3
chen-hsuan,female,0.67,4
chen-huan,,0.0,0
chen-kai,male,0.83,4
chen-long,,0.0,0
chen-lung,male,0.67,1
chen-pin,,0.0,0
chen-song,,0.0,0
chen-te,male,0.6,3
chen-xu,,0.0,0
chen-xun,,0.0,0
chen-yen,male,0.67,4
chen-yu,male,0.71,32
chenbo,male,0.9,18
chenchang,male,0.5,4
chenchao,male,0.93,28
chenchen,female,0.77,367
chencheng,male,0.5,32
chenda,female,0.93,641
chendong,male,0.84,23
chene,female,0.67,360
chenfanfu,,0.0,0
chenfeng,male,0.8,39
cheng,male,0.63,13219
cheng-an,male,0.83,4
cheng-cheng,female,0.83,10
cheng-chien,male,0.67,1
cheng-gang,male,0.67,1
cheng-hua,male,0.67,4
cheng-jian,,0.0,0
cheng-ju,male,0.83,4
cheng-jun,female,0.67,1
cheng-kui,,0.0,0
cheng-li,male,0.67,1
cheng-long,male,0.75,2
cheng-maw,,0.0,0
cheng-min,male,0.67,1
cheng-ming,male,0.86,5
cheng-mo,,0.0,0
cheng-ping,female,0.67,1
cheng-qiu,,0.0,0
cheng-qun,,0.0,0
cheng-shang,,0.0,0
cheng-tai,male,0.8,3
cheng-wei,male,0.91,33
cheng-xiang,,0.0,0
cheng-yi,male,0.86,19
cheng-yong,,0.0,0
cheng-yu,male,0.88,31
cheng-zhen,,0.0,0
cheng-zhi,,0.0,0
cheng-zong,,0.0,0
chengbao,male,0.86,5
chengbin,male,0.97,37
chengbo,male,0.88,23
chengcai,male,0.86,20
chengchao,male,0.75,10
chengcheng,female,0.75,289
chengchun,male,0.73,9
chengdong,male,0.92,37
chengfa,male,0.89,7
chengfei,male,0.94,29
chengfeng,male,0.86,48
chengfu,male,0.86,19
chenggang,male,0.97,32
chenggui,male,0.78,7
chenghao,male,0.94,102
chenghe,male,0.69,11
chenghua,male,0.73,61
chengjie,male,0.83,79
chengjin,male,0.63,17
chengjun,male,0.89,72
chengkang,male,0.9,18
chengkui,male,0.88,6
chengkun,male,0.86,26
chengliang,male,0.91,56
chenglin,male,0.78,76
chenglong,male,0.99,123
chenglu,male,0.75,22
chengmin,male,0.86,26
chengming,male,0.88,47
chengpeng,male,0.83,28
chengping,female,0.56,16
chengqing,male,0.73,13
chengqun,male,0.67,1
chengrong,male,0.5,14
chengrui,male,0.7,18
chengshan,male,0.77,11
chengshi,female,0.6,8
chengshu,male,0.57,5
chengshuai,male,0.75,2
chengtian,male,0.92,11
chenguang,male,0.89,87
chengwen,male,0.85,46
chengxi,male,0.73,50
chengxian,male,0.75,14
chengxiang,male,0.71,29
chengxin,male,0.76,36
chengxing,male,0.67,10
chengyan,male,0.53,34
chengye,male,0.81,24
chengyi,male,0.61,83
chengyin,female,0.56,16
chengying,female,0.64,26
chengyong,male,0.9,38
chengyu,male,0.77,118
chengyuan,male,0.9,58
chengyun,male,0.74,25
chengze,male,0.88,14
chengzheng,male,0.64,9
chengzhong,male,0.93,12
chengzhuo,male,0.83,4
chenhang,male,0.91,9
chenhao,male,0.95,90
chenhaoping,,0.0,0
chenhuang,,0.0,0
chenhui,male,0.72,92
chenjiang,male,0.67,1
chenjie,male,0.66,62
chenkai,male,0.9,29
chenlei,male,0.5,28
chenliang,male,0.9,27
chenlin,female,0.53,51
chenlu,female,0.88,58
chenmin,male,0.52,21
chennakesava,male,0.69,14
chennan,male,0.81,24
chenni,male,0.6,89
chennupati,male,0.6,18
chenoa,female,0.99,1076
chenqiang,male,0.88,6
chenrong,female,0.64,9
chenrui,female,0.6,13
chentao,male,0.87,13
chenwei,male,0.71,97
chenxi,female,0.91,1215
chenxiang,male,0.83,27
chenxiao,male,0.53,34
chenxing,male,0.6,43
chenxu,male,0.66,36
chenyang,male,0.71,168
chenye,male,0.5,26
chenyu,male,0.63,206
chenyun,male,0.5,18
chenzhang,male,0.75,2
chenzhong,male,0.88,6
chenzhou,male,0.86,12
cheol-ho,male,0.86,5
cheol-hwan,male,0.8,3
cheol-hyun,male,0.83,4
cheolhee,male,0.81,14
cheongho,male,0.75,2
cherie,female,1.0,28690
cherif,male,0.96,23442
cherry,female,0.97,52445
chervin,male,0.84,29
cheryl,female,1.0,245790
chester,male,0.99,18706
chet,male,0.99,9449
chetan,male,1.0,49565
chetana,female,0.99,2699
chethan,male,1.0,5613
chetna,female,0.97,1154
cheuk,male,0.72,710
cheuk-yin,male,0.5,2
chhagan,male,0.95,249
chi,male,0.55,18864
chi-an,female,0.78,34
chi-cheng,male,0.88,6
chi-chun,male,0.83,10
chi-fang,female,0.67,1
chi-feng,male,0.91,9
chi-hang,male,0.89,7
chi-ho,male,0.94,14
chi-jen,male,0.64,9
chi-keung,male,0.95,20
chi-kwan,male,0.86,5
chi-kwong,male,0.89,7
chi-ming,male,0.93,27
chi-ning,female,0.6,3
chi-shung,male,0.67,1
chi-ting,male,0.57,5
chi-wang,male,0.83,4
chi-wing,male,0.85,11
chi-yan,male,0.6,3
chi-yong,female,0.67,1
chi-yun,male,0.55,9
chia,male,0.5,8444
chia-che,male,0.83,4
chia-feng,male,0.62,11
chia-fu,male,0.6,3
chia-hao,male,0.96,23
chia-hsien,male,0.83,4
chia-hsun,female,0.6,3
chia-min,female,0.73,9
chia-nan,male,0.8,3
chia-seng,,0.0,0
chia-wei,male,0.66,66
chia-ying,female,0.87,29
chia-yu,female,0.63,54
chiaki,female,0.94,2129
chian-chou,,0.0,0
chiang-mei,,0.0,0
chiara,female,1.0,253618
chichuan,male,0.63,6
chieh-an,female,0.75,2
chieh-chi,,0.0,0
chien,male,0.9,5217
chien-cheng,male,0.88,6
chien-chung,male,0.92,11
chien-hao,male,0.92,10
chien-hsiu,female,0.67,1
chien-lung,male,0.67,1
chien-sheng,male,0.86,5
chien-te,male,0.83,4
chien-thang,,0.0,0
chien-ting,male,0.82,9
chien-yeah,,0.0,0
chien-yi,male,0.56,14
chien-ying,male,0.57,5
chieu-minh,,0.0,0
chifu,male,0.63,173
chigo,male,0.75,257
chih,male,0.97,2639
chih-chun,male,0.78,21
chih-duo,,0.0,0
chih-hao,male,0.98,41
chih-hung,male,0.91,21
chih-kang,male,0.89,7
chih-li,male,0.83,4
chih-pan,male,0.67,1
chih-sung,,0.0,0
chih-ting,male,0.5,12
chih-wei,male,0.95,58
chih-whi,,0.0,0
chih-yuan,male,0.96,24
chiheb,male,0.97,5111
chihiro,female,0.93,2589
chiho,female,0.52,555
chihomi,female,0.85,11
chihway,,0.0,0
chii-dong,,0.0,0
chijie,male,0.8,3
chijin,male,0.75,2
chik,male,0.54,1779
chikako,female,0.98,527
chikara,female,0.63,574
chikatoshi,male,0.8,3
chike,male,0.98,3449
chiko,male,0.9,2851
chikun,male,0.87,65
chima,male,0.87,8766
chin,male,0.75,30054
chin-fei,,0.0,0
chin-ping,male,0.5,2
chin-teng,male,0.67,1
chin-wei,male,0.87,13
chin-yao,female,0.75,2
chin-yu,male,0.69,11
chinami,female,0.97,106
ching,female,0.64,9207
ching-hao,male,0.88,6
ching-kai,male,0.75,2
ching-lun,male,0.8,3
ching-pei,,0.0,0
ching-ray,male,0.67,1
ching-wei,male,0.82,20
ching-wu,,0.0,0
ching-yi,female,0.81,25
chinh,male,0.92,2589
chinmay,male,1.0,8323
chinmaya,male,0.89,354
chinmayananda,male,0.8,3
chinmoy,male,0.98,601
chintan,male,1.0,9479
chintha,female,0.6,166
chinthaka,male,0.98,495
chiraag,male,1.0,402
chirag,male,1.0,33633
chiranjeeb,male,0.95,40
chiranjib,male,0.99,154
chiranjit,male,0.97,685
chisa,female,0.9,859
chita,female,0.71,1144
chithrabhanu,male,0.86,5
chitraang,male,0.75,2
chitrang,male,0.97,37
chittaranjan,male,0.98,400
chiu,male,0.66,3055
chiu-chu,,0.0,0
chiun-chang,,0.0,0
chiun-yan,,0.0,0
chiung,male,0.51,39
chiung-yu,,0.0,0
chiwai,male,0.95,479
chiye,female,0.9,39
chloe,female,0.99,158230
chloé,female,0.99,158230
chloë,female,0.99,158230
cho-tung,,0.0,0
chol-hui,,0.0,0
chol-jun,,0.0,0
chol-kyu,,0.0,0
chol-song,,0.0,0
chon-fai,,0.0,0
chong,male,0.64,20830
chong-bin,,0.0,0
chong-chung,,0.0,0
chong-sun,female,0.67,1
chong-xing,male,0.67,1
chongchun,male,0.9,8
chongde,male,0.89,7
chonghan,male,0.92,10
chongjun,male,0.83,10
chongli,male,0.63,14
chongqing,male,0.83,4
chongsheng,male,0.86,5
chongwen,male,0.92,11
chongxin,male,0.67,7
chongying,female,0.73,9
chongyun,male,0.5,6
chongze,male,0.8,3
choong,male,0.65,2401
choongjae,male,0.83,4
choongyu,male,0.75,2
choonkil,,0.0,0
chorng-yuan,,0.0,0
chow-choong,,0.0,0
chowdhury,male,0.87,1613
chris,male,0.91,558616
chrisna,female,0.85,395
christa,female,1.0,48878
christel,female,0.99,45839
christelle,female,0.99,142598
christene,female,0.99,1588
christiaan,male,1.0,12749
christian,male,0.99,926346
christian-marcel,male,0.67,1
christiana,female,0.99,22959
christiane,female,0.99,94365
christianne,female,0.99,4666
christie,female,0.99,42657
christin,female,0.96,12503
christina,female,1.0,403416
christine,female,1.0,668058
christo,male,0.99,12784
christof,male,1.0,10370
christoff,male,0.99,1022
christoffer,male,1.0,14192
christoforos,male,0.99,497
christoph,male,1.0,89527
christophe,male,1.0,307832
christopher,male,1.0,661393
christophoros,male,0.98,86
christos,male,1.0,28597
christy,female,0.98,96222
chrysa,female,1.0,1502
chrysafis,male,0.9,8
chrysanthi,female,0.99,217
chrysostomos,male,0.97,91
chrysoula,female,1.0,893
chryssa,female,1.0,686
chryssis,male,0.67,1
chrystopher,male,1.0,294
chu,male,0.77,14226
chu-chun,female,0.86,5
chu-feng,,0.0,0
chuan,male,0.85,2201
chuan-chi,male,0.67,1
chuan-feng,male,0.67,1
chuan-hung,,0.0,0
chuan-jui,male,0.67,1
chuan-ming,male,0.67,1
chuan-peng,,0.0,0
chuan-ren,,0.0,0
chuan-yin,,0.0,0
chuanan,male,0.83,4
chuanbing,male,0.67,1
chuanchang,male,0.83,4
chuancun,,0.0,0
chuandong,male,0.93,13
chuanfei,male,0.86,5
chuanfeng,male,0.67,16
chuang,male,0.7,488
chuang-han,,0.0,0
chuangjie,,0.0,0
chuanhong,male,0.53,15
chuanhou,,0.0,0
chuanjing,male,0.75,2
chuanju,male,0.6,3
chuanming,male,0.86,12
chuanpeng,male,0.6,3
chuanpu,male,0.67,1
chuanqi,male,0.89,25
chuanshan,male,0.5,2
chuanting,female,0.8,3
chuanwei,male,0.92,34
chuanxi,male,0.78,7
chuanxiang,male,0.71,5
chuanxu,male,0.71,5
chuanya,,0.0,0
chuanyang,male,0.9,8
chuanyi,male,0.83,21
chuanying,female,0.71,15
chuanyu,male,0.64,31
chuanzeng,male,0.8,3
chuanzhong,,0.0,0
chuchu,female,0.59,1144
chueng-ryong,,0.0,0
chuhong,female,0.71,12
chui-ping,female,0.67,1
chui-zhen,,0.0,0
chul,male,0.97,644
chul-hee,male,0.6,3
chul-ho,male,0.94,14
chul-moon,,0.0,0
chul-sik,male,0.75,2
chulan,male,0.71,33
chulkwang,,0.0,0
chulong,male,0.75,6
chulwoo,male,0.98,54
chun,male,0.73,8599
chun-bo,,0.0,0
chun-cheng,male,0.89,7
chun-chia,male,0.83,4
chun-e,,0.0,0
chun-fang,female,0.78,7
chun-gang,,0.0,0
chun-hao,male,0.95,19
chun-hua,male,0.5,6
chun-hui,female,0.71,5
chun-hung,male,0.96,21
chun-hwey,,0.0,0
chun-jiong,,0.0,0
chun-ju,male,0.64,9
chun-khiang,,0.0,0
chun-kit,male,0.94,14
chun-kong,male,0.67,1
chun-mei,female,0.71,5
chun-ming,male,0.83,16
chun-qian,,0.0,0
chun-sheng,male,0.67,4
chun-shing,male,0.75,2
chun-wang,male,0.67,1
chun-wei,male,0.93,38
chun-xiao,female,0.67,1
chun-xuan,,0.0,0
chun-yen,male,0.7,18
chun-yuan,male,0.9,8
chun-yueh,,0.0,0
chunchi,male,0.58,36
chundong,male,0.92,11
chuneeta,,0.0,0
chunfeng,male,0.69,68
chung,male,0.74,8763
chung-chi,male,0.5,2
chung-chuan,,0.0,0
chung-han,male,0.94,14
chung-horng,,0.0,0
chung-hou,,0.0,0
chung-hsiang,male,0.67,1
chung-i,male,0.67,1
chung-kil,,0.0,0
chung-lin,male,0.9,8
chung-pei,,0.0,0
chung-shou,male,0.67,1
chung-uk,male,0.75,2
chung-yu,male,0.83,10
chung-yun,male,0.67,1
chungang,male,0.78,7
chungha,female,0.8,13
chunglee,female,0.56,7
chungsik,male,0.9,8
chunguang,male,0.92,47
chungwei,male,0.86,12
chunhai,male,0.89,26
chunhan,male,0.62,19
chunhao,male,0.93,56
chunhe,male,0.78,16
chunhua,female,0.74,244
chunhui,male,0.66,147
chunjian,male,0.84,17
chunjie,male,0.71,50
chunjing,female,0.77,20
chunjun,male,0.67,16
chunkai,male,0.97,27
chunlan,female,0.94,95
chunlei,male,0.76,125
chunli,female,0.81,115
chunlin,male,0.73,96
chunling,female,0.86,74
chunlong,male,0.99,66
chunmei,female,0.98,218
chunming,male,0.94,170
chunnong,male,0.67,1
chunqiang,male,0.8,8
chunqing,male,0.6,33
chunqiu,male,0.57,12
chunrong,female,0.53,36
chunruo,,0.0,0
chunshan,male,0.83,22
chunsheng,male,0.91,55
chunxiang,female,0.73,64
chunxiao,female,0.6,71
chunxu,male,0.5,12
chunyan,female,0.91,326
chunyang,male,0.77,98
chunyao,male,0.57,12
chunyi,female,0.55,89
chunyin,male,0.89,201
chunyou,male,0.85,11
chunyu,male,0.62,232
chunyue,female,0.62,27
chupeng,male,0.67,7
chuqi,female,0.61,34
churna,male,0.93,27
chusei,male,0.5,4
chushun,,0.0,0
chuyao,female,0.71,19
chuying,female,0.84,36
chuyu,female,0.69,24
chuzhong,male,0.67,1
ci,female,0.52,2955
ciaran,male,0.99,8334
ciarán,male,0.99,8334
cicek,female,0.91,4262
cid,male,0.77,1456
cigdem,female,0.98,18353
cihan,male,0.96,40061
cillian,male,0.99,1729
cindy,female,1.0,477019
cinthia,female,1.0,47179
cinthya,female,1.0,26550
cinzia,female,1.0,98183
ciprian,male,1.0,18570
ciriaco,male,0.99,1979
ciro,male,0.99,84564
claas,male,0.99,630
claes,male,0.97,2494
claire,female,1.0,341760
clancy,male,0.61,418
clara,female,0.99,247246
clare,female,0.99,24900
clarence,male,0.97,32163
clarina,female,0.99,532
clarissa,female,1.0,40894
clarisse,female,0.99,27820
clark,male,0.99,27657
clas,male,0.93,557
claude,male,0.93,161289
claude-andre,male,0.95,19
claude-andré,male,0.95,19
claudia,female,0.99,957782
claudianor,male,0.83,4
claudine,female,0.99,66346
claudio,male,1.0,429320
claudiu,male,0.99,10764
claudius,male,0.99,3759
claus,male,0.96,33323
claus-dieter,male,0.99,120
clay,male,0.99,29340
clayton,male,1.0,50490
cleaven,male,0.99,72
cleber,male,0.99,4842
clebson,male,0.99,497
clemence,female,0.96,16427
clemens,male,0.99,12064
clement,male,0.99,94704
clementa,female,0.97,76
cleon,male,0.92,472
cleverson,male,0.99,1970
cliff,male,1.0,42921
clifford,male,0.99,33247
clint,male,1.0,40348
clinton,male,0.99,34181
clive,male,1.0,38998
clivia,female,0.99,263
cliò,female,0.67,1770
clotilde,female,1.0,34117
clovis,male,0.97,5743
cláudio,male,1.0,429320
clécio,male,0.99,777
clémence,female,0.96,16427
clément,male,0.99,94704
clémentine,female,0.99,33787
clóves,male,0.97,314
cody,male,0.99,100238
coel,male,0.93,121
coen,male,0.99,7887
coenraad,male,0.99,286
colby,male,0.92,4688
cole,male,0.98,39480
coleman,male,0.99,4847
colette,female,1.0,53944
colin,male,1.0,178285
colleen,female,1.0,105266
collin,male,0.99,29615
colm,male,1.0,10014
colm-cille,,0.0,0
colton,male,1.0,16117
colva,male,0.5,4
comfort,female,0.92,19342
comlan,male,0.94,210
concettina,female,0.99,1288
conchita,female,0.99,12233
conel,male,0.86,68
cong,male,0.95,6583
cong-feng,,0.0,0
cong-zhan,,0.0,0
congcong,female,0.72,88
conghui,female,0.67,19
congjun,male,0.9,8
congkao,,0.0,0
congkuan,,0.0,0
congliang,male,0.8,3
congming,male,0.78,7
congpei,male,0.67,1
congqiao,,0.0,0
congshan,female,0.63,6
congwei,male,0.71,15
congwen,male,0.67,7
congyao,female,0.57,5
congyu,male,0.61,16
congzhan,,0.0,0
connie,female,1.0,162708
connor,male,1.0,77533
conny,female,0.89,24780
conor,male,1.0,39945
conrad,male,1.0,24789
conrado,male,1.0,10162
constance,female,0.99,40363
constant,male,0.95,3740
constantia,female,0.98,108
constantin,male,0.97,34264
constantin-cosmin,male,0.89,7
constantine,male,0.96,6805
constantino,male,0.99,8721
constantinos,male,1.0,5274
constanza,female,1.0,37192
constanze,female,0.98,1930
constança,female,1.0,841
cooper,male,0.98,11199
cor-paul,male,0.8,3
cora,female,0.98,28059
coral,female,0.98,19141
coralia,female,0.99,1994
coralie,female,0.99,50101
corbinian,male,0.98,42
cord,male,0.99,1650
cordian,male,0.88,14
corentin,male,1.0,33986
corey,male,0.96,27411
corina,female,0.99,49686
corinna,female,0.99,24650
corinne,female,0.99,139955
coriolan,male,0.88,76
cormac,male,1.0,4994
cornel,male,0.98,12399
cornelia,female,0.99,43928
cornelis,male,0.99,4349
cornelius,male,0.99,16014
corrado,male,1.0,34125
corwin,male,0.99,1573
cory,male,0.86,21979
coryn,female,0.95,579
cosima,female,0.99,2949
cosimo,male,0.99,38143
coskun,male,0.98,13792
cosme,male,0.99,9217
cosmin,male,0.99,13506
cosmo,male,0.96,5637
costante,male,0.96,296
costantino,male,0.99,11927
costanza,female,0.99,6836
costas,male,0.99,7099
costel,male,0.99,9535
costin,male,0.91,2373
courtney,female,0.9,38993
covadonga,female,0.99,1362
craig,male,1.0,294681
crenguta,female,0.98,227
crescenzo,male,1.0,2532
cresshim,,0.0,0
crichton,male,0.96,91
crina,female,0.98,3360
cris,female,0.64,76058
crispin,male,0.99,6187
cristel,female,0.98,7638
cristhiam,male,0.97,505
cristhian,male,0.99,46595
cristhiano,male,0.95,98
cristian,male,0.99,537446
cristian-alexandru,male,0.92,10
cristian-ioan,male,0.83,4
cristiana,female,0.99,38844
cristiane,female,0.99,14742
cristiano,male,1.0,99108
cristin,female,0.77,2275
cristina,female,0.99,756538
cristobal,male,0.99,47048
cristopher,male,0.99,22332
cristóbal,male,0.99,47048
cruz,male,0.64,19777
crystal,female,0.99,179725
csaba,male,0.99,18338
csilla,female,1.0,12909
ctirad,male,0.97,193
cui,female,0.57,1008
cui-xian,,0.0,0
cui-ying,,0.0,0
cui-zu,,0.0,0
cuihong,female,0.91,21
cuihua,female,0.97,31
cuiling,female,0.98,62
cuipo,,0.0,0
cuixiang,female,0.91,9
cuiying,female,0.98,39
cuiyu,female,0.91,21
cuiyun,female,0.96,25
cullan,male,0.99,165
cullen,male,0.98,4139
cumrun,male,0.67,1
cun-hui,,0.0,0
cunhua,male,0.75,2
cunjun,male,0.75,2
cunlai,,0.0,0
cunsheng,male,0.67,1
cuong,male,0.99,8181
cupjin,male,0.67,1
curt,male,1.0,25904
curtis,male,1.0,78141
cy,male,0.78,9916
cyndia,female,0.98,581
cynthia,female,1.0,346703
cyprian,male,0.99,4883
cyprien,male,0.99,2870
cyriaque,male,0.97,905
cyrielle,female,0.99,8741
cyril,male,0.99,109915
cyrill,male,0.97,2599
cyrille,male,0.95,20125
cyrus,male,0.99,16296
cándido,male,0.99,12614
cécile,female,0.99,77896
cécilia,female,1.0,306089
cédric,male,0.99,151080
célestin,male,0.98,5357
célia,female,0.99,143725
céline,female,0.99,191285
césar,male,1.0,440605
cícero,male,0.99,21390
cónall,male,0.99,970
cüneyt,male,0.99,13515
cătălin,male,0.59,31991
d'artis,,0.0,0
da,male,0.61,31853
da-bin,female,0.56,7
da-cheng,,0.0,0
da-chuan,,0.0,0
da-chun,,0.0,0
da-jian,,0.0,0
da-jun,male,0.75,2
da-ming,,0.0,0
da-shin,,0.0,0
da-shuai,,0.0,0
da-wei,male,0.91,9
da-wu,,0.0,0
daan,male,0.97,24848
dabeen,female,0.64,9
dabin,male,0.81,436
dacen,male,0.91,20
dachao,male,0.87,13
dacheng,male,0.97,37
dachuan,male,0.97,30
dachun,male,0.93,12
daciberg,,0.0,0
dadi,male,0.82,12963
dae,male,0.81,1889
dae-hyeok,,0.0,0
dae-sik,male,0.89,7
dae-won,male,0.86,5
daegeun,male,0.97,34
daehan,male,0.97,69
daeho,male,0.99,120
daehun,male,0.97,29
daehyeon,male,0.97,29
daehyun,male,0.97,160
daejun,male,0.94,14
daekil,male,0.83,4
daekyoung,male,0.86,5
daekyung,male,0.87,13
daen,male,0.77,211
daeseong,male,0.89,26
daeun,female,0.98,598
daewa,male,0.75,6
daewon,male,0.98,121
daewoong,male,0.98,59
daeyeol,male,0.92,10
dafa,male,0.72,429
dafei,male,0.89,25
dafiné,female,0.87,61
dafne,female,0.99,13284
dag,male,0.96,9586
dagmar,female,0.99,43031
dagoberto,male,1.0,13091
dagomir,male,0.67,7
dags,male,0.75,66
dahai,male,0.94,107
dahisy,female,0.75,2
dahlia,female,0.99,8668
dahuai,,0.0,0
dai,male,0.54,6105
dai-mei,,0.0,0
dai-wei,,0.0,0
daichi,male,0.99,1378
daicui,,0.0,0
daigo,male,0.98,402
daigorou,male,0.67,1
daiji,male,0.82,87
daijiro,male,0.99,121
daiju,male,0.97,60
daiki,male,0.99,2186
daikichi,male,0.88,15
daikou,male,0.6,3
daiming,male,0.86,5
daining,female,0.71,5
dainis,male,0.89,464
daiqin,,0.0,0
daisaku,male,0.98,105
daisuke,male,1.0,8780
daitao,male,0.5,2
daiwei,male,0.82,37
daiyu,male,0.66,30
daizhan,male,0.67,1
daizhong,,0.0,0
dajun,male,0.99,182
dalal,female,0.97,20574
dale,male,0.92,30668
dalei,male,0.72,38
dali,male,0.81,27922
dalia,female,0.99,88111
dalibor,male,1.0,15086
dalila,female,0.99,50852
dalimil,male,0.96,110
dalini,female,0.82,20
dalip,male,0.96,1100
dallas,male,0.84,5599
dalu,male,0.65,467
dalya,female,0.96,3667
dalziel,male,0.95,55
dam,male,0.91,8426
damanvir,male,0.83,4
damaris,female,0.99,24929
damaz,male,0.93,13
damek,male,0.96,80
dameli,female,0.97,112
dami,female,0.52,6524
damian,male,0.99,172455
damiano,male,1.0,33708
damianos,male,0.99,289
damien,male,1.0,157527
damilola,female,0.66,7371
daming,male,0.9,82
damir,male,0.99,25193
damith,male,0.92,593
damià,female,0.81,3348
damián,male,0.99,172455
damião,male,0.99,3457
damjan,male,0.99,1845
damjana,female,0.98,303
damla,female,0.97,31282
damon,male,1.0,33758
dan,male,0.99,552930
dan-andrei,male,0.91,9
dan-bo,,0.0,0
dan-dan,male,0.73,31
dan-virgil,male,0.75,2
dan-wei,,0.0,0
dan-xia,,0.0,0
dana,female,0.94,122260
danai,female,0.77,1141
danail,male,0.99,1480
dancheng,male,0.5,2
danda,female,0.53,714
dandan,female,0.58,1527
dane,male,0.95,25062
danel,male,0.82,1744
daneng,male,0.6,3
danesh,male,0.97,1875
danfeng,female,0.83,62
dang,male,0.54,3239
dang-zheng,,0.0,0
danho,male,0.72,91
danhong,female,0.89,33
dani,male,0.75,163776
danial,male,0.98,21029
danica,female,0.99,17432
daniel,male,0.99,2473313
daniel-ioan,male,0.88,6
daniela,female,0.99,774198
daniele,male,0.91,230584
daniella,female,0.99,47031
danielle,female,1.0,375306
daniil,male,0.99,9359
danijel,male,1.0,13476
danijela,female,0.99,19507
danil,male,0.98,12719
danila,female,0.74,10438
danilo,male,1.0,179284
danis,male,0.67,3607
danish,male,0.98,36059
daniël,male,0.99,2473313
danka,female,0.98,6537
danko,male,0.96,1425
danley,male,0.95,206
danna,female,0.98,30857
danning,female,0.8,53
danny,male,0.96,351690
dano,male,0.81,3905
danping,female,0.87,51
danqing,female,0.73,53
danrui,female,0.8,8
dante,male,0.99,57804
danupon,male,0.92,11
danwei,female,0.81,29
dany,male,0.67,95644
danyal,male,0.94,2565
danying,female,0.86,33
danylo,male,1.0,1403
danyo,male,0.92,121
dao,male,0.56,2402
dao-jun,,0.0,0
dao-xin,,0.0,0
daochen,male,0.75,2
daodao,male,0.57,19
daofei,male,0.6,3
daohai,male,0.8,3
daohan,male,0.9,8
daohong,male,0.67,7
daoji,male,0.67,1
daojin,male,0.8,8
daoli,male,0.82,9
daolin,male,0.56,7
daomin,male,0.57,5
daoqian,male,0.75,2
daosheng,female,0.75,2
daoud,male,0.97,8342
daowen,male,0.75,6
daoxin,male,0.69,11
daoyi,male,0.79,12
daoyuan,male,0.9,19
dapeng,male,0.99,107
daphne,female,1.0,47479
daping,male,0.67,28
daqing,male,0.84,42
daquan,male,1.0,1613
dara,female,0.67,9527
darach,male,0.93,65
darcy,female,0.67,6396
dardo,male,0.98,1033
dareen,female,0.95,3902
daren,male,0.9,11860
daria,female,0.99,84097
darij,male,0.65,29
darin,male,0.89,21028
darina,female,0.99,11601
dario,male,1.0,207873
daris,male,0.6,1750
darius,male,1.0,36104
dariush,male,0.99,4206
dariusz,male,1.0,60158
darja,female,0.98,2727
darko,male,0.99,25523
darlan,male,0.98,1414
darli,female,0.76,540
daron,male,0.99,3864
darrell,male,1.0,52126
darren,male,1.0,182398
darrick,male,1.0,3155
darryl,male,1.0,53630
darsh,male,0.96,3166
darshan,male,0.96,5093
darshana,female,0.95,7603
darwin,male,0.99,56203
dary,female,0.68,3753
darya,female,0.98,17516
daryl,male,0.93,14501
daryll,male,0.93,863
daryoosh,male,0.94,98
daryus,male,0.98,272
darío,male,1.0,207873
dasheng,male,0.86,19
dashuai,male,0.8,8
dashun,male,0.98,122
dasol,female,0.75,86
dat,male,0.79,2120
datao,male,0.93,12
datta,male,0.97,1463
daulet,male,0.98,2028
davar,male,0.98,371
dave,male,1.0,515117
davesh,male,0.97,56
davi,male,0.93,14831
david,male,1.0,3494330
david-leon,male,0.75,2
davide,male,1.0,317009
davin,male,0.95,1960
davis,male,0.95,11562
davison,male,0.99,2430
davit,male,0.99,5821
davod,male,0.97,1652
davood,male,0.98,3894
davor,male,1.0,12147
davoud,male,0.98,863
davy,male,0.98,17876
davydas,male,0.86,5
dawei,male,0.98,476
dawid,male,1.0,73737
dawn,female,1.0,206107
dawood,male,0.98,13192
dax,male,0.97,4546
daxin,male,0.95,108
daxing,male,0.93,27
dayasindhu,male,0.8,3
dayong,male,0.93,88
dayoon,female,0.79,12
dayu,female,0.63,331
dazhao,male,0.8,3
dazhi,male,0.97,60
de,male,0.65,30177
de-chang,,0.0,0
de-cheng,,0.0,0
de-fu,male,0.67,1
de-han,male,0.67,1
de-hua,male,0.67,1
de-jun,male,0.67,1
de-liang,,0.0,0
de-min,female,0.67,1
de-nian,,0.0,0
de-qi,,0.0,0
de-sheng,female,0.67,1
de-xian,,0.0,0
de-yi,,0.0,0
de-yong,,0.0,0
dean,male,0.99,169545
deanna,female,1.0,64277
deanne,female,1.0,11552
deb,female,0.98,86081
debabrata,male,0.98,1022
debabrota,male,0.83,16
debades,,0.0,0
debaditya,male,0.97,36
debajyoti,male,0.98,206
debangana,female,0.95,17
debangshu,male,0.97,69
debanjan,male,0.99,201
debanjana,female,0.84,47
debankur,male,0.9,8
debaprasad,male,0.95,38
debapratim,male,0.93,12
debarati,female,0.99,148
debarchan,male,0.97,32
debargha,male,0.92,10
debarghya,male,0.93,26
debarshi,male,0.96,111
debarun,male,0.94,31
debashis,male,0.98,1022
debashish,male,0.99,642
debashree,female,0.97,153
debasis,male,0.98,967
debasish,male,0.99,1886
debasisha,male,0.5,2
debasmita,female,0.98,186
debasri,female,0.96,21
debatri,female,0.75,6
debayan,male,0.99,106
debbie,female,1.0,338955
debdas,male,0.96,118
debdeep,male,0.98,39
debdip,male,0.95,17
debi,female,0.99,23088
debika,female,0.89,215
debin,male,0.95,97
debjani,female,0.99,370
debjit,male,0.98,198
debjyoti,male,0.95,106
debmalya,male,0.76,57
debnandini,,0.0,0
debnarayan,male,0.95,39
debodirna,,0.0,0
debojoti,male,0.67,1
debopam,male,0.9,18
debopriyo,male,0.87,29
debora,female,0.99,127427
deborah,female,1.0,335548
deborshee,male,0.6,3
debottam,male,0.83,10
debra,female,1.0,156699
debraj,male,0.97,470
debsoumya,,0.0,0
debsuvra,,0.0,0
debtosh,male,0.88,6
decebal,male,0.95,164
dechao,male,0.89,17
declan,male,1.0,22416
deeksha,female,1.0,6566
deep,male,0.95,33580
deepak,male,0.99,208354
deepam,male,0.78,53
deepan,male,0.98,686
deepanshu,male,0.98,637
deeparnab,male,0.67,1
deepesh,male,1.0,6854
deepika,female,1.0,34193
deepjyoti,male,0.94,224
deepnarayan,male,0.95,75
deeptak,,0.0,0
deepthi,female,0.99,10269
deepti,female,1.0,17059
deepto,male,0.79,22
deepu,male,0.92,4538
deeraj,male,0.96,191
defa,male,0.58,151
defang,male,0.6,41
defeng,male,0.89,35
defu,male,0.85,46
deguang,male,0.92,10
dehan,male,0.88,206
dehao,male,0.96,23
deheng,male,0.6,8
dehong,male,0.82,32
dehua,male,0.9,90
deian,male,0.91,207
deidre,female,1.0,11753
deion,male,0.92,542
deirdre,female,1.0,26594
deividas,male,0.99,1346
dejan,male,0.99,19511
deji,male,0.96,2156
dejie,female,0.57,33
dejun,male,0.98,228
deke,male,0.95,661
dekel,male,0.84,951
dekrayat,female,0.83,4
del,male,0.63,9921
delaney,female,0.9,1827
delaram,female,0.93,463
delfim,male,0.98,1098
deli,male,0.55,7259
delia,female,0.99,76809
deliang,male,0.93,41
delin,female,0.57,275
delio,male,0.99,4247
delong,male,0.93,85
delores,female,1.0,14189
delphine,female,0.99,113114
delyan,male,0.94,129
demetra,female,0.99,3299
demetre,male,0.93,191
demetri,male,0.96,655
demetrio,male,0.99,18035
demetrios,male,1.0,1958
demian,male,0.95,3606
demin,male,0.86,127
deming,male,0.97,356
demitry,male,0.95,135
demival,male,0.67,7
demosthenes,male,0.99,376
dena,female,0.98,25776
denae,female,0.99,1254
denali,female,0.64,146
deng,male,0.91,6924
deng-gao,,0.0,0
deng-ke,,0.0,0
dengfeng,male,0.91,32
denghui,male,0.88,23
dengji,male,0.67,1
dengkai,male,0.86,5
dengke,male,0.81,19
dengpan,male,0.75,2
dengya,male,0.67,1
denija,female,0.97,32
denis,male,0.94,169570
denise,female,1.0,408382
denitsa,female,0.99,561
deniz,male,0.58,109211
denka,female,0.88,341
dennice,female,0.95,388
dennis,male,0.99,442674
denny,male,0.85,22573
denys,male,0.8,4666
deobrat,male,0.94,15
deog,male,0.89,16
deok-sun,,0.0,0
deokhwa,male,0.8,3
deokhwan,male,0.86,5
deokjae,male,0.86,5
deokkeun,,0.0,0
deovrat,male,0.89,7
depei,male,0.8,3
deping,male,0.77,33
deqing,male,0.89,26
der-chen,,0.0,0
derck,male,0.97,104
derek,male,1.0,188384
deren,female,0.5,1783
derong,male,0.75,38
derrick,male,1.0,74438
derrik,male,0.99,1013
derui,male,0.75,10
dervis,male,0.99,3869
derya,female,0.96,70794
deryk,male,1.0,761
des,male,0.73,6245
desh,male,0.89,805
desheng,male,0.97,63
deshui,male,0.78,7
deshun,male,0.95,112
desika,female,0.96,158
desmond,male,0.99,45693
desong,male,0.87,13
despina,female,0.99,6831
despoina,female,0.99,2358
dessislava,female,0.98,165
detang,male,0.6,3
detlef,male,1.0,9272
detlev,male,1.0,1714
deukhyoun,,0.0,0
deung-jang,,0.0,0
devabrat,male,0.75,2
devaky,female,0.95,18
deval,male,0.94,1757
devan,male,0.85,3470
devansh,male,1.0,3679
devanshu,male,0.98,231
devaraj,male,0.96,1027
devarshi,male,0.87,93
devashibhai,,0.0,0
devashish,male,0.99,295
devendra,male,0.99,30849
devesh,male,1.0,10150
devika,female,0.99,8885
devin,male,0.91,17639
devina,female,1.0,3668
devon,male,0.79,13410
devranjan,male,0.89,7
devshree,female,0.91,20
devsi,male,0.93,12
dewei,male,0.89,64
dexie,female,0.74,95
dexin,male,0.83,57
dexter,male,0.99,26309
dexue,male,0.67,1
deyang,male,0.63,17
deyi,female,0.72,194
deyin,male,0.67,19
deyou,male,0.81,24
deyu,male,0.72,192
deyuan,male,0.85,24
deyue,female,0.67,7
dezhao,male,0.71,5
dezhong,male,0.93,12
dezi,female,0.68,420
dezső,male,0.94,447
dganit,female,0.99,325
dhabaleswar,male,0.95,35
dhananjai,male,0.97,72
dhananjay,male,1.0,19364
dhananjaya,male,0.99,257
dhanesh,male,0.99,4742
dhaneshwar,male,0.95,396
dharam,male,0.97,1805
dharm,male,0.96,989
dharmalingam,male,0.97,113
dharmendra,male,0.97,11137
dharmesh,male,1.0,13219
dhavala,female,0.55,9
dhawal,male,0.97,282
dhayaa,male,0.89,44
dheeraj,male,1.0,24836
dhiman,male,0.95,444
dhimiter,male,0.99,357
dhinakaran,male,0.97,147
dhiraj,male,0.99,21516
dhiren,male,1.0,4727
dhong,male,0.92,154
dhriti,female,0.98,925
dhritiman,male,0.99,80
dhruba,male,0.97,892
dhrubaditya,,0.0,0
dhrumil,male,1.0,225
dhruv,male,1.0,19201
dhruva,male,0.97,1653
di,male,0.51,25393
di-fu,,0.0,0
di-lun,,0.0,0
dia'aaldin,,0.0,0
dian,female,0.92,36457
dian-yong,,0.0,0
diana,female,0.99,849770
diancong,,0.0,0
diandian,female,0.66,60
diane,female,1.0,327430
dianne,female,1.0,72049
diaraf,male,0.97,37
diarmuid,male,1.0,2637
dibakar,male,0.98,623
dibbendu,male,0.94,14
dibya,male,0.66,424
dibyakrupa,,0.0,0
dibyashree,female,0.88,6
dibyayan,male,0.8,3
dibyendu,male,0.99,435
dick,male,0.99,74231
dicong,female,0.67,4
didar,male,0.82,4952
diddo,male,0.78,81
didem,female,0.97,11497
didier,male,0.99,162174
didina,female,0.82,548
didong,male,0.67,10
die,male,0.58,1410
diederick,male,0.99,400
diederik,male,0.99,1522
diego,male,1.0,773465
diep,female,0.67,649
dierk,male,1.0,1092
dieter,male,1.0,55503
dietmar,male,1.0,18665
dietrich,male,0.94,1323
dieu,female,0.68,4329
difeng,male,0.67,10
diganta,male,0.96,573
digbijoy,male,0.97,36
digesh,male,0.97,67
digjoy,male,0.63,6
digvijay,male,0.98,867
dihua,male,0.5,8
dijana,female,0.99,10344
dijiang,male,0.75,2
dikran,male,0.99,677
diksha,female,1.0,11877
dileep,male,0.97,6207
dileepa,male,0.95,135
dilhan,male,0.71,475
dilian,female,0.67,266
diling,female,0.6,8
dilip,male,0.97,19860
dillip,male,0.98,848
dillon,male,1.0,22694
dim-lee,,0.0,0
dima,male,0.78,46743
dimas,male,0.99,27620
dimitar,male,1.0,14858
dimiter,male,0.98,154
dimitra,female,0.99,14373
dimitra-dionysia,,0.0,0
dimitri,male,0.99,63020
dimitrie,male,0.96,494
dimitrios,male,1.0,16327
dimitris,male,1.0,49919
dimitry,male,0.99,5002
dimos,male,0.99,1082
dimosthenis,male,0.99,342
dinakar,male,0.96,203
dinalva,female,1.0,221
dinar,male,0.71,2001
dine,female,0.55,2918
dinesh,male,0.99,141934
ding,male,0.64,3168
ding-fang,,0.0,0
ding-fu,,0.0,0
ding-rong,,0.0,0
ding-zhu,,0.0,0
dingbo,male,0.75,6
dingding,female,0.59,187
dingguo,male,0.88,14
dinghuai,,0.0,0
dingkang,male,0.67,1
dingping,male,0.57,5
dingqun,,0.0,0
dingrong,female,0.67,1
dingsong,,0.0,0
dingwei,male,0.87,21
dingwen,male,0.65,15
dingxin,male,0.63,14
dingyu,female,0.54,26
dingyuan,male,0.6,18
dinh,male,0.94,7213
dinh-dung,,0.0,0
dinh-hieu,,0.0,0
dinh-liem,,0.0,0
dinh-long,male,0.75,2
dinh-thuy,,0.0,0
dinhduy,male,0.8,3
dinka,female,0.9,666
dinko,male,0.98,1163
dino,male,0.99,69858
dinshaw,male,0.89,17
dinuka,male,0.88,221
diogo,male,1.0,86834
diomidis,male,0.96,45
dion,male,0.89,9402
dionisios,male,0.99,472
dionisis,male,0.99,1168
dionysios,male,1.0,995
dionysis,male,1.0,421
dionyssios,male,0.91,9
dipak,male,0.98,37002
dipan,male,0.94,391
dipangkar,male,0.98,41
dipanjan,male,1.0,242
dipankar,male,0.98,3108
dipen,male,0.97,1740
dipendra,male,0.95,2828
dipendu,male,0.96,44
dipramit,,0.0,0
diptabrata,,0.0,0
diptapriyo,,0.0,0
diptarama,,0.0,0
diptarka,male,0.91,9
dipten,male,0.75,10
dipti,female,0.99,12369
diptiman,male,0.97,34
diptimoy,male,0.5,6
dipyaman,male,0.96,23
diqing,male,0.7,8
dirceu,male,0.99,2074
dirk,male,1.0,125479
dirk-andré,male,0.75,2
diru,male,0.83,56
disha,female,0.94,12850
dishant,male,0.99,352
dishari,female,0.71,15
divesh,male,1.0,2800
divine,female,0.64,8445
divya,female,0.99,77317
divyakant,male,0.97,30
divyang,male,0.99,340
divyesh,male,1.0,6537
dixia,female,0.98,97
dixy,female,0.79,348
diyi,female,0.59,37
dizhou,male,0.67,4
djalil,male,0.96,3929
djamal,male,0.98,11423
djeylan,female,0.75,18
djoko,male,0.96,655
djordje,male,1.0,7089
djordjo,male,0.98,58
djuna,female,0.94,329
dler,male,0.95,399
dmitri,male,1.0,9291
dmitrii,male,1.0,2883
dmitrij,male,0.99,2009
dmitriy,male,1.0,34894
dmitry,male,1.0,73708
dmytro,male,0.99,1915
do,male,0.57,26169
do-hoon,male,0.89,7
do-young,male,0.59,15
doan,male,0.94,10362
doeon,male,0.67,4
doga,female,0.69,2604
dogan,male,0.98,30321
dogancan,male,0.99,906
dogeun,male,0.75,2
doghonay,,0.0,0
dogus,male,0.98,2390
doheon,male,0.83,10
dohoon,male,0.98,47
dohun,male,0.95,36
dohyeong,male,0.94,16
dohyun,male,0.92,142
dojun,male,0.92,11
dok,male,0.9,703
dola,female,0.57,3066
dolev,male,0.82,755
dolores,female,0.99,86571
domagoj,male,1.0,2517
domaniç,male,0.92,122
domenic,male,0.99,8070
domenico,male,1.0,186055
domingo,male,0.99,54239
domingos,male,0.99,23423
dominic,male,0.99,107657
dominik,male,0.99,106328
dominika,female,0.99,67334
dominikus,male,0.97,127
dominique,male,0.52,139629
domitilla,female,0.99,617
domizia,female,0.97,199
domna,female,0.96,227
domènec,male,0.99,247
don,male,0.99,309529
donal,male,0.99,9382
donald,male,1.0,193227
donatas,male,0.99,1994
donatella,female,1.0,46252
donato,male,0.99,42991
dong,male,0.95,23171
dong-bo,male,0.67,1
dong-dong,male,0.5,2
dong-gang,,0.0,0
dong-gil,male,0.6,3
dong-han,male,0.83,4
dong-hong,,0.0,0
dong-hui,male,0.5,2
dong-il,male,0.93,25
dong-jin,male,0.92,36
dong-jing,female,0.67,1
dong-joo,male,0.82,9
dong-kyu,male,0.96,25
dong-liang,,0.0,0
dong-ling,,0.0,0
dong-sheng,male,0.5,2
dong-woo,male,0.96,25
dong-ya,,0.0,0
dong-yang,,0.0,0
dong-ze,,0.0,0
dongbin,male,0.95,54
dongbo,male,0.91,44
dongchan,male,0.98,49
dongchun,male,0.85,24
dongdai,,0.0,0
dongdong,male,0.72,392
dongfang,male,0.51,69
dongfei,male,0.78,7
dongfen,,0.0,0
donggyu,male,0.95,41
donggyun,male,0.97,29
donghan,male,0.95,62
donghao,male,0.85,44
dongheui,male,0.67,1
dongho,male,0.93,216
donghong,female,0.69,30
donghoon,male,0.99,199
donghua,male,0.64,62
donghui,male,0.68,94
donghun,male,0.99,130
donghwa,male,0.78,47
donghwan,male,0.99,166
donghyuk,male,0.99,94
donghyun,male,0.98,399
dongjae,male,0.92,35
dongjoon,male,0.96,44
dongju,male,0.77,96
dongjun,male,0.96,180
dongkai,male,0.86,5
dongkwan,male,0.92,10
dongkyu,male,0.98,121
donglai,male,0.85,25
donglei,male,0.61,31
dongli,female,0.52,58
donglian,female,0.83,10
dongliang,male,0.97,60
donglin,male,0.87,74
dongling,female,0.87,29
dongmei,female,0.99,262
dongmin,male,0.94,222
dongming,male,0.87,95
dongnam,male,0.67,10
dongning,female,0.52,27
dongok,male,0.77,20
dongpu,male,0.6,3
dongqi,male,0.77,41
dongqin,female,0.84,17
dongryul,male,0.93,12
dongseon,male,0.89,17
dongsheng,male,0.97,105
dongsoo,male,0.96,90
dongsu,male,0.96,66
dongsun,male,0.84,47
dongting,female,0.6,8
donguk,male,0.98,79
dongwei,male,0.82,75
dongwen,male,0.6,3
dongwon,male,0.97,181
dongwoo,male,0.98,210
dongwook,male,0.98,210
dongxi,male,0.8,8
dongxia,female,0.9,29
dongxiao,male,0.7,31
dongxin,male,0.64,20
dongxu,male,0.87,77
dongxue,female,0.96,43
dongyang,male,0.74,78
dongyao,female,0.62,11
dongyi,female,0.55,42
dongyong,male,0.92,22
dongyu,male,0.69,70
dongzhe,male,0.91,20
dongzhou,male,0.83,4
dongzhu,male,0.67,7
dongzi,male,0.6,8
donna,female,1.0,382126
donny,male,0.99,24156
donovan,male,1.0,29569
donu,male,0.8,80
donya,female,0.92,8869
donát,male,0.95,2428
doogesh,male,0.75,2
doojin,male,0.89,17
doosoo,male,0.89,16
doost,male,0.92,71
doosung,male,0.93,12
dootika,,0.0,0
doowon,male,0.97,31
dor,male,0.76,5999
dorette,female,0.99,1765
dori,female,0.89,18151
dorian,male,0.95,27284
doriann,female,0.73,286
doried,male,0.83,28
dorien,female,0.95,4022
dorilian,male,0.9,18
dorin,male,0.82,6317
doris,female,0.99,188008
dorit,female,1.0,5360
dorival,male,0.97,772
dorje,male,0.92,327
doron,male,0.97,7068
dorota,female,0.99,86428
dorothea,female,1.0,10600
dorothee,female,0.99,13997
dorothée,female,0.99,13997
dorottya,female,1.0,1554
dorri,female,0.94,237
dorsa,female,0.98,1123
doru,male,0.98,4265
dossay,male,0.75,2
doston,male,0.99,848
douadi,male,0.95,453
doug,male,1.0,185440
dougal,male,0.99,801
douglas,male,1.0,226209
dov,male,0.99,3605
dovi,male,0.88,828
doyal,male,0.92,308
doyoon,male,0.63,22
doyu,male,0.6,3
doğa,female,0.69,2604
dragan,male,0.98,38454
dragana,female,0.99,12752
dragi,male,0.87,540
dragoljub,male,0.99,597
dragomir,male,0.73,2424
dragos,male,0.98,7454
dragos-adrian,male,0.67,1
draguna,female,0.7,8
drake,male,0.99,10850
drazen,male,1.0,5069
dražen,male,1.0,5069
drew,male,0.96,27473
dries,male,0.99,4521
dripto,male,0.83,4
driss,male,0.98,83249
drisya,female,0.94,63
dritan,male,0.99,5113
dror,male,0.95,2173
drummond,male,0.99,357
du,male,0.87,10502
duan,male,0.96,8341
duan-shin,,0.0,0
duanduan,female,0.55,9
duane,male,1.0,40437
duarte,male,0.97,15324
dubi,male,0.73,458
dubravko,male,0.99,858
duc,male,0.98,11650
duc-manh,male,0.67,1
duc-phuc,,0.0,0
duc-viet,male,0.8,3
duccio,male,0.99,1485
duck,male,0.81,1167
duck-ho,,0.0,0
duco,male,0.98,449
dudong,male,0.88,22
duen,female,0.52,116
duff,male,0.96,1328
duggirala,male,0.57,5
duho,male,0.67,22
duifje,female,0.78,25
duk,male,0.88,365
duk-gyoo,,0.0,0
duk-yong,,0.0,0
dumitrel,male,0.94,147
dumitru,male,0.87,9291
dun,male,0.76,646
duncan,male,1.0,48036
dung,male,0.64,3809
dung-hai,,0.0,0
dunyan,male,0.86,5
duo,male,0.67,913
duojie,male,0.67,1
duong,male,0.93,9051
durga,female,0.77,25232
durgesh,male,0.96,4204
durmus,male,0.99,11702
durvudkhan,,0.0,0
dusa,female,0.53,211
dusan,male,1.0,19395
dushko,male,0.94,33
dushmanta,male,0.96,52
dushyant,male,0.99,930
dusit,male,0.93,99
dusko,male,0.99,2146
dusmanta,male,0.94,156
dustin,male,1.0,85619
dusty,male,0.82,3328
duván,male,0.99,20045
duy,male,0.99,10899
duyu,male,0.57,38
dušan,male,1.0,19395
duško,male,0.99,2146
dvir,male,0.99,1892
dvira,female,0.8,8
dwight,male,1.0,28216
dwipesh,male,0.67,1
dyana,female,0.98,5836
dyas,male,0.55,65
dylan,male,0.99,188409
dzmitry,male,0.99,303
dzung,male,0.99,1212
dániel,male,0.99,2473313
dávid,male,1.0,3494330
débora,female,0.99,127427
dénes,male,0.95,2164
désiré,female,0.75,22031
dóra,female,0.99,133267
dömötör,male,0.84,35
dúalta,male,0.95,17
ealeal,female,0.67,1
eaman,female,0.74,349
eamon,male,0.99,6989
eamonn,male,1.0,7980
earl,male,0.99,41464
earlence,male,0.67,1
earnest,male,1.0,5012
easwar,male,0.93,70
eben,male,0.96,6217
eberhard,male,1.0,5169
ebner,male,0.81,101
ebraheem,male,0.98,4084
ebrahim,male,0.98,59281
ebru,female,0.98,74010
ebtsam,female,0.98,4002
ebubechukwu,male,0.81,296
ece,female,0.96,24171
eckehard,male,0.98,121
eckhard,male,0.99,1282
eckhart,male,0.97,66
ed,male,0.99,213205
edan,male,0.84,942
edbert,male,1.0,407
eddie,male,0.98,63345
eddwi,male,0.67,1
eddy,male,0.96,78019
eden,female,0.63,21885
eder,male,0.99,44733
ederson,male,1.0,9444
edgar,male,1.0,319141
edgard,male,1.0,17462
edgardo,male,1.0,46394
edi,male,0.8,21820
edilberto,male,1.0,18955
edin,male,0.98,7134
edina,female,0.99,18085
edinah,female,0.92,94
edison,male,1.0,64224
edit,female,0.98,16742
edita,female,0.99,17171
edith,female,0.99,163622
edmond,male,0.99,28963
edmund,male,1.0,27531
edmundo,male,1.0,22215
ednei,male,0.96,383
edo,male,0.96,14939
edoardo,male,1.0,51186
edon,male,0.97,1675
edouard,male,0.99,29979
edriss,male,0.96,521
edson,male,1.0,117151
eduard,male,1.0,59997
eduardo,male,1.0,717637
edurne,female,0.99,3253
edvard,male,1.0,3350
edvardas,male,0.99,499
edvige,female,0.98,991
edvin,male,0.99,6534
edward,male,1.0,326682
edwin,male,1.0,307725
edy,male,0.79,20167
ee,female,0.54,2958
ee-chien,,0.0,0
ee-peng,,0.0,0
eef,female,0.6,1695
eelco,male,0.99,1494
eemeli,male,0.99,1192
eero,male,1.0,5940
efe,male,0.95,47879
efekan,male,0.97,1483
effie,female,0.98,6353
effy,female,0.9,1708
efi,female,0.79,4686
efim,male,0.99,866
efraim,male,0.99,4291
efrain,male,1.0,59383
efrat,female,0.99,5538
efren,male,1.0,28122
efstathia,female,0.99,353
efstathios,male,1.0,800
efstratia,female,0.96,21
efstratios,male,1.0,618
efthalia,female,0.97,38
efthimios,male,1.0,532
efthymios,male,0.98,125
eftychia,female,0.99,140
eftyhia,female,0.95,18
egbert,male,1.0,5125
egecan,male,0.95,240
egidijus,male,0.99,1737
egle,female,0.98,4731
egon,male,0.99,8695
egor,male,0.99,15062
ehouarn,male,0.96,26
ehsan,male,0.94,45187
ehsanur,male,0.88,14
ehtibar,male,0.96,26
ehud,male,1.0,1830
eial,male,0.95,42
eibun,female,0.67,1
eigil,male,0.99,172
eigo,male,0.94,67
eiichi,male,1.0,928
eiichiro,male,0.99,95
eiji,male,0.99,2969
eike,male,0.84,2259
eiki,male,0.92,155
eiko,female,0.91,2122
eilam,male,0.96,121
eilat,female,0.9,150
eileen,female,1.0,105446
eilon,male,0.99,515
eiman,female,0.88,4059
eimear,female,1.0,4712
einan,male,0.93,26
einar,male,1.0,8855
eirik,male,1.0,7092
eirini,female,0.99,7968
eisuke,male,0.98,182
eitan,male,1.0,5621
eitaro,male,0.97,28
eite,female,0.56,101
eivind,male,1.0,1036
ej,male,0.91,9295
ejaily,,0.0,0
ekapong,male,0.94,14
ekaterina,female,0.99,77350
ekhard,male,0.95,17
ekin,female,0.66,5767
ekkehard,male,1.0,287
ekkehart,male,0.97,30
eklavya,male,0.98,88
eknath,male,0.97,323
ekram,female,0.78,7686
ekrem,male,0.99,43232
ekta,female,1.0,13071
eky,male,0.55,403
el,male,0.82,135894
ela,female,0.96,61841
elaad,male,0.87,13
elad,male,0.99,7528
elaine,female,1.0,248573
elana,female,0.99,7166
elanor,female,0.96,662
elazar,male,1.0,494
elba,female,0.96,10672
elbio,male,0.99,796
elchanan,male,0.99,249
elcio,male,0.99,1056
eldad,male,0.99,1651
eldar,male,0.99,6672
elden,male,0.98,1415
eleanor,female,1.0,50028
eleazar,male,0.99,15993
elefterios,male,0.99,147
eleftheria,female,1.0,3665
eleftherios,male,1.0,1670
elena,female,0.99,778569
eleni,female,0.99,35209
eleni-alexandra,,0.0,0
eleny-nicoleta,,0.0,0
eleomar,male,0.84,68
eleonora,female,1.0,105984
eleonore,female,0.99,8827
elham,female,0.95,24365
elhoussine,male,0.98,868
eli,male,0.61,131557
elia,male,0.52,33734
eliad,male,0.97,409
eliahu,male,0.99,292
eliana,female,1.0,115107
eliane,female,0.99,96218
elias,male,0.99,172477
elica,female,0.98,1187
elie,male,0.93,26345
eliezer,male,0.99,16632
elif,female,0.98,139578
elijah,male,0.99,41457
elimhan,male,0.86,5
elin,female,0.94,12619
elina,female,0.99,44519
eline,female,0.99,22301
elinor,female,0.99,7457
elinore,female,0.99,436
elio,male,0.99,44853
eliot,male,0.97,4669
eliran,male,0.99,2876
elisa,female,0.99,340564
elisabeta,female,0.99,3997
elisabete,female,0.99,14147
elisabeth,female,1.0,178625
elisabetta,female,1.0,82534
elise,female,0.99,93451
elisenda,female,0.99,1025
eliseo,male,0.99,26119
elisha,female,0.55,6594
eliska,female,1.0,9012
elismar,male,0.65,278
elissa,female,0.99,14786
elissaios,male,0.89,7
eliyas,male,0.95,2285
eliza,female,0.99,78583
elizabeth,female,1.0,797716
elizaveta,female,1.0,11056
elka,female,0.94,3916
elke,female,0.99,44616
ella,female,0.99,97632
ellad,male,0.69,14
ellen,female,1.0,204516
ellert,male,0.97,67
ellery,male,0.68,515
elli,female,0.96,11838
elliot,male,0.98,13367
elliott,male,0.98,7549
ellis,male,0.61,7756
ellya,female,0.94,246
elmar,male,0.98,4606
elmehdi,male,0.98,1617
elmer,male,0.99,51587
elmo,male,0.96,6652
elmouatez,male,0.8,3
elmé,male,0.7,233
elochukwu,male,0.87,685
elodie,female,0.99,141886
eloisa,female,0.99,26307
eloise,female,0.99,20735
elon,male,0.9,761
eloy,male,0.99,31401
eloísa,female,0.99,26307
elqorachi,male,0.67,1
els,female,0.98,17393
elsa,female,0.99,156920
else,female,0.93,3050
elsen,male,0.93,641
elspeth,female,1.0,2602
elton,male,0.99,36162
elvezio,male,0.99,199
elvin,male,0.96,23399
elvira,female,0.99,100814
elvire,female,0.99,2894
elvise,male,0.86,69
elwin,male,0.98,3011
ely,female,0.86,31343
elyes,male,0.98,5697
elynn,female,0.99,577
elza,female,0.97,7699
elze,male,0.64,623
elías,male,0.99,172477
elşen,male,0.93,641
emad,male,0.99,123650
eman,female,0.96,168289
emanuel,male,0.99,100691
emanuela,female,0.99,91714
emanuele,male,0.99,132746
emanuella,female,0.99,2630
emanuël,male,0.99,100691
emel,female,0.94,26129
emelie,female,0.99,14338
emeline,female,0.99,25007
emeric,male,1.0,7220
emerson,male,0.99,24170
emery,male,0.74,1685
emese,female,1.0,6809
emi,female,0.82,37634
emidio,male,0.99,5543
emiel,male,1.0,7064
emiko,female,0.96,2752
emil,male,0.99,79346
emilia,female,0.99,132606
emilian,male,0.97,3636
emiliana,female,0.99,8993
emiliano,male,0.99,68831
emilie,female,0.99,186847
emilien,male,0.99,9289
emilija,female,0.99,4574
emilio,male,0.99,171170
emiliya,female,0.99,1924
emille,female,0.84,890
emily,female,1.0,483065
emin,male,0.98,55006
emina,female,0.99,7864
emine,female,0.98,117504
emir,male,0.97,55646
emiru,male,0.6,28
emma,female,0.97,500701
emmanouil,male,0.99,444
emmanuel,male,0.99,383848
emmanuele,male,0.92,2339
emmanuelle,female,0.98,31208
emmanuil,male,0.96,73
emmanuël,male,0.99,383848
emmett,male,1.0,6250
emna,female,0.97,16215
emo,male,0.55,2363
emory,male,0.82,607
emrah,male,0.98,92646
emre,male,0.98,227953
emőke-ágnes,,0.0,0
en,male,0.79,12517
en-ge,female,0.67,1
en-ke,,0.0,0
en-min,,0.0,0
en-tzu,,0.0,0
en-wei,,0.0,0
ena,female,0.94,14009
enamul,male,0.96,2187
enci,female,0.84,439
endao,male,0.75,2
ender,male,0.98,22201
enderalp,male,0.75,2
endika,male,0.98,1533
endre,male,0.99,4963
endrit,male,0.99,2989
enea,male,0.92,5270
eneet,female,0.6,3
enej,male,0.88,76
enes,male,0.98,58906
eng,male,0.73,13583
engel,male,0.61,4587
engin,male,0.98,55056
engui,male,0.7,8
enhui,female,0.66,62
eni,female,0.7,6174
enia,female,0.97,1369
enide,female,0.97,152
enis,male,0.93,10051
enke,female,0.64,84
enkelejd,male,0.97,63
enky,female,0.55,103
enlu,male,0.5,6
ennio,male,1.0,11705
enno,male,0.97,2145
enoch,male,0.99,12343
enping,male,0.75,6
enric,male,0.99,6413
enrica,female,1.0,23059
enrichetta,female,0.99,479
enrico,male,1.0,166577
enrique,male,1.0,302875
entong,male,0.64,42
enver,male,0.99,27483
enwei,male,0.8,23
enzo,male,0.99,172488
eoin,male,1.0,11605
eon-chang,,0.0,0
ephias,male,0.98,41
ephraim,male,0.99,11814
epifanio,male,0.99,5197
er-jia,,0.0,0
er-liang,,0.0,0
eran,male,0.97,4868
erasmo,male,1.0,16246
ercai,male,0.78,7
ercan,male,0.98,65468
ercang,male,0.67,1
erdal,male,0.98,53641
erdem,male,0.98,48455
erdmann,male,0.81,34
erdong,male,0.79,12
erel,male,0.77,281
eren,male,0.95,47772
erez,male,0.99,5960
erfan,male,0.98,12566
erfu,male,0.67,4
ergin,male,0.98,9331
ergun,male,0.99,13384
erhai,male,0.5,2
erhan,male,0.99,69554
erhard,male,1.0,3437
eri,female,0.55,12000
eric,male,1.0,987132
eric-jan,male,0.99,118
erica,female,1.0,245781
erich,male,0.99,28467
erick,male,1.0,193716
erickson,male,1.0,5713
erico,male,0.99,5837
erik,male,0.99,283358
erika,female,1.0,420009
eriko,female,0.88,3504
erin,female,0.99,216175
erini,female,0.97,335
erio,male,0.96,499
eris,male,0.67,2482
erixhen,male,0.75,2
erjian,male,0.75,2
erjun,male,0.82,9
erkan,male,0.99,104213
erkka,male,0.97,367
erkki,male,0.99,2722
erkko,male,0.99,95
erlend,male,1.0,956
erlin,male,0.73,1938
erling,male,0.99,5705
ermal,male,0.99,3581
erman,male,0.99,11664
ermin,male,0.78,2991
erminia,female,0.99,6669
ermis,male,0.89,602
erna,female,0.99,23093
ernani,male,0.95,731
ernest,male,0.99,84190
ernesto,male,1.0,187014
erniel,male,0.9,27
ernst,male,1.0,23905
ernst-ulrich,male,0.86,5
ernö,male,1.0,2397
erol,male,0.99,69496
eros,male,0.98,18542
erping,male,0.8,8
erricos,male,0.93,12
ersen,male,0.96,2792
ersin,male,0.98,37025
ertem,male,0.96,290
ertugrul,male,0.99,13779
erva,female,0.94,1921
ervin,male,0.99,22068
erwan,male,0.99,25940
erwin,male,1.0,84804
erwu,male,0.75,2
erxi,male,0.5,4
erxiao,male,0.67,1
ery,male,0.66,5075
eryk,male,0.99,5284
esa,male,0.84,7036
esam,male,0.98,21578
esben,male,1.0,2640
esha,female,0.95,7695
eshan,male,0.98,2722
eshed,male,0.94,62
eshita,female,0.99,1052
eshwar,male,0.99,2782
eskil,male,0.99,1008
esko,male,0.99,3720
eslam,male,0.95,158580
esmaeil,male,0.98,2475
esmaiel,male,0.98,529
esmail,male,0.97,10423
espen,male,1.0,2637
esra,female,0.98,110465
essaid,male,0.97,1465
essodjolo,male,0.67,1
esteban,male,0.99,168644
estefani,female,0.99,14894
estefania,female,0.99,72059
estefanía,female,0.99,72059
estelle,female,0.99,79713
ester,female,0.98,47027
esther,female,0.99,351303
estiaque,male,0.86,5
estrella,female,0.98,50619
eswaran,male,0.98,685
eszter,female,1.0,17650
etera,female,0.62,19
ethan,male,0.99,89759
etido,male,0.64,289
etienne,male,0.98,30178
etika,female,0.85,135
etsuji,male,0.95,18
etsuko,female,0.99,1443
etsuo,male,0.99,144
ettore,male,0.99,22363
euaggelos,male,0.98,46
euan,male,1.0,6152
eugen,male,0.99,23317
eugene,male,0.99,104001
eugenia,female,0.99,71995
eugenii,male,0.97,36
eugenio,male,1.0,77481
eugeny,male,0.9,510
euihun,male,0.67,1
euisung,male,0.9,8
euiwoong,male,0.75,2
euiyong,male,0.5,2
eulalia,female,0.99,10548
euloge,male,0.94,526
eulogio,male,0.99,5506
eun,female,0.83,3724
eun-ah,female,0.95,19
eun-gook,,0.0,0
eun-jae,male,0.5,4
eun-kyung,female,0.96,44
eun-young,female,0.98,85
eunbin,female,0.94,68
eung,male,0.85,95
eungkyu,male,0.83,4
eunice,female,0.99,76551
eunjeong,female,0.98,190
eunji,female,0.99,1747
eunjin,female,0.94,485
eunmi,female,0.97,356
eunseok,male,0.97,62
eunwoo,male,0.62,48
eurika,female,0.99,513
euro,male,0.9,1574
eusebio,male,0.99,17962
eustasio,male,0.99,115
eva,female,0.99,586595
eva-maria,female,0.99,3679
evaggelia,female,0.99,1002
evan,male,0.98,111380
evangelia,female,1.0,4322
evangelos,male,1.0,5917
evanthia,female,1.0,582
evdokia,female,1.0,883
eve,female,0.98,64597
evelia,female,0.99,7935
eveliina,female,0.98,1771
evelina,female,0.99,20151
eveline,female,0.99,26531
evelyn,female,1.0,218660
evelyne,female,0.99,61675
evencio,male,0.99,385
everett,male,1.0,11126
evert,male,0.99,12429
everton,male,1.0,34620
evgeni,male,0.98,2536
evgenii,male,0.99,2144
evgenij,male,0.97,1105
evgenios,male,0.98,144
evgeniy,male,0.98,8513
evgeniya,female,0.99,7542
evgeny,male,0.99,14442
evgenya,female,0.98,630
evgueni,male,0.99,194
eviatar,male,0.99,195
evimaria,female,0.75,2
evita,female,0.99,10657
evren,male,0.9,9172
evrim,female,0.71,3247
evripidis,male,0.99,102
evyatar,male,1.0,604
ewa,female,0.99,151964
ewain,male,0.83,4
ewald,male,1.0,6687
ewan,male,0.98,11970
ewelina,female,0.99,75883
ewine,female,0.69,11
ewold,male,0.95,19
ewout,male,0.99,824
exequiel,male,1.0,6160
eyal,male,0.99,12408
eylee,female,0.6,3
eylem,female,0.95,7424
eylon,male,0.98,260
eyob,male,0.98,2545
eytan,male,0.97,1553
eyuri,male,0.6,3
eyvindur,male,0.88,6
ezad,male,0.96,336
ezekiel,male,0.97,20671
ezequiel,male,1.0,64883
ezgi,female,0.98,32227
ezio,male,0.99,20982
ezra,male,0.84,5625
fa,female,0.54,29094
fa-yin,,0.0,0
fabian,male,0.99,227780
fabiana,female,1.0,127998
fabiano,male,1.0,52903
fabien,male,0.99,100788
fabienne,female,0.99,85037
fabio,male,1.0,540438
fabo,male,0.93,462
fabrice,male,0.99,121765
fabricio,male,1.0,53139
fabrizia,female,0.99,4535
fabrizio,male,1.0,157578
fabrício,male,1.0,53139
fachao,,0.0,0
facundo,male,1.0,32206
fadhel,male,0.98,3598
fadi,male,0.96,62275
fadil,male,0.96,12459
fadri,male,0.94,104
fady,male,0.97,33685
faen,female,0.53,13
faezeh,female,0.98,1112
fagui,male,0.93,12
fahad,male,0.98,104467
faheem,male,0.99,15492
fahimeh,female,0.98,1081
fahri,male,0.98,13650
fahui,male,0.75,6
faical,male,0.99,4056
fairoja,female,0.86,5
faisal,male,0.99,157524
faissal,male,0.98,5148
faiz,male,0.98,37091
faizal,male,0.99,22253
faizan,male,0.99,24677
faizuddin,male,0.96,160
fakher,male,0.97,2304
fakhri,male,0.94,3790
fakhteh,female,0.94,31
falei,,0.0,0
fali,male,0.72,1873
falk,male,0.97,3155
falko,male,0.99,2071
fam,male,0.59,3592
faming,male,0.85,18
fan,female,0.76,20225
fan-cheng,,0.0,0
fan-ying,,0.0,0
fande,male,0.7,74
fanfei,female,0.56,7
fang,female,0.73,5015
fang-cheng,male,0.8,3
fang-fang,female,0.83,4
fang-jing,,0.0,0
fang-jun,,0.0,0
fang-kun,,0.0,0
fang-ting,female,0.8,3
fang-wei,female,0.6,3
fang-wen,female,0.8,3
fang-xiang,,0.0,0
fang-yi,female,0.79,12
fang-zheng,,0.0,0
fang-zhou,male,0.67,1
fangcheng,male,0.79,12
fangchu,female,0.67,4
fangdi,female,0.71,5
fangdong,male,0.83,4
fangfang,female,0.96,423
fangfu,male,0.86,5
fanghang,male,0.75,2
fanghua,female,0.63,28
fanghui,female,0.68,20
fangjiong,,0.0,0
fangjun,male,0.8,18
fangli,female,0.59,47
fangliang,male,0.69,11
fangming,male,0.79,46
fangqi,female,0.64,26
fangsen,male,0.75,2
fangting,female,0.97,28
fangwei,male,0.68,42
fangxia,female,0.75,6
fangxing,male,0.67,4
fangyang,male,0.67,7
fangyu,female,0.57,73
fangyuan,female,0.71,110
fangzhao,male,0.5,2
fangzheng,male,0.9,18
fangzhou,male,0.63,91
fanhai,male,0.75,2
fanhao,male,0.82,9
fanhui,female,0.6,8
fani,female,0.87,13713
fanjie,male,0.55,9
fanjun,male,0.65,18
fankun,male,0.6,3
fanlong,male,0.89,7
fanming,male,0.8,8
fanni,female,0.97,4367
fanny,female,0.99,160243
fanqi,female,0.79,12
fanrong,male,0.77,11
fanyao,,0.0,0
fanyi,female,0.72,58
faouzi,male,0.98,13889
faqir,male,0.96,613
faraj,male,0.97,5491
faranak,female,0.99,1137
farbod,male,0.99,2065
fardin,male,0.98,4817
fareed,male,0.98,12144
fares,male,0.96,82626
farhad,male,0.98,36004
farhan,male,0.98,52134
farhang,male,0.97,546
farhanul,male,0.93,26
fariba,female,0.99,9235
fariborz,male,0.98,1050
farid,male,0.98,149327
farida,female,0.98,54831
farinaldo,,0.0,0
farinaz,female,0.97,251
faris,male,0.96,25419
farisa,female,0.95,593
farkhad,male,0.99,194
farkhod,male,0.98,116
farmer,male,0.9,1065
farnik,male,0.6,3
farokh,male,0.92,340
farook,male,0.96,4694
farrell,male,0.86,582
farrin,female,0.69,65
farrokh,male,0.96,469
farruh,male,0.98,635
farrukh,male,0.99,9578
farsane,male,0.64,12
farshad,male,0.99,10383
farshid,male,0.99,8332
farvah,female,0.78,7
faryad,male,0.95,1494
farzad,male,0.99,15193
farzam,male,0.97,442
farzan,male,0.94,2794
farzana,female,0.99,13981
farzane,female,0.97,915
farzaneh,female,0.99,2763
farzin,male,0.99,3757
fatemah,female,0.98,2579
fateme,female,0.97,3632
fatemeh,female,0.99,25663
fathan,male,0.93,112
fathi,male,0.97,47978
fathollah,male,0.96,46
fatih,male,0.99,214064
fatiha,female,0.96,58298
fatima,female,0.97,515016
fatkhulla,male,0.75,2
fatma,female,0.98,334694
fattah,male,0.97,3314
faustin,male,0.98,3628
faustine,female,0.98,6775
faustino,male,0.99,16066
fausto,male,1.0,53935
fawang,male,0.8,3
fawei,male,0.89,25
fawzi,male,0.98,19002
faxian,male,0.83,4
fay,female,0.75,11131
faycal,male,0.99,18454
faye,female,0.97,42635
fayez,male,0.98,12893
fayçal,male,0.99,18454
fazeel,male,0.97,371
fazel,male,0.97,1254
fazhan,male,0.9,19
fazhi,male,0.83,4
fazlay,male,0.97,74
fazle,male,0.99,772
fazlollah,male,0.98,62
fearghal,male,0.99,212
fedele,male,0.98,3245
federica,female,1.0,201103
federico,male,1.0,263197
fedor,male,0.99,7048
fedros,male,0.81,14
fehmi,male,0.98,10029
fei,male,0.54,4960
fei-fei,female,0.89,7
fei-lei,,0.0,0
fei-ting,female,0.75,2
feifan,male,0.69,72
feifang,female,0.75,2
feifei,female,0.84,817
feige,female,0.89,95
feihu,male,0.92,24
feilong,male,0.93,80
feimin,female,0.63,6
feipeng,male,0.92,23
feiran,female,0.58,41
feixiang,male,0.85,63
feiyang,male,0.56,80
feiyu,male,0.66,63
feizhi,male,0.86,5
feizhou,male,0.75,10
felice,male,0.94,21863
felicia,female,0.99,91430
feliciano,male,0.99,12286
felicien,male,0.98,1242
feliks,male,0.99,1620
felipe,male,1.0,392613
felisia,female,0.99,923
felix,male,0.99,261560
felix-benedikt,,0.0,0
fen,female,0.65,1552
fen-fen,female,0.75,2
feng,male,0.92,17496
feng-chuan,male,0.75,2
feng-kun,,0.0,0
feng-lan,female,0.67,1
feng-lei,,0.0,0
feng-li,,0.0,0
feng-ren,,0.0,0
feng-shou,,0.0,0
feng-wei,male,0.8,3
feng-xiao,,0.0,0
feng-yu,male,0.5,4
fengbo,male,0.72,16
fengcheng,male,0.8,8
fengfeng,male,0.55,76
fengge,male,0.82,9
fengguang,male,0.89,7
fenghe,male,0.77,11
fenghua,female,0.53,91
fengjiao,female,0.9,40
fengjie,female,0.67,25
fengkui,male,0.8,3
fengli,female,0.88,39
fenglin,male,0.52,44
fengling,female,0.87,50
fenglong,male,0.83,10
fengming,male,0.71,67
fengnian,male,0.75,6
fengpeng,male,0.75,6
fengping,female,0.77,33
fengqi,male,0.52,23
fengqiao,female,0.67,1
fengqing,female,0.52,23
fengqiu,female,0.75,6
fengquan,male,0.67,7
fengren,male,0.75,2
fengsheng,male,0.88,24
fengsi,,0.0,0
fengwen,male,0.78,7
fengwu,male,0.67,13
fengxiang,male,0.58,24
fengyan,female,0.71,33
fengyi,female,0.59,69
fengyu,female,0.53,43
fengyuan,male,0.81,34
fenner,male,0.94,187
feodor,male,0.99,465
ferah,female,0.82,1479
feras,male,0.99,20869
ferat,male,0.97,3736
feraz,male,0.88,102
ferdi,male,0.98,28503
ferdian,male,0.97,188
ferdinand,male,0.99,30549
ferdinando,male,1.0,21017
fereidoon,male,0.98,121
ferenc,male,1.0,23205
fereshte,female,0.97,795
fereshteh,female,0.99,1907
fergal,male,0.99,1449
fergus,male,1.0,6250
ferhat,male,0.98,64159
ferit,male,0.98,14756
ferkan,male,0.95,137
fermin,male,0.99,24792
fernand,male,0.99,12515
fernanda,female,0.99,314334
fernando,male,1.0,909754
ferran,male,0.99,6610
ferruccio,male,0.99,3786
ferry,male,0.92,6918
feryal,female,0.98,4000
fesseha,male,0.89,44
fetah,male,0.97,2092
fethi,male,0.98,26689
feyishayo,female,0.75,54
feyza,female,0.98,10310
fiachra,male,0.99,296
fiana,female,0.98,402
fidel,male,0.99,47481
field,male,0.99,2324
fiki,male,0.56,532
fil,male,0.87,3387
filiberto,male,0.99,9660
filip,male,0.99,91252
filipa,female,0.99,30303
filipe,male,1.0,82194
filipi,male,0.97,312
filipo,male,0.97,591
filipp,male,0.99,820
filippo,male,1.0,124843
filippos,male,1.0,2230
filippus,male,0.95,64
filomena,female,0.99,44053
finn,male,0.99,20780
finnian,male,0.99,296
finnur,male,0.93,55
fiodar,male,0.94,16
fiona,female,1.0,132823
fionn,male,0.92,1385
fioralba,female,0.99,146
fiorela,female,0.99,7189
fiorella,female,1.0,46985
fiorenza,female,0.99,5687
fiorenzo,male,0.99,4880
firas,male,0.98,37271
firdevs,female,0.98,4485
firdous,female,0.75,3002
firoj,male,0.95,6865
firoza,female,0.94,394
fisca,female,0.51,47
flaminia,female,0.99,1743
flaminio,male,0.99,809
flank,male,0.86,48
flavia,female,1.0,97737
flaviana,female,0.99,1996
flaviano,male,0.99,2068
flavien,male,0.99,7036
flavio,male,1.0,125256
fletcher,male,0.99,4054
fleurianne,female,0.94,16
floor,female,0.89,4487
flor,female,0.98,124789
flora,female,0.99,77847
flore,female,0.96,15804
florence,female,0.99,172837
florencio,male,0.99,13542
florent,male,0.99,60393
florentin,male,0.98,4061
florian,male,1.0,203574
florian-horia,,0.0,0
floriana,female,0.99,13466
floriane,female,0.98,10230
florica,female,0.94,2768
florin,male,0.99,55978
florina,female,0.99,10963
florio,male,0.95,747
floris,male,0.93,5012
floyd,male,0.99,19817
flyura,female,0.98,51
flávio,male,1.0,125256
foad,male,0.97,7990
foivos,male,0.98,102
foling,male,0.67,1
folkert,male,0.99,746
forrest,male,0.99,12422
forte,male,0.73,528
fosca,female,0.97,518
fosco,male,0.98,398
foteini,female,0.99,510
fotios,male,1.0,1043
fotis,male,0.99,5654
fouad,male,0.98,96752
foued,male,0.98,9387
foutse,male,0.71,5
fragkiskos,male,0.98,61
fran,male,0.81,111833
franc,male,0.95,10985
franca,female,0.99,58493
frances,female,0.99,83776
francesc,male,0.98,7637
francesca,female,1.0,454126
francescantonio,male,0.98,109
francesco,male,1.0,733018
francine,female,0.99,67476
franciole,male,0.67,1
francis,male,0.88,124756
francis-yan,male,0.75,2
francisca,female,0.99,122101
francisco,male,1.0,930926
francisco-javier,male,0.99,70
francisco-shu,,0.0,0
franciszek,male,0.99,2691
franck,male,0.99,176691
francky,male,0.98,7928
franco,male,0.99,268642
francois,male,0.99,145512
francoise,female,0.99,87440
frank,male,1.0,679482
frank-olaf,male,0.89,7
franklin,male,0.99,92425
franky,male,0.96,15889
frans,male,0.99,56435
frantisek,male,0.99,11843
františek,male,0.99,11843
frantz,male,0.99,7759
franz,male,0.99,67255
franz-erich,male,0.67,1
franz-josef,male,0.99,750
franz-viktor,,0.0,0
franziska,female,0.99,38318
franziskus,male,0.94,83
françois,male,0.99,145512
françois-xavier,male,1.0,1619
françoise,female,0.99,87440
fraser,male,0.99,13647
frazer,male,0.99,3317
fred,male,0.98,312853
freddie,male,0.95,11494
freddy,male,0.99,143835
frederic,male,0.99,170039
frederick,male,1.0,60107
frederico,male,1.0,21943
frederik,male,1.0,26394
frederique,female,0.97,24967
fredi,male,0.97,9883
fredric,male,1.0,3369
fredrick,male,0.99,20542
fredrik,male,1.0,52088
fredy,male,0.99,97994
freek,male,0.99,3713
freeke,female,0.9,46
freid,male,0.91,76
freya,female,0.99,10702
fridolin,male,0.97,605
fridrich,male,0.91,110
fridrik,male,0.97,116
fridtjof,male,0.99,121
friedemann,male,0.99,262
frieder,male,0.99,377
friederike,female,0.98,2322
friedhelm,male,0.99,1641
friedrich,male,0.99,11801
friedrich-karl,male,0.93,12
frithjof,male,0.98,182
fritjof,male,0.98,81
frits,male,0.98,4877
fritz,male,0.99,27018
froilán,male,0.99,6127
fronefield,,0.0,0
frossie,female,0.8,3
frédéric,male,0.99,170039
frédérick,male,1.0,60107
frédérique,female,0.97,24967
fu,male,0.88,9500
fu-an,male,0.5,2
fu-chun,male,0.5,2
fu-guo,,0.0,0
fu-heng,,0.0,0
fu-hu,,0.0,0
fu-lai,,0.0,0
fu-li,,0.0,0
fu-lin,male,0.75,2
fu-long,male,0.67,1
fu-quan,male,0.8,3
fu-sheng,male,0.6,3
fu-tsun,,0.0,0
fu-wen,male,0.75,2
fu-yuan,male,0.75,2
fucai,male,0.91,9
fuchen,male,0.7,8
fuchuan,male,0.83,4
fuchun,male,0.69,30
fucong,male,0.67,1
fuensanta,female,0.99,1484
fuhui,female,0.64,9
fujia,female,0.59,25
fujio,male,0.98,256
fujun,male,0.86,48
fukiko,female,0.96,47
fukuhito,,0.0,0
fulai,male,0.58,34
fule,female,0.51,71
fulgence,male,0.98,830
fuli,male,0.7,207
fulin,male,0.55,170
fulu,female,0.52,209
fulvia,female,0.99,5675
fulvio,male,1.0,23035
fumi,female,0.87,1524
fumiaki,male,1.0,240
fumie,female,0.98,743
fumihiko,male,0.98,174
fumihiro,male,0.98,130
fumiki,male,0.82,32
fumin,male,0.89,43
fuming,male,0.93,53
fuminobu,male,0.86,5
fuminori,male,0.99,68
fumio,male,0.99,1080
fumitaka,male,0.99,98
fumiya,male,0.99,274
fumiyasu,male,0.96,22
fumiyuki,male,0.89,33
fupeng,male,0.8,3
fuqiang,male,0.96,46
furkan,male,0.99,87930
furong,female,0.75,74
furqan,male,0.99,7002
fusheng,male,0.95,59
fushing,male,0.86,12
fushuai,male,0.8,3
futian,male,0.64,9
futoshi,male,0.99,154
fuxiang,male,0.85,25
fuxun,male,0.67,1
fuyan,female,0.65,15
fuyao,male,0.53,17
fuyi,male,0.8,42
fuyu,male,0.53,86
fuyue,female,0.75,2
fuyuki,male,0.85,57
fuzhen,female,0.58,10
fábio,male,1.0,540438
fèlix,male,0.99,261560
félix,male,0.99,261560
félix-louis,male,0.75,2
gabe,male,0.99,23758
gaber,male,0.98,7199
gabi,female,0.8,70513
gabin,male,0.99,5184
gabino,male,0.99,9216
gabjin,male,0.67,1
gabor,male,0.99,22270
gabriel,male,0.99,654020
gabriel-dominique,,0.0,0
gabriela,female,1.0,440868
gabriele,male,0.86,134317
gabriella,female,1.0,132774
gabrielle,female,0.99,86906
gabrijela,female,0.98,1166
gabrio,male,0.99,498
gabriël,male,0.99,654020
gad,male,0.94,6103
gadadhar,male,0.96,94
gadi,male,0.83,1879
gady,female,0.53,457
gael,male,0.94,27000
gaetana,female,0.99,4481
gaetano,male,0.99,89495
gagandeep,male,0.81,1667
gage,male,0.99,7362
gaia,female,0.99,39311
gaiane,female,0.97,130
gaihua,male,0.5,2
gail,female,0.98,26653
gaitee,female,0.6,3
gajendra,male,0.97,2376
gaku,male,0.97,247
gal,male,0.63,11558
galan,male,0.87,1022
galen,male,0.94,1669
galia,female,0.98,7122
galien,male,0.89,54
galin,male,0.96,1551
galina,female,0.99,46733
galit,female,0.99,5364
galymzhan,male,0.98,350
galyna,female,0.99,1243
gamal,male,0.98,55309
gamaliel,male,1.0,6112
gamini,male,0.96,1031
gan,male,0.65,7132
ganapati,male,0.95,229
gandalf,male,0.97,621
gandhali,female,0.79,12
gane,male,0.54,788
ganesh,male,0.99,105674
gang,male,0.96,1449
gangcan,male,0.67,1
gangcheng,male,0.67,1
gangfeng,male,0.88,6
gangshan,male,0.86,5
gangxiang,male,0.6,3
ganna,female,0.94,4968
ganpathy,male,0.75,2
gansukh,male,0.65,18
ganzhao,,0.0,0
gao,female,0.87,8528
gao-chan,,0.0,0
gao-feng,,0.0,0
gaobiao,male,0.75,2
gaofeng,male,0.97,60
gaogang,,0.0,0
gaojie,female,0.56,16
gaojun,male,0.92,11
gaomin,male,0.67,7
gaopei,,0.0,0
gaoping,male,0.6,8
gaoqing,male,0.75,2
gaoting,,0.0,0
gaoxi,male,0.5,4
gaoxiang,male,0.91,33
gaoyong,male,0.8,3
garegin,male,0.98,97
gareth,male,1.0,57859
garett,male,0.99,2138
gargee,female,0.89,54
gargi,female,0.99,4795
gari,male,0.86,1819
garilynn,female,0.9,8
garima,female,1.0,15850
garnet,male,0.65,732
garnett,male,0.87,424
garrelt,male,0.96,23
garret,male,1.0,5832
garreth,male,1.0,1548
garrett,male,1.0,46057
garrick,male,1.0,3243
garritt,male,0.99,75
garry,male,1.0,55921
garth,male,1.0,13341
garvesh,male,0.86,5
garving,male,0.67,1
gary,male,1.0,504619
gaspar,male,0.98,18180
gaspard,male,0.98,5135
gaspare,male,0.99,11394
gastao,male,0.98,174
gaston,male,0.99,44155
gastone,male,0.98,1121
gastão,male,0.98,174
gastón,male,0.99,44155
gatien,male,0.98,958
gauhar,female,0.85,1755
gaultier,male,0.91,392
gaurab,male,0.96,374
gauranga,male,0.93,119
gaurav,male,1.0,118627
gaurava,male,0.92,10
gauree,female,0.66,27
gauri,female,0.95,12366
gautam,male,0.99,35667
gaute,male,0.99,296
gautham,male,1.0,4416
gauthier,male,0.97,8508
gautier,male,0.95,4768
gaven,male,0.98,919
gavin,male,1.0,84151
gavril,male,0.91,1262
gayan,male,0.92,1977
gayandhi,,0.0,0
gayathri,female,1.0,18271
gayoung,female,0.97,166
gaywalee,,0.0,0
gaétan,male,0.99,39091
gaël,male,0.94,27000
gaëlle,female,0.99,46083
gaëtan,male,0.99,39091
gašper,male,0.98,2408
ge,male,0.58,7229
gebhard,male,0.99,398
gechun,,0.0,0
gecia,female,0.82,9
ged,male,0.91,1493
gediminas,male,1.0,1568
gee-choon,,0.0,0
geert,male,0.99,15873
geertrui,female,0.99,187
geeta,female,0.99,21223
geetha,female,0.99,17269
geethal,male,0.88,6
geethan,male,0.91,53
geethu,female,0.94,375
geevarghese,male,0.97,105
geguang,male,0.67,1
gehad,female,0.85,20385
geir,male,0.99,2968
geir-arne,male,0.95,18
gek,male,0.62,797
gelasio,male,0.98,314
gelu,male,0.94,2363
gemayqzel,,0.0,0
gemma,female,1.0,118800
gen,male,0.6,4645
gen-fu,,0.0,0
genadi,male,0.98,593
genaro,male,0.99,25277
genaína,female,0.97,34
genda,female,0.55,99
gendi,male,0.64,37
gene,male,0.82,17922
genevera,female,0.67,1
genevieve,female,1.0,53696
geneviève,female,1.0,53696
genfu,male,0.89,7
geng,male,0.76,784
gengchiau,male,0.67,1
gengkai,female,0.67,1
gengsheng,male,0.7,8
gengyan,male,0.67,1
genival,male,0.99,909
genkai,male,0.67,4
genki,male,0.97,620
genko,male,0.91,79
genly,female,0.55,20
gennadiy,male,0.99,1221
gennady,male,0.99,1951
gennaro,male,0.99,58093
gennevieve,female,0.97,58
genni,female,0.61,2797
gennian,,0.0,0
geno,male,0.73,6601
genoveva,female,0.99,10446
genqian,male,0.67,1
genqiang,male,0.67,1
genrich,male,0.93,40
genrih,male,0.98,98
genshe,,0.0,0
gensheng,male,0.79,12
genta,female,0.83,1463
gentaro,male,0.98,47
gento,male,0.97,142
genya,female,0.76,548
geoff,male,1.0,66394
geoffery,male,0.99,886
geoffrey,male,1.0,80059
geoffroy,male,0.98,4524
geordie,male,0.97,1761
georg,male,0.99,19515
george,male,0.99,673257
georges,male,0.99,79900
georges-axel,,0.0,0
georgi,male,0.9,11145
georgia,female,0.99,78452
georgiana,female,0.99,20302
georgina,female,1.0,83065
georgios,male,1.0,16656
georgiy,male,1.0,2047
georgy,male,0.75,3339
gera,male,0.58,8831
geraint,male,1.0,961
gerald,male,0.99,144883
geraldine,female,0.99,95880
geraldo,male,1.0,36613
geralf,male,0.91,21
gerard,male,0.99,176483
gerardo,male,1.0,243126
gerasimos,male,1.0,1803
gerben,male,1.0,6916
gerbold,male,0.67,1
gerbrand,male,0.99,286
gerco,male,0.98,520
gerd,male,0.9,12434
gerda,female,0.99,30352
gereon,male,1.0,204
gergely,male,0.97,4853
gergo,male,0.99,2354
gergö,male,0.99,2354
gergő,male,0.99,2354
gerhard,male,1.0,56554
gerhardt,male,0.99,941
gerlind,female,0.97,115
germain,male,0.96,7500
german,male,0.99,135332
germana,female,0.99,4831
germano,male,0.99,6326
germán,male,0.99,135332
gernot,male,1.0,2447
gero,male,0.95,5451
gerold,male,1.0,3414
gerome,male,0.99,3587
geronimo,male,0.99,11171
gerrit,male,1.0,29853
gershon,male,0.99,1791
gert,male,0.98,15771
gert-ludwig,,0.0,0
gert-martin,,0.0,0
gertjan,male,0.99,2571
gertraud,female,0.99,1025
gertrud,female,0.99,4900
gerui,male,0.75,2
gerónimo,male,0.99,11171
gesa,female,0.91,958
gesine,female,0.98,575
gestur,male,0.96,21
gesualdo,male,0.98,852
getachew,male,0.95,1182
gethin,male,1.0,366
geumsook,male,0.67,1
geun,male,0.81,198
geunho,male,0.97,28
geunsik,male,0.88,6
geunsu,male,0.86,5
geuntak,,0.0,0
geurt,male,0.98,303
geva,male,0.65,248
gewu,male,0.67,1
gexin,male,0.78,7
geza,male,0.97,2441
ghada,female,0.98,60282
ghadir,female,0.75,1586
ghafour,male,0.97,481
ghaith,male,0.98,8920
ghajendran,male,0.67,1
ghasem,male,0.97,2379
ghassan,male,0.99,19334
ghassem,male,0.96,135
ghazal,female,0.92,10708
ghazaleh,female,0.99,693
gheorghe,male,0.93,12191
gherardo,male,0.99,553
ghil-seok,,0.0,0
ghislain,male,0.98,9252
ghizlane,female,0.97,16957
gholamhossein,male,0.97,68
gholamreza,male,0.99,891
ghulam,male,0.98,37439
ghurumuruhan,,0.0,0
gi-chol,,0.0,0
gi-hwan,male,0.67,1
gi-sang,male,0.75,2
gia,female,0.82,15405
gia-wei,,0.0,0
giacinto,male,0.99,4657
giacomo,male,1.0,113925
giada,female,0.99,71932
giambattista,male,0.99,1742
giampaolo,male,1.0,9231
giampiero,male,0.99,12165
gian,male,0.99,47484
gian-franco,male,0.98,41
gian-luca,male,1.0,319
gian-marco,male,0.99,93
gianaurelio,male,0.8,3
giancarlo,male,1.0,88751
giandomenico,male,1.0,2075
giane,female,0.92,744
gianfausto,male,0.98,63
gianfranco,male,1.0,64176
giang,male,0.53,1232
gianguido,male,1.0,219
gianira,female,0.98,59
gianlorenzo,male,0.99,346
gianluca,male,1.0,166007
gianluigi,male,1.0,16344
gianmarco,male,1.0,22606
gianmaria,male,0.99,3073
gianmario,male,0.99,2357
gianmassimo,male,0.94,16
gianmichele,male,1.0,464
gianna,female,0.99,35486
gianni,male,0.99,126151
giannis,male,0.99,20043
giannos,male,0.98,481
gianpaolo,male,1.0,11915
gianpiero,male,1.0,9494
gianpietro,male,0.99,2142
gias,male,0.94,2900
gibaik,,0.0,0
gibor,male,0.83,10
gibwa,female,0.67,1
gideok,male,0.75,2
gideon,male,0.99,28604
gidon,male,0.98,407
gieri,male,0.85,31
gigi,female,0.55,78738
gigliola,female,0.99,3666
gihyuk,male,0.86,5
gijs,male,0.99,6084
gijsje,female,0.93,123
gil,male,0.96,60876
gil-ho,male,0.75,2
gilad,male,1.0,4707
gilbert,male,0.99,96525
gilberto,male,1.0,125292
gilda,female,0.99,29460
giles,male,0.99,8314
gili,female,0.76,3322
gilles,male,0.99,113930
gillian,female,0.99,59872
gilly,female,0.64,1782
gilmar,male,1.0,29994
gilwon,male,0.88,6
gilyoung,male,0.86,12
gim,male,0.81,1138
gina,female,0.99,244712
ginestra,female,0.86,64
ginevra,female,0.99,11108
giniyat,male,0.71,5
gino,male,0.99,84376
gioacchino,male,0.99,8830
gioele,male,0.99,4907
gioia,female,0.98,13661
giona,male,0.69,866
gionni,male,0.97,1464
giordano,male,0.99,15335
giorgi,male,0.96,16969
giorgia,female,0.99,99718
giorgio,male,0.99,171692
giorgis,male,0.87,141
giorgos,male,0.99,21486
giovanna,female,0.99,196546
giovanni,male,0.99,500596
giovannimaria,male,0.9,50
giovany,male,0.98,4732
gireeja,,0.0,0
gireesh,male,0.99,1732
giridar,male,0.75,2
giriraj,male,0.96,409
girish,male,1.0,38784
girsh,male,0.85,24
gisela,female,1.0,67977
gisele,female,1.0,66563
gisella,female,1.0,17573
giselle,female,1.0,45628
giseon,male,0.75,10
gita,female,0.97,15700
gitansh,male,0.93,13
gitta,female,0.99,3617
giulia,female,0.99,252152
giuliana,female,1.0,52002
giuliano,male,1.0,51286
giulio,male,0.99,72859
giuseppe,male,0.99,689947
giuseppina,female,0.99,46881
giusi,female,0.98,20953
giusy,female,0.99,75145
gizem,female,0.98,58121
gladis,female,0.99,32100
glauber,male,0.99,902
gleb,male,0.99,7351
glen,male,0.94,81903
glencora,female,0.96,22
glenier,male,0.75,2
glenn,male,1.0,141340
glenn-michael,male,0.67,1
glennys,female,0.99,919
gleydson,male,0.99,465
gloria,female,0.99,442801
gláucia,female,0.99,2471
glòria,female,0.99,442801
gniewomir,male,0.99,71
go,male,0.61,9965
godfred,male,0.99,3545
godfrey,male,0.99,25790
godofredo,male,0.99,3007
godwill,male,0.88,1471
goetz,male,0.88,198
goffredo,male,0.97,1153
gohil,male,0.9,607
gojko,male,0.98,526
gokarna,male,0.94,203
gokce,female,0.88,4417
gokhan,male,0.99,59799
goki,male,0.88,227
gokul,male,0.99,16733
golak,male,0.92,120
golam,male,0.96,7053
golnaz,female,0.99,2178
golnoosh,female,0.98,161
golokesh,male,0.67,1
golrokh,female,0.95,86
gombojav,male,0.5,2
gonca,female,0.97,6110
goncalo,male,1.0,15142
gong,male,0.7,952
gong-bo,,0.0,0
gongchang,female,0.67,1
gongde,male,0.67,1
gongguo,female,0.67,1
gongjie,male,0.67,7
gongjun,male,0.75,2
gongpu,male,0.67,1
gongqiu,,0.0,0
gongxiang,,0.0,0
gongxing,male,0.75,2
goni,male,0.9,2809
gonzalo,male,1.0,165111
gonçalo,male,1.0,15142
goo,male,0.69,1941
goodarz,male,0.95,54
gopal,male,0.98,53965
gopalakrishnan,male,0.99,684
gopalan,male,0.97,432
gopi,female,0.7,24387
gopinath,male,0.98,1539
gopolang,male,0.65,718
gor,male,0.96,3177
goran,male,1.0,49581
gorazd,male,1.0,501
gordan,male,0.99,2816
gordana,female,1.0,17521
gorden,male,0.99,1290
gordon,male,1.0,96963
gorjan,male,0.93,57
gorka,male,0.99,6989
gorm,male,0.99,214
goro,male,0.96,1187
gottfried,male,1.0,4251
gotthard,male,0.99,183
gouhei,male,0.8,3
goulnara,female,0.96,23
goulven,male,0.99,367
goulwen,male,0.97,99
gourab,male,0.99,444
gouranga,male,0.97,547
gourav,male,0.98,2393
gouri,female,0.92,4416
goutam,male,0.97,3484
goutham,male,0.98,854
govert,male,0.99,320
govind,male,0.99,32609
gowoon,female,0.84,53
gowri,female,0.94,6745
gowtham,male,1.0,11138
goëry,male,0.79,12
gp,male,0.83,1854
graca,female,0.98,8519
grace,female,0.99,292030
graciana,female,0.99,1479
graciela,female,0.99,115616
grady,male,0.99,6651
graeme,male,1.0,37875
graham,male,1.0,124091
grahame,male,1.0,3706
graig,male,0.99,1225
gramoz,male,0.98,410
grani,male,0.57,125
grant,male,1.0,88002
grasiela,female,0.99,2841
gray,male,0.87,4240
grayson,male,0.92,1810
graziano,male,0.99,25142
graziela,female,0.99,2101
graziella,female,1.0,47364
gražina,female,0.99,1034
greg,male,1.0,386263
greger,male,0.98,445
gregg,male,1.0,31401
gregoire,male,0.99,13113
gregor,male,1.0,24298
gregorio,male,0.99,56877
gregoris,male,0.92,206
gregory,male,1.0,214586
gregório,male,0.99,56877
greta,female,0.99,52310
gretchen,female,1.0,29826
grey,male,0.65,3425
griffin,male,0.99,9246
grigor,male,0.99,2304
grigore,male,0.84,3572
grigori,male,0.98,728
grigorii,male,0.98,298
grigorios,male,0.99,222
grigoris,male,0.99,1516
grigoriy,male,1.0,2112
grigory,male,1.0,3602
grischa,male,0.96,188
griselda,female,0.99,36102
grisell,female,1.0,1421
grzegorz,male,1.0,107969
grégoire,male,0.99,13113
grégory,male,1.0,214586
gu,female,0.53,4067
gu-qiang,,0.0,0
gu-yeon,,0.0,0
guadalupe,female,0.86,87936
guan,male,0.92,5037
guan-hao,male,0.67,1
guan-jie,male,0.8,3
guan-jun,,0.0,0
guan-nan,male,0.75,2
guan-ru,female,0.75,2
guan-tie,,0.0,0
guan-wen,,0.0,0
guan-ying,male,0.6,3
guan-zhong,,0.0,0
guanbao,male,0.9,8
guancong,male,0.83,4
guanding,,0.0,0
guandong,male,0.91,9
guang,male,0.9,928
guang-can,,0.0,0
guang-cheng,,0.0,0
guang-han,,0.0,0
guang-hua,,0.0,0
guang-hui,,0.0,0
guang-juan,,0.0,0
guang-jun,,0.0,0
guang-liang,male,0.67,1
guang-ming,male,0.75,2
guang-wei,,0.0,0
guang-xing,,0.0,0
guang-xiong,,0.0,0
guang-yao,,0.0,0
guang-you,,0.0,0
guang-yu,male,0.67,1
guang-zhong,,0.0,0
guangbin,male,0.94,30
guangbo,male,0.91,9
guangcai,male,0.8,8
guangcan,male,0.89,7
guangchen,male,0.83,10
guangcun,male,0.75,2
guangdong,male,0.93,27
guangfu,male,0.93,26
guanghan,male,0.67,10
guanghao,male,0.96,53
guangheng,male,0.8,3
guanghua,male,0.88,48
guanghui,male,0.88,98
guangjun,male,0.92,37
guanglian,female,0.57,5
guanglong,male,0.97,30
guangming,male,0.97,88
guangmo,,0.0,0
guangnan,male,0.83,21
guangpeng,male,0.83,4
guangping,male,0.79,37
guangqian,male,0.63,6
guangqiang,male,0.94,16
guangqu,female,0.67,1
guangquan,male,0.92,10
guangtao,male,0.96,21
guangtong,male,0.83,4
guangtun,male,0.67,1
guangwei,male,0.95,53
guangwen,male,0.87,28
guangxiang,male,0.78,7
guangxu,male,0.83,16
guangya,male,0.86,19
guangyang,male,0.73,9
guangyao,male,0.96,46
guangyi,male,0.82,55
guangying,male,0.5,12
guangyong,male,0.9,18
guangyu,male,0.87,139
guangyuan,male,0.93,41
guangyue,male,0.62,19
guangze,male,0.79,12
guangzhao,male,0.58,10
guangzhen,male,0.79,17
guangzhou,male,0.71,43
guangzong,male,0.83,4
guanhao,male,0.96,26
guanhua,male,0.86,54
guanhui,male,0.86,12
guannan,male,0.58,81
guanrong,male,0.91,9
guansheng,male,0.91,9
guantao,male,0.8,3
guanwen,male,0.67,13
guanxing,male,0.67,1
guanxiong,male,0.86,12
guanya,male,0.67,1
guanyang,male,0.75,6
guanyi,male,0.65,44
guanying,male,0.61,21
guanyu,male,0.85,114
guanzhong,male,0.95,17
guchong,,0.0,0
guchuan,male,0.75,2
gudlaugur,male,0.97,30
gudmund,male,0.99,92
gudmundur,male,0.99,377
gudrid,female,0.89,7
gudrun,female,0.99,15553
gueltoum,male,0.5,2
guenter,male,1.0,4790
guenther,male,1.0,2983
guergana,female,0.92,24
guey-lin,,0.0,0
gufang,female,0.67,1
guftaar,male,0.67,1
guglielmo,male,0.99,9677
guhan,male,0.98,787
gui,male,0.89,7815
gui-bin,,0.0,0
gui-geng,,0.0,0
gui-jun,,0.0,0
gui-lei,,0.0,0
gui-lu,,0.0,0
gui-ming,,0.0,0
gui-qiang,,0.0,0
gui-yuan,,0.0,0
guichuan,female,0.57,5
guicong,female,0.67,1
guido,male,1.0,105972
guifang,female,0.88,38
guifeng,male,0.58,31
guifre,male,0.98,82
guihai,male,0.8,3
guihong,female,0.71,26
guihua,female,0.75,89
guilaine,female,0.98,1198
guilhem,male,0.99,2511
guilherme,male,1.0,141119
guilin,male,0.83,113
guiling,female,0.9,38
guillaume,male,1.0,208646
guillem,male,1.0,4765
guillermo,male,1.0,269015
guilong,male,0.91,9
guilu,male,0.57,12
guin-dar,,0.0,0
guinevere,female,0.99,766
guiquan,male,0.86,5
guixiang,female,0.85,44
guixin,female,0.75,14
guiyang,male,0.85,11
guiying,female,0.92,58
guiyu,female,0.52,21
guizhou,male,0.83,4
gulab,male,0.94,4456
gulcin,female,0.98,4953
gulgassyl,,0.0,0
gumaro,male,1.0,1344
gunadhor,male,0.8,3
gunar,male,0.97,649
gundolf,male,0.98,106
gunduz,male,0.91,1432
gunes,female,0.76,5538
gunhee,male,0.69,62
gunilla,female,1.0,4515
gunn,female,0.81,792
gunnar,male,1.0,25719
gunsu,female,0.84,79
guntars,male,1.0,327
gunter,male,0.99,17052
gunther,male,1.0,15403
guntur,male,0.97,723
gunwoo,male,0.98,104
guo,male,0.65,2469
guo-dong,,0.0,0
guo-feng,,0.0,0
guo-fu,male,0.67,1
guo-hua,male,0.67,1
guo-jhen,,0.0,0
guo-jian,,0.0,0
guo-li,,0.0,0
guo-liang,male,0.75,2
guo-niu,,0.0,0
guo-ping,male,0.67,1
guo-qiang,male,0.67,1
guo-qing,,0.0,0
guo-shuai,,0.0,0
guo-wei,male,0.83,4
guo-xiang,male,0.67,1
guo-xing,,0.0,0
guo-yi,,0.0,0
guo-yin,,0.0,0
guo-yong,,0.0,0
guo-yuan,,0.0,0
guo-zhang,male,0.67,1
guo-zhu,,0.0,0
guoai,male,0.5,2
guoan,male,0.91,20
guobao,male,0.89,16
guobin,male,0.99,66
guocai,male,0.93,13
guoce,male,0.8,3
guochao,male,0.9,19
guochu,male,0.67,1
guochun,male,0.9,18
guodong,male,0.97,154
guodu,male,0.8,3
guoen,male,0.85,11
guofa,male,0.88,6
guofang,male,0.55,36
guofeng,male,0.88,87
guofu,male,0.98,43
guohao,male,0.97,62
guohong,male,0.64,51
guohua,male,0.74,177
guohuan,male,0.71,12
guohui,male,0.91,96
guojian,male,0.97,34
guojing,male,0.71,26
guojun,male,0.93,101
guokuan,,0.0,0
guolei,male,0.81,14
guoli,male,0.66,51
guoliang,male,0.99,133
guolie,,0.0,0
guolin,male,0.86,56
guolong,male,0.97,33
guomin,male,0.74,44
guoming,male,0.94,63
guopeng,male,0.93,25
guoping,male,0.83,91
guoqi,male,0.89,25
guoqiang,male,0.98,148
guoqing,male,0.96,134
guoquan,male,0.98,57
guoren,male,0.7,8
guoru,male,0.5,2
guorui,male,0.76,35
guosheng,male,0.96,49
guotai,male,0.94,15
guowei,male,0.95,142
guoxiang,male,0.82,42
guoxin,male,0.88,55
guoxing,male,0.91,42
guoyang,male,0.96,24
guoyi,male,0.72,30
guoyin,male,0.76,27
guoying,female,0.67,58
guoyuan,male,0.83,22
guozhen,male,0.61,42
guozhi,male,0.85,24
guozhu,male,0.84,30
gur,male,0.86,1149
guram,male,0.96,387
gurbinder,male,0.88,294
gurbir,male,0.97,895
gurcan,male,0.93,2611
gurjap,male,0.88,46
gurjyot,male,0.92,23
gurleen,female,0.97,2343
gurmeet,male,0.81,3023
gurpreet,male,0.82,9527
gursel,male,0.94,5311
gursharn,male,0.73,135
gurtej,male,0.99,1219
gurtina,,0.0,0
guru,male,0.98,18978
guruprasad,male,0.98,456
gururaghav,male,0.67,1
gus,male,0.99,30161
gushu,male,0.78,7
gustaaf,male,0.99,499
gustaf,male,1.0,4193
gustau,male,0.94,50
gustav,male,0.99,17370
gustavo,male,1.0,429531
guus,male,0.97,3681
guy,male,0.99,169036
guy-bart,male,0.67,1
guyue,female,0.56,16
guzmán,male,0.86,3763
guðlaugur,male,0.97,30
guðmundur,male,0.99,377
gwanjeong,,0.0,0
gwen,female,0.95,59283
gwenael,male,0.93,2994
gwenaël,male,0.93,2994
gwendolyn,female,1.0,18703
gwenhaël,male,0.71,85
gwennou,female,0.75,10
gwladys,female,0.98,3748
gwo,male,0.81,51
gwyn,male,0.54,1022
gwyneth,female,0.99,3017
gwynn,female,0.76,137
gyanendra,male,0.98,890
gye-seon,,0.0,0
gyorgy,male,0.96,2773
gyu-boong,,0.0,0
gyula,male,0.99,6918
gyungchoon,,0.0,0
györgy,male,0.96,2773
gábor,male,0.99,22270
gáspár,male,0.98,18180
gérald,male,0.99,144883
géraldine,female,0.99,95880
gérard,male,0.99,176483
géraud,male,0.99,1601
géza,male,0.97,2441
gökalp,male,0.98,798
gökhan,male,0.99,59799
göran,male,1.0,49581
götz,male,0.95,289
gøran,male,1.0,49581
gülay,female,0.98,17279
gülin,female,0.93,716
güneş,female,0.76,5538
günter,male,0.99,17052
günther,male,1.0,15403
gürkan,male,0.98,11097
ha,male,0.56,52139
ha-jin,male,0.6,3
ha-vu,,0.0,0
haakan,male,0.92,49
haakon,male,1.0,1521
haavard,male,0.99,73
habib,male,0.96,110116
habiba,female,0.96,56850
habibul,male,0.96,687
hacène,male,0.99,6053
hadallia,,0.0,0
hadar,female,0.86,5940
hadas,female,0.98,4967
hadeel,female,0.99,23646
hadewijch,female,0.95,39
hadi,male,0.97,74310
hadis,female,0.58,1744
hadiseh,female,0.96,79
hadleigh,female,0.82,245
hadrien,male,1.0,4576
hae,female,0.8,2574
hae-young,female,0.7,8
haejoon,male,0.7,8
haeran,female,0.92,24
haesung,male,0.71,56
haeun,female,0.97,457
haewon,female,0.68,109
haewoon,male,0.83,4
hafedh,male,0.99,5310
hafez,male,0.97,6172
hafida,female,0.95,20079
hafiz,male,0.98,51329
hagai,male,0.99,648
hagen,male,0.97,1941
haggai,male,0.97,960
hagit,female,0.98,1730
hagop,male,0.99,2012
hai,male,0.76,8537
hai-bin,male,0.67,1
hai-bing,,0.0,0
hai-bo,,0.0,0
hai-cheng,,0.0,0
hai-chuan,,0.0,0
hai-feng,,0.0,0
hai-hong,male,0.67,1
hai-hu,,0.0,0
hai-hua,,0.0,0
hai-hui,,0.0,0
hai-jun,male,0.67,1
hai-li,female,0.8,3
hai-liang,male,0.5,2
hai-ming,male,0.75,2
hai-nan,male,0.67,1
hai-ning,male,0.67,1
hai-ou,,0.0,0
hai-peng,,0.0,0
hai-ping,male,0.5,2
hai-qing,male,0.67,1
hai-rui,,0.0,0
hai-shan,,0.0,0
hai-sheng,male,0.67,1
hai-tao,,0.0,0
hai-tian,,0.0,0
hai-wei,male,0.67,1
hai-xiao,,0.0,0
hai-yang,,0.0,0
hai-yao,,0.0,0
hai-zhou,,0.0,0
haian,male,0.93,118
haibao,male,0.91,9
haibin,male,0.92,212
haibing,male,0.83,56
haibo,male,0.91,311
haichao,male,0.92,58
haicheng,male,0.91,43
haidan,female,0.53,71
haidar,male,0.97,12524
haide,female,0.97,1957
haidong,male,0.97,112
haifa,female,0.97,16431
haifan,male,0.7,21
haifei,male,0.7,35
haifeng,male,0.93,367
haigang,male,0.93,25
haiguang,male,0.89,35
haihao,male,0.92,10
haihu,male,0.73,9
haihua,female,0.64,83
haijian,male,0.96,43
haijing,female,0.88,66
haijun,male,0.94,178
haiko,male,0.97,436
haikuan,male,0.63,6
hailan,female,0.72,115
hailiang,male,0.98,51
hailin,female,0.58,223
hailong,male,0.98,218
hailu,male,0.92,533
hailun,female,0.62,61
haim,male,0.98,9911
haimiao,male,0.63,6
haimin,male,0.7,65
haiming,male,0.88,119
hainan,male,0.7,84
haining,male,0.64,82
haipeng,male,0.94,88
haiping,male,0.55,152
haiqing,male,0.58,108
haiqiong,female,0.93,13
haiquan,male,0.91,31
hairong,female,0.63,90
hairun,male,0.55,168
haishan,male,0.64,53
haisheng,male,0.93,67
haisu,male,0.65,21
haitang,female,0.59,15
haitao,male,0.95,345
haitham,male,0.99,35998
haitian,male,0.66,27
haiwei,male,0.76,88
haiwen,male,0.64,54
haixia,female,0.96,159
haixiang,male,0.85,37
haixiao,male,0.6,41
haixin,male,0.5,58
haixing,male,0.72,27
haixu,male,0.9,19
haixuan,female,0.59,15
haiyan,female,0.92,789
haiyang,male,0.88,239
haiye,male,0.64,9
haiyi,female,0.61,55
haiying,female,0.9,256
haiyong,male,0.93,52
haiyu,female,0.56,69
haiyuan,male,0.72,34
haiyue,female,0.65,53
haizhao,male,0.75,2
haizhi,male,0.6,13
haizhong,male,0.84,17
haizhou,male,0.95,40
hajer,female,0.97,19871
haji,male,0.96,46030
hajime,male,0.99,2663
hajo,male,0.87,1327
hak-sub,,0.0,0
hakan,male,0.98,269400
hakaru,male,0.63,6
hakim,male,0.98,122897
hakima,female,0.95,19776
hakop,male,0.98,254
hal,male,0.95,18460
haldun,male,0.98,1918
haley,female,1.0,53499
halil,male,0.99,135041
halim,male,0.97,50028
halima,female,0.96,57023
halina,female,0.99,24158
halszka,female,0.98,156
haluk,male,0.98,10120
halyna,female,0.99,4156
halyun,,0.0,0
hamad,male,0.97,41308
hamdan,male,0.98,12401
hamdi,male,0.94,50286
hamed,male,0.98,87533
hamid,male,0.98,270374
hamidou,male,0.96,10136
hamidreza,male,0.98,4187
hamilton,male,0.99,19147
hamim,male,0.94,1515
hamish,male,1.0,9377
hamou,male,0.96,5226
hampei,,0.0,0
hampus,male,1.0,1734
hamsa,male,0.52,7558
hamza,male,0.97,430340
hamzeh,male,0.99,7389
han,male,0.6,21466
han-bom,,0.0,0
han-chieh,male,0.8,3
han-gyu,male,0.83,4
han-lim,male,0.67,1
han-qing,,0.0,0
han-sen,male,0.8,3
han-xin,,0.0,0
han-young,male,0.83,4
han-zhong,,0.0,0
hana,female,0.97,158242
hanae,female,0.94,16333
hanako,female,0.96,1044
hanamichi,male,0.91,156
hanan,female,0.93,136686
hanbaek,male,0.83,4
hanbit,male,0.71,36
hanbo,male,0.87,51
hancheng,male,0.85,25
handika,male,0.89,83
haneul,female,0.75,192
hanfeng,male,0.86,27
hang,female,0.83,13210
hang-hyun,,0.0,0
hangdong,male,0.86,5
hanghang,male,0.72,66
hanghui,male,0.83,4
hangjie,male,0.75,10
hangsong,male,0.67,1
hangting,female,0.83,4
hanhan,female,0.62,179
hani,male,0.82,52399
hania,female,0.98,11986
hanieh,female,0.97,824
haniel,male,0.85,434
hanindyo,male,0.78,7
hanine,female,0.77,3571
hanjia,male,0.5,6
hanjie,male,0.72,63
hanjo,male,0.97,237
hanjong,male,0.88,6
hank,male,0.99,24204
hankyung,male,0.69,14
hanlei,male,0.71,19
hanli,female,0.79,119
hanliang,male,0.95,19
hanlin,male,0.79,114
hanlun,male,0.85,11
hanmeng,male,0.67,13
hanming,male,0.9,48
hanna,female,0.96,122229
hannah,female,1.0,278486
hannan,male,0.7,6612
hanne,female,0.99,34163
hanneke,female,0.99,4986
hannes,male,1.0,28638
hanno,male,0.79,1599
hanns-peter,male,0.92,11
hannu,male,0.99,5951
hannu-pekka,male,0.98,64
hanpeng,male,0.94,16
hanqing,male,0.71,91
hanrui,male,0.64,20
hans,male,0.99,255670
hans-arno,male,0.9,8
hans-christian,male,1.0,287
hans-christoph,male,0.98,43
hans-georg,male,0.99,699
hans-günter,male,0.99,147
hans-joachim,male,1.0,1939
hans-jürgen,male,1.0,2382
hans-otto,male,0.99,105
hans-peter,male,1.0,3334
hans-thomas,male,0.95,17
hans-walter,male,0.99,97
hans-werner,male,1.0,673
hanshen,male,0.93,12
hansheng,male,0.98,48
hanshuang,male,0.6,3
hansjoerg,male,0.99,138
hansjörg,male,1.0,728
hansjürg,male,0.98,62
hansol,male,0.63,348
hanson,male,0.98,4275
hanspeter,male,0.99,1673
hansung,male,0.96,45
hantaek,male,0.67,1
hantao,male,0.91,32
hantian,male,0.8,13
hanting,male,0.76,36
hanwen,male,0.74,128
hanwool,male,0.64,40
hanwu,male,0.9,8
hanxiao,female,0.54,59
hanxiong,male,0.93,12
hanxu,male,0.52,19
hanying,female,0.85,52
hanyu,female,0.55,193
hanyuan,male,0.63,28
hanyue,female,0.87,28
hanz,male,0.95,3802
hanzhe,male,0.83,16
hanzhong,male,0.94,15
hanzhou,male,0.83,10
hao,male,0.87,6408
hao-bin,,0.0,0
hao-chung,male,0.75,2
hao-jie,male,0.67,1
hao-jui,male,0.67,1
hao-lin,male,0.83,4
hao-ning,,0.0,0
hao-ran,male,0.86,5
hao-yi,male,0.5,2
hao-yu,male,0.98,39
hao-yuan,male,0.88,6
haobo,male,0.95,60
haocheng,male,0.96,52
haochuan,male,0.92,10
haocong,male,0.67,7
haocun,female,0.67,1
haoda,male,0.74,21
haode,male,0.8,3
haodong,male,0.93,54
haohe,male,0.8,3
haojiang,male,0.82,9
haojie,male,0.95,127
haojing,female,0.71,12
haokun,male,0.96,21
haolei,male,0.71,12
haolong,male,0.93,28
haomin,male,0.82,49
haoming,male,0.94,118
haonan,male,0.86,153
haopeng,male,0.94,33
haoqi,male,0.73,43
haoran,male,0.97,1509
haoren,male,0.88,31
haoshuo,male,0.67,1
haosui,,0.0,0
haotian,male,0.93,209
haotong,male,0.73,13
haowei,male,0.86,121
haowen,male,0.96,395
haowu,male,0.83,4
haoxiang,male,0.96,68
haoxin,male,0.77,42
haoxiong,male,0.83,4
haoxuan,male,0.95,221
haoxue,female,0.56,7
haoyang,male,0.98,555
haoyu,male,0.96,1003
haoyue,female,0.73,69
haozhao,male,0.75,2
haozhe,male,0.95,55
haozhen,male,0.67,13
happy,male,0.51,30983
haralabos,male,0.98,105
haralambos,male,1.0,212
harald,male,1.0,50237
harbir,male,0.88,174
hardi,male,0.91,1213
hardik,male,1.0,23544
hardy,male,0.98,9265
hareesh,male,0.99,1115
harekrushna,male,0.94,67
hari,male,0.98,85322
haridimos,male,0.9,8
hariharan,male,1.0,5020
harikrishnan,male,0.98,454
harikumar,male,0.98,444
harin,male,0.94,1005
harinaivo,male,0.92,11
harinder,male,0.94,4911
hariom,male,0.97,1833
haripada,male,0.99,119
haris,male,0.98,35729
harish,male,1.0,67636
harishankar,male,0.97,504
harishchandra,male,0.97,295
haritma,,0.0,0
hark,male,0.9,231
harkirat,male,0.89,316
harlan,male,0.99,4503
harleen,female,0.98,3334
harley,male,0.7,9015
harm,male,0.99,9417
harold,male,1.0,111003
haroldo,male,1.0,7168
haroune,male,0.94,1444
harpreet,male,0.68,7332
harri,male,0.97,7064
harriet,female,1.0,35271
harris,male,0.99,19053
harrison,male,0.99,37162
harry,male,0.99,233225
harsh,male,0.99,48818
harsha,male,0.66,4094
harshal,male,1.0,12744
harshit,male,1.0,16814
harsimran,male,0.69,450
hart,male,0.72,1399
hartmut,male,1.0,4756
hartosh,male,0.5,2
hartwig,male,0.99,557
harufumi,male,0.86,5
haruhisa,male,0.98,48
haruka,female,0.95,3648
haruki,male,0.95,956
haruko,female,0.98,917
harukuni,male,0.75,2
harumichi,male,0.91,9
harun,male,0.98,87813
haruno,female,0.83,127
haruo,male,0.99,726
haruya,male,0.96,26
harvendra,male,0.93,28
harvey,male,0.99,37435
haryanto,male,0.98,254
hasan,male,0.98,487235
haseeb,male,0.99,12495
hashem,male,0.98,16579
hashim,male,0.98,26449
hasnain,male,0.99,8699
hassan,male,0.98,596993
hassen,male,0.98,34304
hasung,male,0.79,17
hatef,male,0.97,283
hatem,male,0.98,57836
hatice,female,0.98,114009
hatim,male,0.97,27180
hau,male,0.69,1598
hau-tieng,,0.0,0
hau-wen,male,0.75,2
hauke,male,0.98,1316
hauyu,female,0.85,11
hava,female,0.97,8821
havva,female,0.98,22631
hawoong,,0.0,0
hawre,male,0.97,316
haya,female,0.96,23699
hayam,female,0.97,9315
hayata,male,0.64,1030
hayato,male,0.94,2067
haydee,female,0.99,22338
hayden,male,0.91,8341
hayder,male,0.98,6797
hayley,female,1.0,71471
hayoung,female,0.93,755
hayssam,male,0.98,589
hazel,female,0.99,63261
hazem,male,0.98,63403
hazer,male,0.68,306
hazhir,male,0.97,156
he,male,0.59,10634
he-liang,,0.0,0
he-xia,,0.0,0
he-xu,,0.0,0
he-yang,,0.0,0
heath,male,0.99,17111
heather,female,1.0,351976
heba,female,0.98,122947
hebin,male,0.88,32
hebing,male,0.7,8
hechang,male,0.75,2
hechao,male,0.75,2
hechuan,male,0.67,4
hector,male,1.0,345322
hedayat,male,0.93,764
hedibert,male,0.67,1
hedieh,female,0.99,1056
hedongliang,,0.0,0
hedy,female,0.88,5850
hedyeh,female,0.98,101
hee,female,0.75,7372
hee-cheol,male,0.75,2
hee-jong,male,0.89,7
hee-joong,male,0.67,1
hee-kap,,0.0,0
hee-seok,male,0.9,8
hee-seung,male,0.67,13
hee-soo,female,0.55,9
hee-weon,,0.0,0
hee-won,male,0.53,17
heechan,male,0.97,38
heechul,male,0.84,88
heedong,male,0.9,38
heer,female,0.83,1396
heerak,male,0.9,19
heesang,male,0.88,32
heesu,male,0.53,68
heetae,male,0.95,37
heeyeon,female,0.9,98
heeyoung,female,0.81,183
hefan,male,0.71,5
heguo,male,0.83,4
hehong,female,0.75,6
hehu,male,0.7,8
hehui,male,0.5,8
hei,male,0.63,2897
heide,female,0.99,5503
heidi,female,1.0,185102
heike,female,0.99,50447
heikki,male,1.0,5771
heiko,male,1.0,32661
hein,male,0.99,11280
heiner,male,1.0,8434
heino,male,0.99,1708
heinrich,male,1.0,17047
heinz,male,1.0,35715
heinz-bernd,male,0.95,18
heinz-jürgen,male,0.99,170
heinz-peter,male,1.0,276
heinz-wilhelm,male,0.96,23
hekang,male,0.75,2
hekun,male,0.7,8
helder,male,1.0,38031
helei,male,0.5,16
helen,female,1.0,376172
helena,female,0.99,211369
helene,female,0.99,111357
helga,female,0.99,39601
helge,male,0.99,12320
helgi,male,0.8,322
heli,female,0.78,7799
helin,female,0.96,7277
heling,female,0.61,31
helion,male,0.91,62
heliudson,,0.0,0
helka-liina,female,0.75,2
helle,female,0.97,6781
hellen,female,0.99,36533
helmer,male,0.99,3903
helmi,male,0.64,16971
helmut,male,1.0,40133
helmuth,male,1.0,3442
heloise,female,0.99,7497
helton,male,1.0,6575
helvi,female,0.97,759
hem,male,0.86,2942
hema,female,0.56,49076
hemanshu,male,0.98,205
hemant,male,1.0,50223
hemanta,male,0.95,1424
hemanth,male,1.0,13255
hemantkumar,male,0.96,80
hemian,male,0.5,2
heming,male,0.85,76
hemlata,female,0.98,826
hemwati,male,0.6,3
hemza,male,0.98,1447
hen,male,0.55,4171
henderik,male,0.97,74
hendra,male,0.97,3956
hendrik,male,1.0,34991
heng,male,0.88,12308
heng-an,,0.0,0
heng-dong,,0.0,0
heng-sheng,male,0.75,2
heng-tong,male,0.67,1
heng-yu,male,0.75,2
hengameh,female,0.98,557
hengdi,male,0.78,7
hengfei,male,0.75,6
hengfeng,male,0.86,5
hengguang,male,0.8,3
hengjia,female,0.63,6
hengjie,male,0.85,11
hengming,male,0.87,13
hengqian,male,0.75,2
hengqiang,male,0.67,1
hengrong,male,0.5,2
hengtao,male,0.8,3
hengxiao,male,0.5,4
hengxin,male,0.8,8
hengxing,male,0.88,6
hengxu,male,0.71,5
hengyuan,female,0.56,7
hengyun,male,0.6,3
henk,male,0.98,40475
henna,female,0.98,10910
henner,male,0.98,314
henning,male,1.0,21432
henri,male,0.98,41039
henric,male,0.99,675
henricus,male,0.97,114
henrietta,female,1.0,12691
henriette,female,0.99,25393
henrik,male,1.0,77125
henrike,female,0.83,1253
henrique,male,1.0,84284
henry,male,0.99,359582
henry-louis,male,0.88,6
henryk,male,1.0,12814
henryka,female,0.99,1945
henso,male,0.87,21
heonoh,,0.0,0
heorhii,male,0.95,19
hepeng,male,0.71,5
heping,male,0.73,65
heqing,female,0.71,22
heqiu,female,0.67,1
herbert,male,1.0,68135
herbi,male,0.94,161
heribertus,male,0.94,30
herivelto,male,0.99,68
herlik,male,0.75,2
herman,male,0.99,74576
hermann,male,0.99,31057
hermano,male,0.97,1252
hermen,male,0.98,948
hermine,female,0.98,7966
hernan,male,1.0,97019
hernando,male,1.0,31367
hernán,male,1.0,97019
herold,male,0.98,1538
heron,male,0.94,1539
herre,male,0.95,121
herschel,male,0.98,1680
hersh,male,0.98,1135
herta,female,0.97,2755
herve,male,0.99,65333
hervé,male,0.99,65333
herwig,male,0.99,917
hery,male,0.97,9475
hesham,male,0.99,76099
heshan,male,0.98,212
heshou,,0.0,0
hessam,male,0.97,1188
hessein,male,0.99,421
hessel,male,0.99,1729
hester,female,0.98,3810
heung-sik,male,0.8,3
hexi,female,0.71,66
heyrim,female,0.9,8
heyuan,male,0.59,15
hezhen,female,0.77,11
hezhu,male,0.75,2
hicham,male,0.98,230527
hichem,male,0.98,44481
hidayet,male,0.84,7914
hidde,male,0.99,1364
hideaki,male,0.99,995
hidefumi,male,0.99,93
hidehiko,male,0.99,119
hidehiro,male,0.99,78
hidekatsu,male,0.97,30
hidekazu,male,1.0,302
hideki,male,1.0,4773
hideko,female,0.99,573
hidenobu,male,0.99,81
hidenori,male,1.0,354
hideo,male,1.0,2771
hideshi,male,0.99,67
hideto,male,0.98,291
hidetomo,male,0.96,26
hidetoshi,male,0.99,322
hidetsugu,male,0.98,46
hideya,female,0.53,229
hideyo,male,0.65,50
hideyoshi,male,0.94,76
hideyuki,male,1.0,789
hien,female,0.64,2791
hieu,male,0.84,1919
hikari,female,0.89,1533
hikaru,male,0.65,1179
hikmat,male,0.67,2616
hikmet,male,0.91,22727
hila,female,0.96,8766
hilairy,female,0.6,3
hilal,female,0.71,31374
hilary,female,0.85,15345
hildeberto,male,0.99,162
hilding,male,0.99,119
hilel,male,0.94,372
hilke,female,0.98,566
hillel,male,0.99,1548
hilmi,male,0.98,13125
hilton,male,0.99,10852
hilário,male,0.99,17447
himadri,male,0.62,402
himalaya,male,0.78,202
himangshu,male,0.98,340
himangsu,male,0.97,35
himanshu,male,1.0,59611
himchan,male,0.93,27
hina,female,0.97,19890
hind,female,0.96,65128
hing,male,0.79,3285
hing-tong,,0.0,0
hinke,female,0.93,383
hipolito,male,0.99,8299
hippolyte,male,0.97,1642
hirad,male,0.94,208
hiraku,male,0.93,58
hiram,male,0.99,9543
hiranmaya,male,0.86,5
hiranmoy,male,0.94,52
hiranya,male,0.75,160
hirdesh,male,0.93,204
hiren,male,1.0,14715
hirley,female,0.59,27
hiro,male,0.92,3812
hiro-o,,0.0,0
hiroaki,male,1.0,4581
hirofumi,male,1.0,569
hirohiko,male,0.98,58
hirohisa,male,0.99,129
hiroju,,0.0,0
hirokazu,male,1.0,655
hiroki,male,1.0,6654
hiroko,female,1.0,5726
hiromasa,male,0.99,229
hiromi,female,0.88,2437
hiromichi,male,1.0,216
hiromitsu,male,0.99,227
hiromoto,male,0.92,11
hiromu,male,1.0,402
hironao,male,0.97,33
hironobu,male,1.0,237
hironori,male,1.0,452
hiroo,male,0.93,193
hirosane,,0.0,0
hiroshi,male,1.0,15544
hiroshige,male,0.96,49
hirosi,male,0.97,87
hirotada,male,0.95,19
hirotaka,male,0.99,553
hiroto,male,0.99,1236
hirotsugu,male,0.98,92
hiroya,male,0.99,255
hiroyasu,male,1.0,211
hiroyoshi,male,0.99,138
hiroyuki,male,1.0,8983
hisakazu,male,0.97,33
hisaki,male,0.86,41
hisamitsu,male,0.86,12
hisanori,male,0.99,119
hisao,male,0.99,699
hisashi,male,1.0,1820
hisato,male,0.94,98
hisatomo,male,0.92,10
hisayoshi,male,0.99,67
hisazumi,,0.0,0
hisham,male,0.99,54506
hishiro,male,0.75,6
hiske,female,0.94,205
hitay,male,0.52,25
hitesh,male,1.0,40595
hitoshi,male,1.0,3380
hiwa,male,0.92,885
hjalmar,male,1.0,1286
hjalte,male,0.99,115
ho,male,0.81,42398
ho-chun,,0.0,0
ho-gyu,male,0.67,1
ho-hon,,0.0,0
ho-kin,male,0.75,2
ho-kuen,,0.0,0
ho-kwang,male,0.67,1
ho-meoyng,,0.0,0
ho-ung,male,0.67,1
hoa,female,0.69,3822
hoai,female,0.6,613
hoai-minh,,0.0,0
hoang,male,0.74,4983
hoang-anh,female,0.67,7
hoang-dung,,0.0,0
hoang-hung,,0.0,0
hoang-son,male,0.67,1
hocine,male,0.98,26772
hock,male,0.97,1687
hodari-sadiki,,0.0,0
hoel,male,0.94,205
hoger,male,0.98,253
hoi,male,0.59,4017
hoi-fung,male,0.83,4
hoi-kwan,male,0.67,1
hoi-kwong,male,0.67,1
hoi-to,male,0.67,1
hoirin,male,0.75,2
hojae,male,0.97,32
hojin,male,0.85,259
hojoong,male,0.94,14
hokuto,male,0.94,126
holger,male,1.0,42673
holland,male,0.64,659
hollis,male,0.72,704
holly,female,0.99,150148
holmfridur,female,0.98,39
homa,female,0.81,2650
homayoon,male,0.98,467
homayoun,male,0.99,612
homayun,male,0.94,703
hon,,0.0,0
hong,male,0.58,16650
hong-bae,male,0.8,3
hong-bin,male,0.6,3
hong-bo,female,0.67,1
hong-chen,,0.0,0
hong-chuan,,0.0,0
hong-fei,,0.0,0
hong-fu,,0.0,0
hong-gang,,0.0,0
hong-goo,,0.0,0
hong-hao,,0.0,0
hong-hsi,,0.0,0
hong-ji,,0.0,0
hong-jian,,0.0,0
hong-jun,male,0.75,2
hong-kun,,0.0,0
hong-kyu,male,0.75,2
hong-li,male,0.67,1
hong-liang,male,0.67,1
hong-lin,male,0.71,5
hong-mei,female,0.67,1
hong-ming,male,0.93,12
hong-ning,,0.0,0
hong-quan,,0.0,0
hong-rong,,0.0,0
hong-seok,male,0.92,10
hong-shi,,0.0,0
hong-tao,male,0.67,1
hong-wei,male,0.89,7
hong-wen,male,0.67,1
hong-xiang,male,0.67,1
hong-xin,,0.0,0
hong-ya,,0.0,0
hong-yan,female,0.67,1
hong-ye,,0.0,0
hong-yi,male,0.67,10
hong-yu,male,0.91,20
hong-ze,,0.0,0
hong-zhou,,0.0,0
hongbang,male,0.75,2
hongbao,male,0.94,15
hongbin,male,0.96,157
hongbing,male,0.77,45
hongbo,male,0.84,187
hongcai,male,0.92,10
hongchao,male,0.93,28
hongchen,male,0.78,38
hongchi,male,0.53,13
hongdan,female,0.78,21
hongdi,female,0.71,12
hongfei,male,0.77,100
hongfu,male,0.86,26
honggang,male,0.95,40
hongguang,male,0.9,37
honghao,male,0.92,63
honghong,female,0.58,196
honghu,male,0.67,10
honghua,female,0.71,80
honghui,male,0.57,45
hongjian,male,0.95,76
hongjiang,male,0.78,21
hongjie,male,0.74,110
hongjing,female,0.83,27
hongjuan,female,0.95,37
hongjun,male,0.89,186
hongkai,male,0.9,50
hongkee,male,0.79,12
hongki,male,0.88,50
hongkun,male,0.84,42
honglei,male,0.55,62
hongli,female,0.64,150
honglian,female,0.85,52
hongliang,male,0.96,152
honglin,male,0.64,86
honglu,female,0.53,13
hongmin,male,0.72,59
hongming,male,0.9,90
hongpeng,male,0.93,41
hongping,female,0.59,47
hongqi,male,0.86,27
hongqiang,male,0.97,31
hongqiao,male,0.5,8
hongqin,female,0.68,32
hongrui,male,0.75,42
hongshan,male,0.56,23
hongsheng,male,0.91,54
hongshi,female,0.53,15
hongsong,male,0.93,12
hongsu,male,0.88,6
hongtaek,male,0.83,4
hongtao,male,0.94,183
hongtu,male,0.83,10
hongwan,male,0.63,6
hongwei,male,0.86,384
hongwen,male,0.6,38
hongxi,male,0.7,38
hongxia,female,0.96,146
hongxiang,male,0.92,50
hongxin,male,0.7,52
hongxing,male,0.85,51
hongxiong,male,0.67,1
hongxu,male,0.79,26
hongxuan,female,0.53,36
hongxun,male,0.88,14
hongyan,female,0.9,285
hongyang,male,0.77,89
hongyao,male,0.67,19
hongye,male,0.57,56
hongyi,male,0.7,211
hongying,female,0.95,137
hongyinping,,0.0,0
hongyu,male,0.89,1509
hongyuan,male,0.84,83
hongyun,female,0.61,70
hongzhao,male,0.86,12
hongzhe,male,0.92,37
hongzhen,male,0.63,28
hongzheng,male,0.89,25
hongzhi,male,0.95,55
hongzhou,male,0.95,35
hongzhuo,male,0.6,3
hongzi,female,0.7,8
hood,male,0.92,1800
hooman,male,0.99,5970
hoon,male,0.71,1549
hooshang,male,0.99,327
hooshyar,male,0.91,21
hoover,male,0.98,1102
hop,male,0.57,1369
hope,female,0.92,55134
horacio,male,1.0,47442
horatio,male,0.99,1296
horatiu,male,0.99,646
horia,female,0.7,2603
horng,male,0.85,97
horng-tay,,0.0,0
horng-tzer,,0.0,0
horst,male,0.99,27744
hortense,female,0.98,6935
hortensia,female,0.99,7117
hosam,male,0.98,41219
hosein,male,0.97,8850
hoseob,male,0.83,4
hoseok,male,0.74,173
hoseung,male,0.9,27
hosho,male,0.87,21
hossain,male,0.96,17941
hossam,male,0.99,122121
hossein,male,0.99,49719
hosseinali,male,0.98,41
hossen,male,0.96,2963
hosub,male,0.94,14
hou,male,0.63,11171
hou-cheng,,0.0,0
hou-jian,,0.0,0
hou-jun,,0.0,0
hou-man,male,0.75,2
hou-yi,male,0.75,2
houari,male,0.97,16919
houbing,male,0.8,3
houda,female,0.93,74250
houdun,,0.0,0
houjun,male,0.83,10
houlong,male,0.83,4
houman,male,0.98,561
houmem,male,0.94,87
houri,female,0.57,709
houri-christina,,0.0,0
houria,female,0.97,12612
hourieh,female,0.98,43
housen,male,0.96,468
houssam,male,0.97,25806
houssem,male,0.98,29584
houwang,male,0.75,2
houwen,male,0.8,8
houzhi,male,0.89,7
hovan,male,0.91,56
hovhannes,male,1.0,1231
hovik,male,0.99,748
howard,male,1.0,87029
howie,male,1.0,4977
howon,male,0.95,56
hoydoo,,0.0,0
hoyoung,male,0.86,157
hrachya,male,0.96,109
hrant,male,0.99,305
hrayr,male,0.98,205
hridesh,male,0.97,70
hridis,male,0.67,1
hridoy,male,0.96,4748
hrishikesh,male,1.0,5870
hrishit,male,0.9,8
hristo,male,1.0,7769
hristos,male,1.0,408
hristu,male,0.78,35
hrvoje,male,0.99,3431
hryhoriy,male,0.97,28
hsi-an,male,0.5,2
hsi-sheng,,0.0,0
hsi-wei,male,0.75,2
hsi-yu,male,0.8,3
hsi-yung,,0.0,0
hsian-hua,,0.0,0
hsiang-chih,male,0.6,3
hsiang-kuang,,0.0,0
hsiang-nan,male,0.67,1
hsiang-shang,,0.0,0
hsiang-sheng,,0.0,0
hsiang-yun,female,0.67,7
hsiao-hwa,male,0.67,1
hsiao-mei,female,0.91,9
hsiao-ping,female,0.89,7
hsiao-ru,,0.0,0
hsiao-wen,female,0.67,13
hsiao-yi,male,0.5,4
hsien,male,0.8,261
hsien-chi,,0.0,0
hsien-chih,male,0.57,5
hsien-hsin,female,0.67,1
hsien-kuei,,0.0,0
hsien-yu,male,0.75,2
hsin,male,0.79,1159
hsin-chang,male,0.83,4
hsin-chia,male,0.5,2
hsin-hao,male,0.71,5
hsin-hua,female,0.6,8
hsin-lun,male,0.5,2
hsin-min,,0.0,0
hsin-po,,0.0,0
hsin-yu,female,0.7,31
hsin-yuan,male,0.71,5
hsin-zon,male,0.67,1
hsing,male,0.63,98
hsing-ta,male,0.67,1
hsing-wen,female,0.67,1
hsiu-hsien,,0.0,0
hsuan-hao,male,0.8,3
hsuan-tung,male,0.67,1
hsuan-wei,male,0.67,1
hsuan-yin,female,0.67,1
hsueh-ti,,0.0,0
hsueh-yung,male,0.75,2
hsun-jen,male,0.8,3
hu,male,0.87,15598
hua,male,0.52,4020
hua-bai,male,0.67,1
hua-bi,,0.0,0
hua-kai,male,0.67,1
hua-lei,,0.0,0
hua-liang,,0.0,0
hua-lin,,0.0,0
hua-ming,,0.0,0
hua-sheng,male,0.67,1
hua-shu,,0.0,0
hua-wei,male,0.8,3
hua-xing,male,0.67,1
hua-zhong,,0.0,0
huabin,male,0.93,25
huacheng,male,0.87,21
huadong,male,0.98,39
huafei,male,0.78,16
huafu,male,0.71,5
huai-dong,,0.0,0
huai-fan,,0.0,0
huai-hang,,0.0,0
huai-ke,,0.0,0
huai-liang,,0.0,0
huaian,male,0.8,3
huaibin,male,0.83,4
huaimin,male,0.6,3
huaiming,female,0.67,1
huaiqian,male,0.5,2
huaiqiang,male,0.75,2
huaisong,male,0.67,4
huaixin,male,0.83,4
huaixun,,0.0,0
huaiyang,female,0.6,3
huaiyu,male,0.64,31
huaizhi,male,0.91,9
huaizhong,male,0.9,8
huajian,male,0.93,26
huajie,male,0.83,39
huajing,female,0.71,19
huajun,male,0.78,63
huakun,male,0.73,13
hualei,male,0.73,9
huali,female,0.9,65
hualiang,male,0.86,20
hualing,female,0.86,20
huamin,male,0.6,18
huan,male,0.89,6733
huan-cheng,male,0.67,1
huan-kuang,,0.0,0
huan-qiang,,0.0,0
huan-wen,male,0.67,1
huan-yu,,0.0,0
huanan,male,0.63,28
huanchen,male,0.83,10
huancheng,male,0.5,4
huanfeng,male,0.71,5
huang,male,0.54,5929
huang-hsiang,,0.0,0
huang-wei,male,0.67,1
huangjun,male,0.83,4
huanglong,male,0.6,3
huanguo,,0.0,0
huangwei,male,0.83,10
huangxin,male,0.67,4
huangyu,male,0.73,9
huanhai,male,0.75,2
huanhuan,female,0.81,142
huanian,male,0.67,1
huanjun,male,0.69,11
huanqing,male,0.64,12
huansheng,male,0.86,5
huanshu,male,0.75,2
huanshui,,0.0,0
huanyang,male,0.67,1
huanyin,female,0.67,1
huanyuan,male,0.75,2
huanzhou,male,0.83,4
huanzhuo,,0.0,0
huaping,male,0.67,40
huaqiao,male,0.67,4
huaqing,male,0.63,44
huarui,male,0.55,9
huasheng,male,0.86,42
huawei,male,0.78,662
huaxin,male,0.68,26
huaxiong,male,0.67,1
huaxuan,male,0.71,5
huayan,female,0.68,32
huayang,male,0.74,29
huaying,female,0.91,51
huazhen,female,0.85,24
huazhong,male,0.86,12
huazhou,male,0.8,3
huazi,male,0.61,26
hubert,male,0.99,66976
hubertus,male,0.99,866
hubiao,male,0.67,1
hubie,male,0.97,193
hubing,male,0.5,2
hucheng,male,0.95,19
hudson,male,0.99,13674
hue,female,0.67,1670
huei,female,0.73,257
huei-ru,female,0.67,1
huey-wen,,0.0,0
hufei,male,0.5,4
hugen,male,0.84,17
hugh,male,1.0,44280
hugo,male,1.0,396344
hugues,male,0.99,21787
hui,female,0.88,30943
hui-fang,female,0.83,4
hui-feng,,0.0,0
hui-gan,,0.0,0
hui-gen,,0.0,0
hui-hai,,0.0,0
hui-huang,male,0.67,1
hui-jun,male,0.75,2
hui-ke,,0.0,0
hui-min,female,0.8,18
hui-ming,male,0.6,3
hui-tian,,0.0,0
hui-xian,,0.0,0
hui-xiang,,0.0,0
hui-xiong,,0.0,0
hui-yun,female,0.88,6
huib,male,0.99,1205
huibert,male,0.98,183
huibin,male,0.57,52
huibo,male,0.53,17
huichao,male,0.56,23
huicheng,female,0.62,27
huidong,male,0.85,37
huifang,female,0.98,153
huifu,male,0.5,2
huigao,,0.0,0
huigen,male,0.8,8
huihuan,female,0.63,6
huihui,female,0.84,481
huijiang,female,0.6,3
huijie,female,0.6,96
huijing,female,0.96,91
huiju,female,0.67,25
huijuan,female,0.97,145
huijue,female,0.8,3
huijun,female,0.75,179
huikai,male,0.7,8
huile,male,0.65,72
huili,female,0.91,136
huilin,female,0.89,180
huiling,female,0.98,390
huimei,female,0.97,92
huimiao,female,0.67,4
huimin,female,0.89,510
huiming,male,0.53,124
huiping,female,0.94,165
huiqian,female,0.81,19
huiqiang,male,0.93,13
huiqin,female,0.93,92
huiqing,female,0.85,97
huiqiu,female,0.75,2
huiquan,male,0.61,16
huirong,female,0.72,37
huitao,male,0.82,9
huiwen,female,0.92,218
huixia,female,0.92,46
huixin,female,0.9,158
huiyan,female,0.92,114
huiyang,male,0.51,35
huiying,female,0.98,302
huiyuan,female,0.58,67
huiyun,female,0.87,82
huizhen,female,0.97,144
hulya,female,0.98,36357
hum,male,0.72,2236
humberto,male,1.0,116149
hume,male,0.86,288
humna,female,0.99,475
hun,male,0.78,1240
hunar,male,0.93,277
hung,male,0.94,25187
hung-hsuan,male,0.5,2
hung-jin,,0.0,0
hung-ju,male,0.8,3
hung-lin,male,0.71,5
hung-shen,male,0.67,1
hung-shin,,0.0,0
hung-tzu,male,0.5,2
hung-yi,male,0.95,17
hung-yu,male,0.61,16
hungchong,,0.0,0
hunmin,male,0.92,10
hunter,male,0.94,17788
huo,male,0.66,300
huo-jun,,0.0,0
huoxiong,,0.0,0
husam,male,0.99,13936
huseyin,male,0.99,170250
husileng,female,0.67,1
husni,male,0.92,1871
hussain,male,0.98,77500
hussam,male,0.99,24823
hussein,male,0.99,93775
hussien,male,0.98,19567
huu-quang,,0.0,0
huub,male,0.99,3355
huw,male,0.99,1661
huy,male,0.98,14547
huyen,female,0.98,6646
huynh,male,0.92,6812
huyuan,,0.0,0
huyên,female,0.98,6646
huziel,male,0.9,18
hwan,male,0.85,507
hwanbeom,male,0.67,1
hwancheol,male,0.8,3
hwanhui,female,0.83,4
hwanjin,male,0.92,10
hwankyung,male,0.67,1
hwanmun,female,0.75,2
hwee,female,0.72,616
hwei-ming,female,0.75,2
hwihyun,male,0.67,4
hy,male,0.8,3943
hyang-tag,male,0.67,1
hyangdong,,0.0,0
hye-in,female,0.98,45
hye-jin,female,0.97,94
hye-ran,female,0.94,14
hye-sung,female,0.64,12
hyein,female,0.97,271
hyeji,female,0.98,183
hyejin,female,0.98,1051
hyekyoung,female,0.98,48
hyenho,male,0.67,1
hyeok,male,0.86,142
hyeon,male,0.59,700
hyeon-dong,,0.0,0
hyeonbae,male,0.67,1
hyeondeok,male,0.83,4
hyeong-chan,male,0.67,1
hyeong-do,male,0.67,1
hyeong-seok,male,0.89,7
hyeong-sik,male,0.75,2
hyeongrak,male,0.67,1
hyeongwoo,male,0.92,11
hyeonjin,female,0.59,66
hyeonjun,male,0.94,29
hyeonseok,male,0.97,32
hyeonsik,male,0.94,15
hyerim,female,0.97,245
hyerin,female,0.98,131
hyeryung,female,0.92,11
hyeseung,female,0.95,38
hyesoon,female,0.78,7
hyesung,female,0.68,67
hyewon,female,0.95,472
hyma,female,0.57,253
hynek,male,0.99,1373
hyo-ryoung,,0.0,0
hyo-sang,male,0.86,5
hyo-sun,female,0.82,9
hyo-sung,male,0.9,8
hyobin,female,0.61,39
hyojoong,male,0.91,9
hyosun,female,0.87,115
hyoukjun,male,0.67,1
hyoun-woo,male,0.67,1
hyoung,male,0.91,309
hyoungdo,male,0.83,4
hyoungjeen,,0.0,0
hyoungshick,,0.0,0
hyowon,male,0.51,79
hyuk,male,0.95,377
hyukjoon,male,0.91,9
hyun,male,0.61,4815
hyun-chul,male,0.96,24
hyun-il,male,0.89,7
hyun-jeong,female,0.88,24
hyun-jin,male,0.52,52
hyun-jung,female,0.91,52
hyun-myung,female,0.56,7
hyun-sik,male,0.94,16
hyun-woo,male,0.97,57
hyun-yong,male,0.5,2
hyunbae,male,0.96,22
hyunchul,male,0.99,136
hyundae,male,0.86,12
hyundong,male,0.97,28
hyung,male,0.97,3195
hyung-chan,,0.0,0
hyungbin,male,0.88,14
hyungbo,male,0.8,3
hyunggyu,male,0.9,8
hyungjin,male,0.93,97
hyungrok,male,0.89,7
hyungryul,male,0.83,4
hyungsik,male,0.92,35
hyungwoo,male,0.98,46
hyunji,female,0.98,248
hyunjin,female,0.6,532
hyunju,female,0.93,395
hyunmi,female,0.95,108
hyunsang,male,0.97,33
hyunseok,male,0.99,163
hyunseung,male,0.81,56
hyunshik,male,0.9,8
hyunsoo,male,0.83,301
hyunsuk,male,0.72,145
hyunsung,male,0.9,78
hyunwoo,male,0.97,444
hyunwook,male,0.94,80
håkan,male,0.98,269400
håkon,male,1.0,1127
håvard,male,0.99,1297
hèlios,male,0.97,1909
héctor,male,1.0,345322
hélio,male,1.0,27260
hélion,male,0.91,62
hélène,female,0.99,111357
hông,male,0.58,16650
høgni,male,0.98,42
hülya,female,0.98,36357
hüseyin,male,0.99,170250
hüsne,female,0.92,1534
i-chao,,0.0,0
i-chen,female,0.55,18
i-da,female,0.86,12
i-hong,,0.0,0
i-hsiang,male,0.86,5
i-hsun,male,0.57,5
i-kang,male,0.67,1
i-lin,female,0.72,16
i-lun,male,0.71,5
i-non,male,0.67,4
i-ta,male,0.5,14
i-ting,female,0.72,30
i-wei,male,0.54,11
ia,female,0.89,3933
iacopo,male,1.0,3001
iain,male,1.0,32452
iair,male,0.96,51
iakovos,male,0.99,377
iam,male,0.86,4914
ian,male,1.0,376098
iann,male,0.94,702
iannis,male,0.97,214
iarley,male,0.99,164
iary,male,0.57,61
iason,male,0.99,483
iasson,male,0.91,9
iavor,male,0.97,103
iberê,male,0.9,40
ibraheem,male,0.97,18538
ibrahim,male,0.98,653246
ibrahima,male,0.99,30137
ibrar,male,0.97,4632
ichi,male,0.52,576
ichiro,male,0.99,2305
ichitaro,male,0.92,11
ick,male,0.8,142
ida,female,0.99,95266
ida-maria,female,0.98,153
idan,male,0.98,9198
iddo,male,0.98,442
idel,male,0.76,569
idelfonso,male,1.0,1383
idilio,male,0.98,207
idir,male,0.97,7051
idit,female,0.98,759
ido,male,0.96,9762
idoia,female,0.99,3079
idris,male,0.97,45340
idrish,male,0.95,937
idriss,male,0.98,20302
idrissa,male,0.97,4874
ieke,female,0.89,119
ieng,female,0.86,273
ieng-wai,,0.0,0
ievgen,male,0.99,173
ifan,male,0.92,822
ifeanyi,male,0.97,23328
iftach,male,0.99,154
iftah,male,0.84,104
iftekhar,male,0.97,2530
igal,male,0.99,1688
ignace,male,0.99,3875
ignacio,male,1.0,148854
ignacy,male,0.98,666
ignas,male,0.99,1006
ignasi,male,0.99,1850
ignat,male,0.76,1337
ignatios,male,0.98,112
ignatius,male,0.99,8699
ignaz,male,0.98,257
ignazio,male,0.99,19941
igor,male,1.0,221197
igors,male,0.99,665
ihab,male,0.98,16343
ihar,male,0.98,130
ihechukwu,male,0.64,57
ihor,male,1.0,4883
ihsan,male,0.94,43344
ihyeok,,0.0,0
iian,male,0.86,126
iiro,male,0.99,1083
ijaz,male,0.98,15666
ik,female,0.52,7095
ike,male,0.93,15366
iker,male,0.99,21722
ikkei,male,0.95,20
ikki,male,0.82,547
ikkoh,male,0.67,4
iksu,male,0.84,17
ikuo,male,0.99,192
ikuru,male,0.74,25
ikuya,male,0.98,49
ikuyuki,,0.0,0
il,male,0.81,23281
il-gyo,,0.0,0
il-hyun,male,0.88,6
il-seung,male,0.75,2
ilai,male,0.94,409
ilan,male,0.94,7539
ilana,female,1.0,13849
ilane,male,0.56,340
ilari,male,0.76,1140
ilaria,female,1.0,111096
ilario,male,0.99,8123
ilarion,male,0.97,155
ildar,male,0.99,1909
ildefonso,male,0.99,5753
ildikó,female,1.0,10027
ildoo,male,0.71,5
ileana,female,1.0,31114
ilenia,female,1.0,29404
ilgiz,male,0.99,371
ilia,male,0.75,6242
ilian,male,0.81,1985
ilias,male,0.99,23815
ilidio,male,0.99,1751
ilie,male,0.85,5940
ilija,male,0.99,6388
ilijas,male,0.96,50
ilinka,female,0.98,294
ilir,male,0.99,12125
iliya,male,0.94,3163
ilja,male,0.79,3035
ilje,male,0.56,7
ilka,female,0.98,8599
ilkay,male,0.57,10470
ilke,female,0.73,1652
ilker,male,0.98,28204
ilkka,male,1.0,2860
ilkyoo,,0.0,0
illah,female,0.72,136
illia,female,0.77,1641
illya,male,0.84,654
ilmar,male,0.94,370
ilmari,male,1.0,497
ilmun,male,0.67,1
ilnura,female,0.97,31
ilon,female,0.58,173
ilona,female,0.99,83829
ilpo,male,0.99,754
ilsa,female,0.99,2654
ilsang,male,0.78,7
ilse,female,1.0,43182
ilseung,male,0.75,2
ilsun,male,0.64,26
ilya,male,0.97,20016
ilyas,male,0.97,76588
ilídio,male,0.99,1751
imad,male,0.98,104096
iman,female,0.72,59986
imanol,male,0.99,7472
imants,male,0.98,189
imara,female,0.97,1034
imdadullah,male,0.98,106
imed,male,0.98,23781
imen,female,0.96,38991
imene,female,0.98,12052
imgon,male,0.67,1
iminhaji,,0.0,0
imke,female,0.98,2371
imma,female,0.98,20148
immacolata,female,0.99,6290
immanuel,male,0.99,7632
imme,female,0.77,273
imran,male,0.97,180990
imre,male,0.98,14389
imtiaz,male,0.98,20241
in,female,0.73,4049
in-gu,male,0.67,1
in-ho,male,0.98,39
in-jee,female,0.86,5
in-kyun,male,0.75,2
in-saeng,,0.0,0
in-soo,male,0.87,13
ina,female,0.98,65895
inaki,male,0.99,8154
inar,male,0.74,293
inbal,female,1.0,4801
inbar,female,0.95,3344
inder,male,0.92,2860
indika,female,0.68,5222
indira,female,0.99,31894
indra,male,0.65,14466
indrabati,,0.0,0
indrajeet,male,0.97,1272
indrajit,male,0.97,1603
indrakshi,female,0.92,11
indranath,male,0.97,38
indrani,female,0.99,4773
indranil,male,0.99,558
indrava,,0.0,0
indrek,male,0.99,437
indu,female,0.97,11736
ineke,female,1.0,18008
ines,female,0.98,149239
inez,female,0.99,14141
ing-guey,,0.0,0
inga,female,0.98,38372
inge,female,0.98,56357
ingeborg,female,1.0,10823
ingemar,male,1.0,4450
inger,female,0.99,22085
ingmar,male,0.99,3719
ingo,male,1.0,26762
ingolf,male,1.0,2291
ingrid,female,1.0,251882
ingrid-maria,female,0.8,3
ingunn,female,0.99,625
ingve,male,0.98,46
ingyin,female,0.88,32
inho,male,0.99,378
inhyeok,male,0.93,12
inigo,male,0.99,6583
iniyan,male,0.98,184
inkang,male,0.8,3
inkyu,male,0.96,73
inma,female,0.99,37532
inmaculada,female,0.99,14692
inna,female,0.99,47154
innocent,male,0.96,34450
inori,female,0.73,68
inseok,male,0.97,77
insong,male,0.75,6
insoon,female,0.83,33
insu,male,0.68,206
insuk,female,0.66,92
insup,male,0.94,16
intae,male,0.95,62
intekhab,male,0.96,380
inti,male,0.74,2513
inwon,male,0.77,42
inwoo,male,0.89,60
inwoong,male,0.89,7
inácio,male,0.99,5290
inés,female,0.98,149239
inês,female,0.98,149239
ioakeim,male,0.97,33
ioan,male,0.98,12417
ioan-augustin,,0.0,0
ioana,female,0.99,40785
ioana-claudia,female,0.83,10
ioann,male,0.95,144
ioanna,female,0.99,13100
ioannis,male,1.0,21672
iolanda,female,0.99,18364
ion,male,0.97,38462
ion-olimpiu,,0.0,0
iona,female,0.98,6161
ionel,male,0.98,8764
ionel-dumitrel,,0.0,0
ionut,male,0.99,30328
iordanis,male,0.99,377
iosif,male,0.96,5042
iouli,male,0.5,2
ippei,male,1.0,216
ippocratis,male,0.67,1
ipsita,female,0.99,269
iqbal,male,0.97,53595
iqboljon,male,0.98,62
ira,female,0.83,19863
irad,male,0.91,353
iraj,female,0.61,4257
irakli,male,0.98,2538
iraklis,male,1.0,679
irati,female,0.98,1657
irawan,male,0.95,472
irem,female,0.97,31096
irena,female,0.99,65853
irene,female,0.99,381311
ireneo,male,0.99,1694
ireneusz,male,1.0,5670
iretiayo,female,0.9,28
irfan,male,0.98,129564
irham,male,0.91,488
irina,female,0.99,209619
irinel,male,0.96,1225
iris,female,0.99,185193
irit,female,1.0,4195
irmgard,female,0.99,5712
irvin,male,1.0,17213
irving,male,1.0,24131
irwin,male,1.0,7818
iryna,female,1.0,21472
irán,male,0.79,2208
irène,female,0.99,381311
irénée,female,0.55,580
isaac,male,0.99,220759
isabeau,female,0.99,933
isabel,female,0.99,484488
isabela,female,0.99,48212
isabell,female,0.99,14778
isabella,female,0.99,151163
isabelle,female,0.99,334510
isabelly,female,1.0,3507
isaiah,male,0.99,34051
isak,male,0.98,8164
isamu,male,0.99,920
isao,male,1.0,1936
ish,male,0.9,3571
isha,female,0.96,19117
ishai,male,0.97,238
ishan,male,0.99,13454
ishay,male,0.97,315
ishika,female,0.99,3309
ishtiaq,male,0.98,3819
isil,female,0.97,3007
iskander,male,0.97,3873
iskra,female,0.94,823
iskren,male,0.98,224
islam,male,0.9,95104
ismael,male,0.99,159156
ismail,male,0.98,404681
ismaila,male,0.97,7961
ismaël,male,0.99,159156
isobel,female,1.0,9463
israel,male,0.99,149611
issa,male,0.88,37148
issaku,male,0.92,37
issam,male,0.98,73351
issei,male,0.99,664
issha,female,0.53,43
istvan,male,1.0,17788
istván,male,1.0,17788
isuru,male,0.95,654
itai,male,0.98,4126
italo,male,1.0,33466
itamar,male,0.94,4392
itay,male,0.99,6940
ite,male,0.62,213
itsuki,male,0.78,270
ittai,male,0.95,266
ittay,male,0.88,32
itumeleng,male,0.57,8903
itzhak,male,0.99,1564
itziar,female,0.51,9120
iulia,female,0.98,10441
iulian,male,0.99,12253
iuliana,female,0.99,7171
iuliia,female,0.99,861
iuliu,male,0.98,263
iuri,male,0.99,2405
iurii,male,0.99,941
iva,female,0.98,48318
ivailo,male,0.99,1470
ivan,male,0.99,698976
ivana,female,0.99,159715
ivanna,female,0.99,11316
ivano,male,0.99,24047
ivar,male,1.0,8525
ivaylo,male,0.99,1746
ivelina,female,0.99,1324
iven,male,0.94,1564
iver,male,0.97,1902
ivet,female,0.99,3975
ivette,female,1.0,24537
ivica,male,0.98,14899
ivo,male,0.98,35329
ivona,female,0.99,9864
ivonne,female,1.0,60035
ivor,male,0.99,2279
ivy,female,0.97,29391
iván,male,0.99,698976
iwan,male,0.99,25667
iwao,male,0.99,414
iwo,male,0.77,749
iwona,female,0.99,77161
iyad,male,0.91,14593
izaak,male,0.99,1238
izabela,female,0.99,57914
izabella,female,0.99,15474
izak,male,0.99,3311
izaskun,female,0.99,2341
izchak,male,0.94,29
izhak,male,0.98,331
izhar,male,0.98,5842
iztok,male,1.0,542
izumi,female,0.92,2502
izuru,male,0.84,42
izzat,male,0.98,6871
izzet,male,0.99,15133
iñaki,male,0.99,8154
iñigo,male,0.99,6583
i̇brahim,male,0.98,653246
i̇nan,male,0.94,4223
i̇nanç,male,0.9,1128
i̇nci,female,0.97,12463
i̇pek,female,0.97,16570
i̇smail,male,0.98,404681
i̇zzet,male,0.99,15133
j'neil,male,0.67,1
ja,male,0.64,21333
jaafar,male,0.97,11972
jaakko,male,0.99,4753
jaan,male,0.83,8630
jaap,male,0.99,11039
jaap-henk,,0.0,0
jaber,male,0.97,15089
jacco,male,0.99,2987
jace,male,0.94,7178
jacek,male,1.0,83390
jacinta,female,0.99,19350
jacintha,female,0.99,1999
jacinto,male,0.99,23702
jack,male,0.99,527999
jackie,female,0.87,78127
jacklyn,female,0.99,6837
jackson,male,0.99,88427
jacky,male,0.68,58688
jaclyn,female,1.0,27171
jaco,male,0.99,19625
jacob,male,1.0,300809
jacobo,male,0.99,19314
jacobus,male,0.99,4186
jacopo,male,1.0,35709
jacquelien,female,0.99,415
jacqueline,female,1.0,332695
jacquelyn,female,1.0,21115
jacques,male,0.99,76849
jacques-olivier,male,0.99,124
jacques-robert,male,0.75,2
jacqui,female,0.97,9366
jad,male,0.94,24044
jade,female,0.92,58770
jader,male,0.99,10509
jaderson,male,0.99,251
jadwiga,female,0.99,15557
jae,male,0.76,7622
jae-ho,male,0.97,34
jae-hoon,male,0.98,49
jae-hwan,male,0.88,14
jae-hyeon,male,0.87,13
jae-hyuk,male,0.95,17
jae-hyung,male,0.92,22
jae-joon,male,0.88,6
jae-kyung,male,0.5,8
jae-min,male,0.93,58
jae-mo,male,0.8,3
jae-rim,male,0.67,1
jae-woo,male,0.98,47
jae-wook,male,0.96,22
jae-yoon,male,0.83,10
jae-young,male,0.8,49
jaebum,male,0.8,64
jaegon,male,0.96,22
jaeha,male,0.84,48
jaehak,male,0.98,53
jaehan,male,0.95,55
jaeho,male,0.99,388
jaehong,male,0.96,177
jaehoon,male,1.0,353
jaehun,male,0.99,141
jaehyeok,male,0.97,30
jaehyeon,male,0.86,56
jaehyuk,male,0.98,91
jaehyun,male,0.93,359
jaejeong,male,0.57,12
jaejin,male,0.88,94
jaejun,male,0.98,85
jaekyun,male,0.96,21
jaeman,male,0.95,40
jaemann,male,0.83,4
jaemin,male,0.96,1135
jaeoh,male,0.95,18
jaesub,male,0.88,15
jaesung,male,0.98,161
jaeuk,male,0.98,60
jaewan,male,0.94,75
jaewon,male,0.94,1641
jaewoo,male,1.0,799
jaewook,male,0.98,166
jaeyel,,0.0,0
jaeyeon,female,0.66,111
jaeyong,male,0.99,152
jaeyoung,male,0.82,373
jafar,male,0.98,29118
jagadeesh,male,0.99,1446
jagadheep,male,0.67,1
jagan,male,0.99,8879
jagannath,male,0.98,1548
jagdeep,male,0.97,6481
jagdev,male,0.97,722
jagdish,male,0.96,9626
jagjit,male,0.96,4122
jagmohan,male,0.97,688
jagoda,female,0.99,8938
jahan,male,0.77,3203
jahed,male,0.94,2577
jahmall,male,0.96,22
jahmour,male,0.83,4
jahyun,female,0.63,39
jai,male,0.88,14136
jai-chan,,0.0,0
jaianth,,0.0,0
jaideep,male,1.0,5302
jaikhomba,,0.0,0
jaikrishnan,male,0.92,11
jaikumar,male,0.96,269
jailson,male,0.99,4281
jaime,male,0.96,202831
jainendra,male,0.98,100
jair,male,0.99,56537
jairo,male,1.0,128741
jaitra,male,0.71,5
jaiung,,0.0,0
jaivardhan,male,0.96,21
jaiyul,male,0.8,3
jajati,male,0.84,35
jak,male,0.93,12218
jaka,male,0.89,2633
jakab,male,0.82,1216
jake,male,0.99,185347
jaker,male,0.91,1246
jakob,male,1.0,40547
jaksa,male,0.93,234
jakub,male,1.0,123406
jalal,male,0.97,59062
jalel,male,0.98,7444
jamal,male,0.97,211304
jamel,male,0.97,30089
james,male,1.0,1459299
james-michael,male,0.97,30
jami,female,0.6,6159
jamie,male,0.66,107074
jamil,male,0.96,27919
jamila,female,0.96,60637
jamileh,female,0.99,987
jamir,male,0.97,5216
jamison,male,0.94,1171
jamo,male,0.88,583
jamol,male,0.91,548
jamshid,male,0.98,4239
jan,male,0.89,344604
jan-albert,male,0.98,39
jan-bernd,male,0.98,61
jan-bernhard,male,0.75,2
jan-christian,male,0.99,79
jan-christoph,male,0.98,118
jan-e,male,0.5,18
jan-erik,male,0.99,995
jan-frederik,male,0.98,46
jan-hendrik,male,0.99,623
jan-michael,male,1.0,310
jan-niclas,male,0.98,61
jan-niklas,male,1.0,368
jan-philipp,male,1.0,360
jan-torge,male,0.8,3
jan-uwe,male,0.97,30
jan-willem,male,1.0,1598
jan-åke,male,0.98,123
jana,female,0.98,304526
janamejaya,,0.0,0
janardhan,male,0.97,991
jane,female,0.99,402529
jane-ling,,0.0,0
janet,female,1.0,320294
janez,male,0.97,1626
jang,male,0.75,2824
jang-ho,male,0.93,12
jangho,male,0.97,65
jangwon,male,0.99,67
jani,male,0.82,23507
janice,female,1.0,168383
janik,male,0.87,1792
janin,female,0.94,2974
janina,female,0.99,36891
janine,female,0.99,98408
janis,female,0.86,33733
janko,male,0.98,5461
jann,male,0.6,2470
janne,female,0.63,37247
janne-mieke,female,0.75,2
jannick,male,0.75,2125
jannik,male,0.99,7080
jannis,male,0.56,4630
janos,male,0.99,12027
janosch,male,0.98,715
janosz,male,0.9,8
janoš,male,0.99,12027
janus,male,0.88,1846
janusz,male,1.0,37845
jaouhar,male,0.94,421
jara,female,0.71,7463
jarah,male,0.81,909
jared,male,1.0,105457
jarek,male,1.0,31444
jaren,male,0.86,716
jari,male,0.96,14440
jarita,female,0.94,291
jarken,male,0.91,9
jarkko,male,1.0,4131
jarle,male,0.98,879
jarmo,male,1.0,4507
jarn,male,0.85,51
jarno,male,0.99,6249
jarod,male,1.0,7833
jaromír,male,1.0,4899
jaron,male,1.0,4433
jaroslav,male,0.99,54192
jaroslaw,male,1.0,17885
jarosław,male,1.0,17885
jarrett,male,1.0,8759
jarrod,male,1.0,16240
jarron,male,0.99,472
jarryd,male,1.0,1813
jaruchit,,0.0,0
jarvist,,0.0,0
jasa,female,0.8,1445
jasang,male,0.8,3
jasel,female,0.79,247
jasenka,female,0.99,375
jasine,female,0.63,41
jaskaran,male,0.98,3426
jasleen,female,0.99,3381
jasmina,female,0.99,22756
jasminder,female,0.52,177
jasmine,female,0.99,163441
jason,male,1.0,786470
jaspar,male,0.97,203
jasper,male,0.99,40215
jasson,male,0.99,3060
jatinder,male,0.96,10686
jaume,male,0.99,12608
javad,male,0.99,24667
javed,male,0.98,50224
javi,male,0.98,123131
javid,male,0.98,11877
javier,male,1.0,794996
javlon,male,0.98,365
jaw-shen,,0.0,0
jawad,male,0.97,92869
jawher,male,0.94,3328
jay,male,0.97,362171
jaya,female,0.83,41782
jayabrata,male,0.95,17
jayadev,male,0.99,184
jayakanth,male,0.91,44
jayakrishnan,male,0.99,428
jayam,male,0.81,163
jayan,male,0.98,4609
jayanand,male,0.98,57
jayanne,female,0.97,340
jayant,male,1.0,13950
jayanta,male,0.98,2389
jayanth,male,1.0,3882
jayanthi,female,0.93,1453
jayaram,male,0.96,1172
jayashree,female,0.99,1006
jayasimha,male,0.98,52
jayce,male,0.77,1233
jaydeb,male,0.95,187
jaydeep,male,1.0,8592
jayden,male,0.91,9899
jaydip,male,0.99,672
jayendra,male,0.97,379
jayesh,male,1.0,29267
jayita,female,0.99,85
jaykumar,male,0.96,469
jayme,female,0.54,3169
jaymie,female,0.76,860
jayne,female,1.0,48920
jayneel,male,0.96,22
jayson,male,0.99,34054
jaywan,male,0.89,17
jaziel,male,0.93,1267
je-geun,,0.0,0
je-hyung,male,0.67,1
jean,female,0.62,802489
jean-baptiste,male,1.0,23338
jean-benoit,male,0.99,354
jean-benoît,male,0.99,354
jean-bernard,male,0.99,1536
jean-charles,male,0.99,5249
jean-christophe,male,1.0,17475
jean-claude,male,1.0,43015
jean-daniel,male,0.99,1133
jean-david,male,0.98,510
jean-dominique,male,0.99,308
jean-emile,male,0.97,57
jean-eric,male,0.99,239
jean-florent,male,0.98,39
jean-francois,male,0.99,15351
jean-françois,male,0.99,15351
jean-gabriel,male,0.99,309
jean-guillaume,male,1.0,226
jean-hugues,male,0.98,324
jean-jacques,male,1.0,19193
jean-jil,,0.0,0
jean-lou,male,0.99,318
jean-louis,male,0.99,13200
jean-loup,male,0.99,789
jean-luc,male,1.0,43027
jean-marc,male,1.0,41924
jean-marcel,male,0.99,232
jean-marie,male,0.58,24860
jean-mathias,male,0.92,11
jean-michel,male,1.0,32339
jean-nicolas,male,0.98,346
jean-noël,male,0.99,2537
jean-pascal,male,0.99,1198
jean-paul,male,1.0,32266
jean-philip,male,0.98,58
jean-philippe,male,1.0,27453
jean-phillipe,male,0.97,102
jean-pierre,male,1.0,68107
jean-roch,male,0.98,129
jean-rémy,male,0.99,181
jean-sebastien,male,0.99,1276
jean-simon,male,0.99,149
jean-sylvain,male,0.98,63
jean-sébastien,male,0.99,1276
jean-yves,male,0.99,8645
jeanett,female,0.99,3020
jeanette,female,1.0,97603
jeanne,female,0.99,113810
jeannette,female,1.0,56671
jechiel,male,0.75,6
jed,male,0.98,14737
jee,male,0.54,3219
jee-weon,,0.0,0
jeehoon,male,0.95,59
jeet,male,0.97,11877
jeevanjyoti,male,0.75,2
jeewan,male,0.95,716
jeferson,male,1.0,44661
jeff,male,1.0,556227
jefferson,male,1.0,91685
jeffery,male,1.0,38662
jeffrey,male,1.0,270898
jeffry,male,0.99,12063
jegon,male,0.73,9
jegug,male,0.67,1
jehad,male,0.91,11491
jehanne,female,0.99,371
jehoshua,male,0.98,122
jehyun,male,0.89,34
jeih-weih,,0.0,0
jeil,male,0.8,43
jekan,male,0.87,85
jelani,male,0.93,1019
jelena,female,0.99,60310
jelle,male,0.98,9884
jelmer,male,1.0,2012
jelte,male,0.99,628
jemal,male,0.92,6478
jeman,male,0.86,162
jemima,female,0.99,8128
jemin,male,0.91,296
jen,female,0.9,37188
jen-chi,male,0.75,2
jen-chieh,male,0.89,17
jen-chih,male,0.83,4
jen-tsung,male,0.67,1
jendrik,male,1.0,244
jeng,female,0.55,906
jeng-daw,male,0.67,1
jenia,female,0.79,2091
jenn-nan,,0.0,0
jenna,female,1.0,100844
jenni,female,0.99,47372
jennie,female,1.0,50395
jennifer,female,1.0,1102153
jenny,female,0.99,475499
jens,male,1.0,119179
jens-kristian,male,0.94,16
jens-uwe,male,1.0,341
jensen,male,0.86,1976
jenthe,male,0.63,157
jenő,male,0.91,1871
jeong,male,0.87,7090
jeong-eun,female,0.95,39
jeong-gyu,male,0.75,2
jeong-hyuck,,0.0,0
jeong-hyun,male,0.68,17
jeong-ok,female,0.86,5
jeong-sook,female,0.86,5
jeong-yup,,0.0,0
jeonghee,female,0.82,92
jeongho,male,0.99,174
jeonghun,male,0.98,102
jeonghyeon,male,0.55,56
jeonghyeong,female,0.75,2
jeongin,female,0.65,63
jeongmin,male,0.56,240
jeongseok,male,0.98,52
jeongsik,male,0.98,42
jeongwan,male,0.93,12
jeongwon,female,0.56,100
jeongwoo,male,0.85,79
jeovanny,male,0.97,847
jephian,,0.0,0
jeppe,male,0.99,2152
jer,male,0.91,2728
jer-shing,,0.0,0
jere,male,0.97,6215
jeremi,male,0.97,2647
jeremiah,male,0.99,47507
jeremias,male,0.99,14455
jeremie,male,0.99,23370
jeremy,male,1.0,359216
jeremías,male,0.99,14455
jernej,male,0.99,889
jeroen,male,1.0,73496
jerome,male,0.99,209630
jeronimo,male,0.99,18843
jerrad,male,1.0,752
jerry,male,0.99,306521
jerzy,male,0.99,18576
jes,male,0.7,9257
jesko,male,0.98,225
jesni,female,0.63,50
jesper,male,1.0,43726
jess,male,0.59,110293
jesse,male,0.98,182499
jessi,female,0.94,21320
jessica,female,1.0,1168206
jessie,female,0.79,40710
jessy,female,0.75,48930
jessymol,female,0.97,32
jesus,male,0.99,663905
jesús,male,0.99,663905
jesús-javier,,0.0,0
jet,male,0.59,6139
jethro,male,0.99,5297
jevgenijs,male,0.99,349
jevgēnijs,male,0.99,349
jevin,male,0.97,817
jevon,male,0.99,2778
jewel,male,0.62,9345
jeyarajan,male,0.9,19
jeyhan,male,0.64,31
jhih-rong,,0.0,0
jhih-sheng,,0.0,0
jhih-shih,,0.0,0
jhih-ying,,0.0,0
jhinhwan,,0.0,0
jhon,male,0.99,202509
jhonny,male,0.99,52777
ji,male,0.74,40968
ji-an,male,0.5,8
ji-cai,,0.0,0
ji-chong,,0.0,0
ji-eun,female,0.98,246
ji-feng,male,0.67,1
ji-gang,,0.0,0
ji-gui,,0.0,0
ji-hee,female,0.97,31
ji-hoon,male,0.98,183
ji-huan,,0.0,0
ji-hwan,male,0.97,37
ji-hyun,female,0.85,167
ji-jia,,0.0,0
ji-lin,,0.0,0
ji-ping,,0.0,0
ji-sang,male,0.86,5
ji-song,male,0.67,1
ji-wei,male,0.5,2
ji-xin,,0.0,0
ji-yao,,0.0,0
ji-yin,male,0.67,1
jia,female,0.65,9094
jia-bao,,0.0,0
jia-bin,male,0.75,2
jia-cheng,male,0.88,6
jia-hao,male,0.96,21
jia-hui,female,0.71,5
jia-jie,male,0.83,4
jia-jun,female,0.67,1
jia-li,female,0.94,16
jia-lun,,0.0,0
jia-ou,,0.0,0
jia-qi,female,0.85,11
jia-rui,male,0.86,5
jia-sheng,male,0.8,3
jia-shu,,0.0,0
jia-tao,,0.0,0
jia-wei,male,0.81,14
jia-xin,female,0.67,13
jia-yang,,0.0,0
jia-yong,,0.0,0
jiaao,male,0.65,15
jiabao,male,0.62,111
jiabin,male,0.9,112
jiachang,male,0.88,15
jiachen,male,0.68,165
jiacheng,male,0.99,914
jiachi,male,0.5,16
jiachuan,male,0.9,18
jiachun,male,0.57,38
jiadong,male,0.94,64
jiaen,female,0.81,122
jiafan,male,0.67,13
jiafeng,male,0.74,67
jiagang,male,0.67,1
jiaguang,male,0.8,3
jiahang,male,0.77,33
jiahao,male,0.99,1400
jiaheng,male,0.88,48
jiahong,male,0.73,149
jiahu,male,0.88,6
jiahua,male,0.71,115
jiahui,female,0.77,735
jiaji,male,0.88,38
jiajia,female,0.88,730
jiajie,male,0.78,236
jiajing,female,0.67,139
jiajiu,male,0.8,3
jiaju,male,0.9,28
jiajun,male,0.91,456
jiakai,male,0.91,30
jiakang,male,0.95,20
jiakun,male,0.88,22
jiakuo,,0.0,0
jiale,male,0.72,274
jiali,female,0.96,1390
jialiang,male,0.92,187
jialin,female,0.91,1343
jialong,male,0.95,62
jialu,female,0.82,146
jialun,male,0.82,58
jiamin,female,0.82,383
jiaming,male,0.95,1198
jian,male,0.86,6041
jian-an,male,0.8,3
jian-bin,,0.0,0
jian-bo,,0.0,0
jian-dong,,0.0,0
jian-feng,male,0.83,4
jian-fu,,0.0,0
jian-gang,male,0.67,1
jian-guo,male,0.67,1
jian-hao,male,0.67,1
jian-hua,male,0.67,1
jian-hui,male,0.8,3
jian-jia,,0.0,0
jian-jun,male,0.67,1
jian-min,,0.0,0
jian-ming,male,0.8,3
jian-ning,male,0.67,1
jian-peng,,0.0,0
jian-pin,,0.0,0
jian-ping,male,0.5,2
jian-qi,,0.0,0
jian-qiao,male,0.8,3
jian-rong,,0.0,0
jian-rui,male,0.67,1
jian-sheng,male,0.75,2
jian-shun,,0.0,0
jian-song,,0.0,0
jian-tao,male,0.67,1
jian-wei,male,0.86,5
jian-wen,male,0.75,2
jian-xin,male,0.67,1
jian-xing,,0.0,0
jian-xiong,,0.0,0
jian-xun,male,0.67,1
jian-yang,male,0.75,2
jian-yin,,0.0,0
jian-yu,male,0.75,2
jian-zhou,,0.0,0
jianan,male,0.63,207
jianbang,male,0.78,7
jianbei,male,0.67,1
jianbin,male,0.96,137
jianbing,male,0.85,44
jianbo,male,0.97,152
jiancang,male,0.67,1
jiancao,,0.0,0
jianchang,male,0.71,15
jianchao,male,0.9,66
jianchen,male,0.82,20
jiancheng,male,0.96,96
jianchun,male,0.83,40
jianda,male,0.97,28
jiandi,male,0.59,15
jiandong,male,0.98,105
jianeng,male,0.62,11
jianer,male,0.57,12
jianfa,male,0.95,17
jianfei,male,0.83,119
jianfeng,male,0.94,408
jiang,male,0.62,2672
jiang-chao,,0.0,0
jiang-hao,,0.0,0
jiang-lun,male,0.67,1
jiang-tao,,0.0,0
jiangang,male,0.98,54
jiangbin,male,0.94,14
jiangbo,male,0.83,39
jiangdong,male,0.9,8
jiange,male,0.67,7
jiangfan,male,0.67,13
jiangfeng,male,0.94,47
jianghai,male,0.93,13
jianghua,male,0.72,52
jianghui,male,0.5,18
jiangjian,male,0.75,6
jianglai,male,0.75,2
jianglin,male,0.77,20
jiangmin,male,0.9,8
jiangong,male,0.89,17
jiangping,male,0.63,22
jiangshan,male,0.83,16
jiangsheng,male,0.78,7
jiangtao,male,0.97,88
jianguo,male,0.99,229
jiangwei,male,0.86,33
jiangxiazi,,0.0,0
jiangxu,male,0.67,1
jiangyong,male,0.86,12
jiangyu,male,0.65,21
jiangzhou,female,0.57,5
jianhai,male,0.98,39
jianhang,male,0.96,24
jianhao,male,0.97,114
jianhe,male,0.95,18
jianhong,male,0.6,143
jianhua,male,0.8,428
jianhui,male,0.89,217
jiani,female,0.96,929
jianing,female,0.71,216
jianji,male,0.93,13
jianjie,male,0.82,32
jianjun,male,0.95,306
jiankang,male,0.88,31
jianke,male,0.89,17
jiankun,male,0.83,51
jianlan,female,0.64,23
jianlei,male,0.96,21
jianli,male,0.57,137
jianliang,male,0.94,66
jianlin,male,0.88,103
jianling,female,0.71,49
jianlong,male,0.99,77
jianlu,male,0.7,8
jianmeng,male,0.81,14
jianmin,male,0.82,175
jianming,male,0.96,225
jiannan,male,0.84,66
jianning,male,0.69,27
jiannis,male,0.98,232
jianpei,male,0.89,7
jianpeng,male,0.95,55
jianping,male,0.7,334
jianqi,male,0.75,38
jianqiang,male,0.98,94
jianqing,male,0.72,72
jianquan,male,0.95,36
jianren,male,0.91,20
jianrong,male,0.78,86
jianrun,,0.0,0
jiansen,male,0.92,22
jianshi,male,0.71,12
jianshu,male,0.86,26
jianshuang,female,0.88,6
jiansong,male,0.86,27
jiantao,male,0.96,50
jianting,male,0.69,43
jianwei,male,0.9,363
jianwen,male,0.87,175
jianxi,male,0.88,38
jianxian,male,0.82,15
jianxiang,male,0.96,51
jianxin,male,0.87,199
jianxiong,male,0.96,75
jianya,female,0.58,10
jianyan,female,0.65,18
jianyang,male,0.94,48
jianye,male,0.73,43
jianyin,male,0.71,12
jianying,female,0.75,114
jianyong,male,0.96,94
jianyu,male,0.81,111
jianyuan,male,0.88,39
jianyun,male,0.57,42
jianze,male,0.82,9
jianzhong,male,0.98,107
jianzhou,male,0.91,21
jianzong,male,0.86,5
jiao,female,0.78,745
jiao-jiao,,0.0,0
jiaogen,,0.0,0
jiaojiao,female,0.99,126
jiaolong,male,0.64,12
jiaou,male,0.67,1
jiaoyang,female,0.76,19
jiaozi,female,0.57,5
jiapeng,male,0.9,66
jiaqi,female,0.92,3311
jiaqiang,male,0.98,40
jiaqing,male,0.69,91
jiaqun,male,0.55,9
jiarong,male,0.58,122
jiaru,female,0.76,56
jiarui,male,0.87,607
jiarul,male,0.94,431
jiasen,male,0.85,18
jiashan,male,0.52,19
jiasheng,male,0.95,108
jiasi,female,0.65,18
jiasong,male,0.88,14
jiatong,female,0.76,61
jiawang,male,0.96,23
jiawei,male,0.75,831
jiawen,female,0.8,472
jiaxi,female,0.58,142
jiaxiang,male,0.92,74
jiaxin,female,0.93,2023
jiaxing,male,0.69,131
jiaxiu,female,0.67,13
jiaxuan,female,0.74,191
jiayan,female,0.82,165
jiayang,male,0.64,87
jiayi,female,0.81,1103
jiayin,female,0.87,188
jiaying,female,0.94,459
jiayu,female,0.69,423
jiayuan,male,0.5,150
jiayue,female,0.83,99
jiazhen,male,0.53,73
jiazheng,male,0.81,34
jiazhi,male,0.64,26
jiazhong,male,0.85,11
jiazi,female,0.73,13
jiban,male,0.93,2369
jibiao,male,0.8,3
jibin,male,0.97,1058
jibitesh,male,0.89,7
jibo,male,0.89,287
jibril,male,0.96,5678
jichang,male,0.96,21
jichen,male,0.78,25
jicheng,male,0.89,34
jicun,male,0.8,3
jidong,male,0.89,52
jie,male,0.52,7940
jie-qiao,,0.0,0
jie-shuang,,0.0,0
jie-tai,,0.0,0
jie-xiang,,0.0,0
jie-xiong,,0.0,0
jieao,male,0.75,2
jiebo,male,0.69,11
jiecheng,male,0.79,12
jieci,male,0.5,2
jiefei,female,0.58,22
jiefeng,male,0.78,39
jiehua,male,0.51,33
jielai,,0.0,0
jielei,male,0.6,8
jieli,female,0.74,44
jieliang,male,0.89,7
jiemin,female,0.67,86
jieming,male,0.6,61
jieon,female,0.93,27
jieping,female,0.74,33
jieqiong,female,0.97,30
jiequan,male,0.8,3
jiequn,female,0.78,7
jieren,male,0.75,14
jieru,female,0.93,80
jiesen,male,0.83,16
jietao,male,0.63,6
jieun,female,0.99,3006
jiewen,female,0.63,78
jiexiong,male,0.77,11
jieyang,male,0.75,22
jifang,male,0.5,18
jifei,male,0.78,21
jifeng,male,0.85,39
jigang,male,0.93,38
jigen,male,0.95,128
jignesh,male,0.99,3517
jiguang,male,0.9,29
jiguo,male,0.94,15
jih-hsin,,0.0,0
jihan,female,0.9,11562
jihane,female,0.96,12855
jihang,male,0.75,14
jihao,male,0.9,40
jihn,male,0.59,128
jiho,male,0.97,977
jihong,male,0.7,144
jihoon,male,0.98,1711
jihua,male,0.57,58
jihun,male,0.93,262
jihwan,male,0.98,209
jihye,female,0.98,1269
jihyun,female,0.95,2440
jiji,female,0.8,20348
jijian,male,0.73,13
jijun,male,0.81,52
jike,male,0.77,84
jil,female,0.74,4453
jilai,male,0.92,36
jilberto,male,0.98,849
jilei,male,0.79,12
jiliang,male,0.93,40
jiliu,male,0.57,5
jill,female,1.0,183637
jillian,female,1.0,43839
jim,male,1.0,607375
jimeng,male,0.67,10
jiming,male,0.87,61
jimmy,male,0.99,293841
jimyeong,female,0.71,5
jin,male,0.67,16321
jin-beom,male,0.83,4
jin-cheng,,0.0,0
jin-chong,,0.0,0
jin-feng,female,0.67,1
jin-fu,male,0.67,1
jin-guo,male,0.67,1
jin-hang,,0.0,0
jin-hee,female,0.85,76
jin-hong,male,0.8,8
jin-hua,male,0.6,3
jin-hui,male,0.5,2
jin-ichi,,0.0,0
jin-jian,,0.0,0
jin-jie,,0.0,0
jin-jun,male,0.67,1
jin-ke,,0.0,0
jin-lei,,0.0,0
jin-li,,0.0,0
jin-liang,,0.0,0
jin-long,male,0.71,5
jin-lu,,0.0,0
jin-ming,male,0.75,2
jin-peng,female,0.6,3
jin-ping,,0.0,0
jin-qiang,,0.0,0
jin-shi,male,0.67,1
jin-shu,,0.0,0
jin-song,,0.0,0
jin-wei,male,0.75,2
jin-wu,,0.0,0
jin-xin,,0.0,0
jin-xuan,,0.0,0
jin-yi,male,0.5,4
jin-yuan,male,0.6,3
jinao,male,0.83,4
jinbang,male,0.86,5
jinbao,male,0.84,41
jinbin,male,0.85,24
jinbing,male,0.83,16
jinbo,male,0.87,116
jincan,male,0.8,8
jinchang,male,0.74,17
jinchao,male,0.85,39
jinchen,male,0.83,21
jincheng,male,0.95,133
jinchi,male,0.79,26
jinchuan,male,0.86,19
jindan,female,0.75,30
jinde,male,0.75,26
jindong,male,0.95,56
jindrich,male,0.99,2731
jinfan,male,0.72,16
jinfei,male,0.61,31
jinfeng,male,0.51,233
jinfu,male,0.92,59
jing,female,0.78,11924
jing-fei,male,0.67,1
jing-hui,,0.0,0
jing-jing,female,0.92,57
jing-juan,,0.0,0
jing-kun,,0.0,0
jing-ling,female,0.67,1
jing-mei,female,0.67,1
jing-ning,,0.0,0
jing-rebecca,,0.0,0
jing-rong,male,0.67,1
jing-tao,,0.0,0
jing-xiu,,0.0,0
jing-xuan,,0.0,0
jing-yang,male,0.5,2
jing-yu,female,0.67,1
jing-yuan,male,0.67,1
jing-zhao,,0.0,0
jingang,male,0.98,43
jingbiao,male,0.88,6
jingbin,male,0.75,22
jingbo,male,0.78,108
jingcao,male,0.5,2
jingchen,female,0.54,44
jingcheng,male,0.78,48
jingda,male,0.79,12
jingdong,male,0.75,34
jingfan,male,0.55,18
jingfang,female,0.81,34
jingfei,female,0.67,52
jingfu,male,0.91,21
jinggeng,male,0.67,1
jinghai,male,0.67,10
jinghan,female,0.77,97
jinghao,male,0.96,74
jinghua,female,0.61,158
jinghui,female,0.54,137
jingjin,female,0.69,27
jingjing,female,0.94,1372
jingjun,male,0.64,51
jingkai,male,0.89,60
jingkun,male,0.75,26
jinglai,male,0.8,3
jinglei,male,0.51,47
jingli,female,0.64,68
jingliang,male,0.85,32
jinglin,female,0.67,94
jingmei,female,0.97,56
jingmin,female,0.63,68
jingnan,female,0.64,72
jingni,female,0.95,18
jingning,female,0.82,20
jingqin,male,0.5,8
jingran,female,0.8,38
jingren,male,0.81,14
jingru,female,0.95,96
jingrui,male,0.52,25
jingrun,male,0.71,5
jingshen,male,0.8,13
jingsheng,male,0.91,31
jingsong,male,0.8,47
jingtao,male,0.85,59
jingtong,female,0.74,29
jinguang,male,0.97,29
jingwei,male,0.68,267
jingwen,female,0.89,556
jingxi,female,0.57,58
jingxiang,male,0.77,42
jingxiao,female,0.62,24
jingxin,female,0.6,79
jingxuan,female,0.68,151
jingxue,female,0.7,18
jingya,female,0.95,115
jingyan,female,0.85,108
jingyang,male,0.72,94
jingyi,female,0.98,3033
jingyin,female,0.69,14
jingying,female,0.93,135
jingyong,male,0.9,19
jingyu,female,0.57,347
jingyuan,female,0.57,174
jingyun,female,0.81,82
jingzhao,male,0.69,14
jingzhe,male,0.72,52
jingzhen,female,0.69,14
jingzhi,female,0.58,48
jingzhou,male,0.74,25
jinha,female,0.51,115
jinhai,male,0.92,72
jinhan,male,0.8,93
jinhe,male,0.86,40
jinhee,female,0.94,1425
jinheung,male,0.89,7
jinhie,female,0.67,1
jinho,male,0.97,649
jinhong,male,0.77,163
jinhu,male,0.98,40
jinhua,female,0.6,297
jinhuan,male,0.5,30
jinhui,male,0.69,167
jinhwan,male,0.96,125
jinhyoung,male,0.86,26
jinhyuk,male,0.99,76
jinhyun,male,0.79,90
jinhyung,male,0.86,54
jinjiang,male,0.81,19
jinjin,female,0.68,384
jinjun,male,0.86,74
jinkai,male,0.73,65
jinkang,male,0.95,19
jinke,female,0.76,111
jinkyu,male,0.98,98
jinliang,male,0.96,88
jinlong,male,0.98,187
jinlu,female,0.59,25
jinmi,female,0.51,76
jinmian,male,0.6,3
jinmin,male,0.75,65
jinming,male,0.81,148
jinmyong,,0.0,0
jinmyoung,male,0.8,8
jinn-ouk,,0.0,0
jinnan,male,0.57,45
jinniao,male,0.67,1
jinniu,male,0.6,3
jinpeng,male,0.93,68
jinping,female,0.53,135
jinqiao,male,0.52,19
jinqiu,male,0.5,20
jinquan,male,0.98,59
jinrong,male,0.61,101
jinseok,male,0.99,139
jinseong,male,0.9,47
jinsheng,male,0.92,91
jinshuai,male,0.71,5
jinshui,male,0.85,11
jinsong,male,0.89,112
jinsoo,male,0.92,242
jinsu,male,0.86,240
jintae,male,0.98,58
jintao,male,0.79,90
jintian,male,0.79,22
jinting,female,0.74,44
jinwei,male,0.83,187
jinwen,male,0.56,113
jinwon,male,0.84,150
jinwoo,male,0.99,1597
jinwook,male,0.98,153
jinwoong,male,0.98,44
jinwu,male,0.92,23
jinxi,male,0.56,53
jinxiang,male,0.61,75
jinxin,male,0.71,102
jinxing,male,0.83,69
jinxiong,male,0.95,19
jinyang,male,0.71,82
jinyeop,male,0.8,3
jinyi,female,0.55,181
jinyin,female,0.69,14
jinyong,male,0.95,142
jinyoung,female,0.56,611
jinyu,female,0.59,231
jinyuan,male,0.76,76
jinyun,female,0.69,56
jinzhao,male,0.79,27
jinzhi,female,0.64,37
jinzhong,male,0.97,27
jinzi,female,0.74,29
jiong,male,0.83,177
jiongmin,,0.0,0
jip,male,0.75,1896
jipeng,male,0.76,23
jiping,male,0.65,60
jiqiang,male,0.95,20
jiqing,male,0.69,34
jirawat,male,0.92,198
jireh,male,0.51,641
jiren,male,0.92,236
jiri,male,0.99,48450
jirina,female,0.99,5312
jirka,male,0.98,27733
jiro,male,0.97,2149
jirong,male,0.73,28
jirui,male,0.89,7
jiseong,male,0.68,29
jishan,male,0.94,1105
jisheng,male,0.91,42
jishnu,male,1.0,3105
jiska,female,0.94,391
jisoo,female,0.9,1298
jisu,female,0.59,519
jisuke,,0.0,0
jisun,female,0.85,464
jisung,male,0.81,142
jitender,male,0.96,2895
jitendra,male,0.97,18056
jiteng,male,0.9,8
jitesh,male,1.0,9159
jithin,male,0.99,1908
jiti,male,0.59,109
jiu-long,,0.0,0
jiu-peng,,0.0,0
jiucai,female,0.67,1
jiuhua,male,0.63,6
jiulin,male,0.82,9
jiun-chau,,0.0,0
jiun-haw,male,0.67,1
jiunn-wei,,0.0,0
jiuru,male,0.67,4
jiuya,,0.0,0
jiuyang,male,0.8,8
jiuyi,male,0.54,11
jiuzu,,0.0,0
jivko,male,0.99,603
jivtesh,male,0.93,12
jiwei,male,0.8,88
jiwen,male,0.56,61
jiwon,female,0.9,3049
jiwoong,male,0.98,126
jiwu,male,0.94,16
jixia,male,0.6,3
jixiang,male,0.7,21
jixun,male,0.67,1
jiyong,male,0.85,172
jiyoon,female,0.86,306
jiyou,male,0.62,32
jiyoung,female,0.98,2758
jiyuan,male,0.71,64
jize,male,0.74,17
jizhou,male,0.85,25
jiří,male,0.99,48450
jj,male,0.82,26858
jn,male,0.9,5379
jnanadeva,male,0.67,1
jnaneshwar,male,0.86,5
jo,female,0.75,231051
joa,female,0.52,2731
joachim,male,1.0,53279
joackim,male,0.98,545
joakim,male,1.0,24822
joan,female,0.83,278766
joana,female,0.99,135165
joanes,male,0.93,396
joanna,female,0.99,290637
joanne,female,1.0,214833
joannis,male,0.94,201
joao,male,0.99,293745
joaquim,male,0.99,61243
joaquin,male,0.99,119009
joaquín,male,0.99,119009
job,male,0.98,22937
joberto,male,0.96,26
jobst,male,0.95,85
jocelyn,female,0.94,82080
jocelyne,female,0.99,45085
jochem,male,0.99,3001
jochen,male,1.0,10899
jocienne,female,0.67,1
jodi,female,0.99,58767
joe,male,0.99,725022
joedson,male,0.97,174
joel,male,0.99,423403
joerg,male,1.0,4972
joerg-peter,male,0.9,8
joergen,male,0.98,139
joeri,male,0.99,4462
joern,male,0.99,586
joey,male,0.8,59138
joffrey,male,1.0,8225
johan,male,0.99,272800
johann,male,0.98,29401
johann-christoph,male,0.89,7
johanna,female,0.99,190028
johanne,female,0.99,20693
johannes,male,1.0,90835
john,male,1.0,2693029
johnatan,male,1.0,4832
johnathan,male,1.0,26294
johnnie,male,0.86,5281
johnny,male,0.99,225821
johnpierre,male,0.93,12
joice,female,0.99,20410
joilson,male,0.99,577
joji,male,0.91,4357
jolanta,female,0.99,47932
jolien,female,0.99,7725
jolijn,female,0.99,684
jomi,male,0.74,543
jon,male,0.99,301029
jon-ivar,male,0.86,5
jon-lark,,0.0,0
jon-paul,male,1.0,711
jonah,male,0.96,19942
jonas,male,0.99,159436
jonatan,male,1.0,45878
jonathan,male,1.0,795354
jonathon,male,1.0,23743
jonay,male,0.79,3243
jone,male,0.71,5473
jonelle,female,0.98,2470
jong,male,0.94,11406
jong-ching,,0.0,0
jong-chul,male,0.8,3
jong-hak,male,0.67,1
jong-ho,male,0.96,23
jong-hyun,male,0.97,31
jong-min,male,0.91,33
jong-phil,,0.0,0
jong-ping,,0.0,0
jong-seok,male,0.94,16
jong-seon,male,0.86,5
jong-shenq,,0.0,0
jong-shi,,0.0,0
jong-wan,male,0.89,7
jong-woo,male,0.94,15
jongbae,male,0.94,14
jongbaek,male,0.89,7
jongchul,male,0.98,49
jonghae,male,0.89,7
jongho,male,0.99,229
jonghoon,male,0.99,165
jonghwan,male,0.99,104
jonghyeon,male,0.91,31
jonghyun,male,0.97,283
jongkeun,male,0.96,24
jongkuk,male,0.95,20
jongkyum,male,0.67,1
jongmin,male,0.98,295
jongmyeong,male,0.94,14
jongsoo,male,0.98,88
jongsu,male,0.98,62
jongsuk,male,0.79,37
jonguk,male,0.96,25
jongwan,male,0.97,29
jongwon,male,0.99,180
jongwook,male,0.99,88
jongyook,male,0.67,1
joni,female,0.58,49376
jonilyn,female,0.96,43
jonna,female,0.97,15337
jonne,male,0.57,3100
jonni,male,0.93,2004
jonte,male,0.96,639
jonti,male,0.86,139
jonás,male,0.99,159436
joo-von,,0.0,0
joohyun,female,0.56,163
joon,male,0.86,2939
joona,male,0.97,3251
joonas,male,1.0,5973
joonbum,male,0.94,15
joong-ho,male,0.83,4
joongheon,male,0.75,2
joongoo,male,0.83,4
joonha,male,0.88,14
joonhee,male,0.64,51
joonho,male,0.99,165
joonhyuk,male,0.97,33
joonhyun,male,0.95,19
joonkyung,male,0.8,3
joonsuk,male,0.87,21
joontae,male,0.92,10
joonwoo,male,0.96,47
joonyeong,male,0.75,2
joop,male,0.98,9202
joost,male,0.99,12002
joost-pieter,,0.0,0
joosung,male,0.97,36
jooyoung,male,0.82,704
jordan,male,0.9,149418
jordany,male,0.96,640
jordi,male,0.99,66805
jordy,male,0.99,28269
jorge,male,1.0,1254599
jorgen,male,1.0,9233
jori,female,0.51,2373
jorick,male,1.0,498
jorinde,female,0.99,298
joris,male,0.99,28900
jorma,male,0.99,6006
jorn,male,1.0,7757
jorrit,male,0.99,1481
jorryt,male,0.89,17
jory,female,0.72,3903
jos,male,0.97,116355
joscha,male,0.95,483
joschka,male,0.99,248
jose,male,0.99,2788243
josef,male,0.99,110763
josefin,female,0.99,2933
josefina,female,0.99,69062
joselito,male,0.99,15561
josep,male,1.0,58462
joseph,male,0.99,791182
josephine,female,0.99,102165
josh,male,1.0,292693
josha,male,0.71,275
joshua,male,1.0,399422
joshuah,male,1.0,673
josiah,male,0.99,16352
josip,male,1.0,20164
josnei,male,0.99,261
josquin,male,0.96,109
joss,male,0.68,8011
josse,male,0.85,4244
josselin,female,0.66,6429
josu,male,0.98,6021
josue,male,0.99,116598
josué,male,0.99,116598
josé,male,0.99,2788243
josé-alain,male,0.67,1
josé-luis,male,0.99,442
josé-miguel,male,0.99,67
jotun,male,0.95,59
jouko,male,1.0,2174
jounghun,male,0.9,8
jouni,male,0.99,4973
jovan,male,0.97,8202
jovana,female,0.99,20014
jowita,female,0.99,2603
joy,female,0.92,216304
joyce,female,0.99,258656
joycee,female,0.98,848
joydeep,male,0.98,583
joydev,male,0.96,230
joydip,male,0.98,166
joyentanuj,,0.0,0
joyjit,male,0.96,70
joyojeet,,0.0,0
joyoung,male,0.75,10
jozef,male,0.99,36568
jozefien,female,0.99,221
jozsef,male,1.0,10637
joão,male,0.99,293745
joël,male,0.99,423403
jr-shin,male,0.67,1
ju,female,0.56,22797
ju-ho,male,0.8,3
ju-jun,,0.0,0
ju-yeon,female,0.9,28
juae,female,0.68,36
juan,male,0.99,2145368
juan-carlos,male,1.0,561
juan-juan,male,0.86,5
juan-pablo,male,0.98,124
juana,female,0.98,122401
juani,female,0.9,21646
juanjo,male,0.99,29027
juanjuan,female,0.74,184
juanyong,male,0.5,2
juba,male,0.96,3595
jubee,male,0.57,42
jubin,male,0.93,548
judah,male,0.93,1148
judd,male,0.98,3737
judit,female,0.99,43513
judith,female,1.0,239452
judy,female,1.0,257197
jue,female,0.86,2978
juejun,female,0.83,4
juerg,male,0.99,420
juergen,male,1.0,16336
jueun,female,0.89,95
jugal,male,0.97,1074
juha,male,0.99,12913
juha-pekka,male,1.0,685
juhan,male,0.94,394
juhani,male,0.99,2869
juhee,female,0.98,1280
juhi,female,0.99,7554
juho,male,1.0,5688
jui-lin,male,0.88,6
jujia,female,0.75,6
jukka,male,1.0,9233
jukka-pekka,male,1.0,548
julanan,male,0.67,1
julen,male,0.99,6587
jules,male,0.87,36282
julia,female,0.99,636862
julian,male,0.99,305475
juliana,female,1.0,277101
juliane,female,0.99,30200
julianna,female,1.0,17515
julianne,female,1.0,16449
juliano,male,1.0,36785
julie,female,0.99,754415
julien,male,0.99,324082
julieta,female,0.99,54317
juliette,female,0.99,66797
julio,male,1.0,482386
julius,male,0.99,68640
juliusz,male,0.99,795
julià,female,0.99,636862
julián,male,0.99,305475
jullianna,female,0.98,111
julyan,male,0.94,506
jumin,male,0.71,104
jumpei,male,1.0,214
jun,male,0.85,27306
jun'ichi,male,0.96,24
jun'ya,female,0.75,6
jun-bao,,0.0,0
jun-bo,,0.0,0
jun-feng,,0.0,0
jun-gang,,0.0,0
jun-hao,male,0.86,5
jun-hong,male,0.67,4
jun-hui,male,0.75,2
jun-hyung,male,0.92,23
jun-ichi,male,0.99,111
jun-ichiro,male,0.8,3
jun-jie,male,0.95,17
jun-jin,,0.0,0
jun-kang,,0.0,0
jun-li,,0.0,0
jun-liang,,0.0,0
jun-ming,male,0.67,1
jun-muk,,0.0,0
jun-nan,male,0.67,1
jun-qi,,0.0,0
jun-qiang,,0.0,0
jun-qing,,0.0,0
jun-ru,male,0.67,1
jun-sik,male,0.86,5
jun-sung,male,0.92,10
jun-tao,,0.0,0
jun-wei,male,0.75,2
jun-wen,male,0.75,2
jun-won,male,0.8,8
jun-xian,male,0.67,1
jun-xu,,0.0,0
jun-yan,male,0.71,5
jun-yong,male,0.91,9
jun-yu,male,0.67,4
jun-zhang,,0.0,0
jun-zhi,,0.0,0
juna,female,0.69,2165
junaed,male,0.96,276
junaid,male,0.99,33794
junan,male,0.85,100
junang,male,0.63,6
junbeom,male,0.96,21
junbin,male,0.95,58
junbo,male,0.94,100
juncai,male,0.79,26
junchao,male,0.84,72
junchen,male,0.78,44
juncheng,male,0.96,98
jundan,male,0.63,17
junde,male,0.93,52
june,female,0.95,84228
june-haak,,0.0,0
june-koo,,0.0,0
june-young,male,0.8,3
juned,male,0.95,3418
junehyuk,male,0.75,2
junellie,female,0.83,4
juneseo,male,0.6,3
junfeng,male,0.94,201
jung,male,0.63,6479
jung-chao,,0.0,0
jung-fu,male,0.67,1
jung-hun,male,0.95,18
jung-hyun,male,0.73,47
jung-min,male,0.74,48
jung-shen,male,0.67,1
jung-tae,male,0.86,5
jung-wan,male,0.8,3
jung-woo,male,0.98,64
jung-wook,male,0.92,10
jungang,male,0.87,13
jungchul,male,0.96,22
jungdae,male,0.91,9
junggi,male,0.85,11
jungha,female,0.69,43
junghee,female,0.78,248
jungheum,male,0.86,5
jungho,male,0.95,247
junghoon,male,0.99,263
junghwan,male,0.99,183
junghyun,male,0.59,363
jungil,male,0.96,51
jungin,female,0.6,100
jungmi,female,0.95,129
jungsang,male,0.9,18
jungseek,,0.0,0
jungseok,male,0.91,31
jungsoo,male,0.8,136
junguang,male,0.93,12
junguk,male,0.81,19
jungyeon,female,0.79,71
jungyun,female,0.63,50
junha,male,0.8,59
junhan,male,0.89,93
junhao,male,0.99,846
junho,male,0.99,1856
junhong,male,0.82,187
junhui,male,0.8,187
junhyeong,male,0.96,24
junhyun,male,0.96,54
junichi,male,1.0,3280
junichiro,male,0.99,176
junil,male,0.93,92
junji,male,0.97,506
junjia,male,0.82,32
junjian,male,0.98,50
junjie,male,0.98,2764
junjiro,male,0.93,12
junkai,male,0.97,111
junki,male,0.89,227
junko,female,0.99,5394
junle,male,0.88,24
junli,female,0.68,109
junliang,male,0.95,61
junlin,male,0.77,140
junling,female,0.7,77
junmin,male,0.87,101
junming,male,0.94,133
junmo,male,0.94,69
junmou,male,0.8,3
junni,male,0.59,99
junpei,male,0.99,516
junpeng,male,0.92,62
junping,male,0.67,56
junqi,male,0.8,97
junqiang,male,0.98,46
junqiao,female,0.53,17
junqing,male,0.58,77
junqiu,male,0.5,12
junren,male,0.88,32
junru,female,0.66,71
junsaku,male,0.67,1
junsei,male,0.93,13
junsen,male,0.88,23
junshan,male,0.77,20
junsheng,male,0.95,61
junshi,male,0.88,22
junsoo,male,0.95,62
junsuk,male,0.89,34
junsung,male,0.99,72
juntai,male,0.93,12
juntao,male,0.91,100
junu,male,0.5,708
junwei,male,0.93,410
junwen,male,0.78,109
junwu,male,0.94,33
junxi,male,0.92,170
junxia,female,0.93,42
junxian,male,0.91,114
junxiang,male,0.9,90
junxin,male,0.78,30
junxing,male,0.91,21
junxiong,male,0.97,56
junxu,male,0.9,8
junxue,male,0.67,4
junya,female,0.61,1522
junyan,female,0.52,168
junyang,male,0.9,99
junyao,male,0.52,59
junyeong,male,0.97,27
junyi,male,0.9,1370
junyong,male,0.98,156
junyu,male,0.8,208
junyuan,male,0.9,81
junzhang,male,0.89,7
junzhi,male,0.82,31
junzi,male,0.56,25
juping,female,0.8,13
jura,male,0.67,4085
juraj,male,0.99,5757
jure,male,0.97,3092
jurek,male,0.98,4627
jurgen,male,1.0,50839
juri,male,0.87,7597
juriaan,male,0.98,176
jurie,female,0.68,1562
jurij,male,0.99,1895
juris,male,0.98,3975
jurriaan,male,0.99,540
jusak,male,0.95,17
jusef,male,0.97,357
jushan,male,0.9,8
jussara,female,0.99,3149
jussi,male,0.98,7397
juste,male,0.52,4521
justin,male,0.99,440251
justinas,male,0.99,929
justine,female,0.94,64106
justo,male,0.99,16502
justus,male,0.97,3499
justyn,male,0.91,962
justyna,female,0.99,106646
jutao,male,0.67,1
jutho,male,0.71,5
jutta,female,0.99,22819
juuso,male,1.0,3749
juven,male,0.86,384
juvenal,male,0.99,11929
juyong,male,0.88,65
juzar,male,0.91,106
jv,male,0.83,2014
jwo-yuh,,0.0,0
jy-yong,,0.0,0
jyh-ming,,0.0,0
jyh-pin,,0.0,0
jyoti,female,0.98,57822
jyotirmoy,male,0.98,211
jyotish,male,0.96,490
jyotishman,male,0.98,42
jyotsna,female,1.0,7215
jyri,male,1.0,1580
jyrki,male,1.0,2328
ján,male,0.89,344604
jános,male,0.99,12027
jérémie,male,0.99,23370
jérémy,male,1.0,359216
jérôme,male,0.99,209630
józef,male,0.99,36568
józsef,male,1.0,10637
jörg,male,1.0,21605
jörg-peter,male,0.98,41
jörg-rüdiger,male,0.67,1
jörg-uwe,male,0.96,22
jörn,male,1.0,7757
jørgen,male,1.0,9233
jørn,male,1.0,7757
júlia,female,0.99,636862
júlio,male,1.0,482386
júnior,male,0.99,169058
jürg,male,1.0,1606
jürgen,male,1.0,50839
jüri,male,0.87,7597
jānis,female,0.86,33733
jędrzej,male,1.0,743
ka,male,0.59,32039
ka-di,male,0.75,2
ka-ming,male,0.67,10
kaan,male,0.98,77453
kaarthik,male,0.97,63
kab-jin,,0.0,0
kabe,male,0.8,481
kabgyun,,0.0,0
kabir,male,0.97,30650
kacem,male,0.97,7939
kacper,male,1.0,22579
kade,male,0.91,3996
kaden,male,0.98,3351
kadir,male,0.98,154211
kadri,male,0.67,10774
kae,female,0.87,3754
kael,male,0.95,1939
kaho,female,0.54,1531
kai,male,0.91,45605
kai-cheng,male,0.67,4
kai-fan,,0.0,0
kai-hsin,male,0.5,4
kai-jia,male,0.67,1
kai-kai,male,0.5,12
kai-kit,,0.0,0
kai-kristian,male,0.86,5
kai-lei,female,0.75,2
kai-mei,male,0.6,3
kai-min,male,0.86,5
kai-ming,male,0.8,8
kai-qiang,male,0.67,1
kai-syun,,0.0,0
kai-uwe,male,0.99,766
kai-wen,male,0.87,44
kai-xing,,0.0,0
kai-xuan,,0.0,0
kai-yuan,male,0.87,13
kaibin,male,0.96,45
kaibo,male,0.88,24
kaicheng,male,0.85,32
kaida,female,0.77,182
kaie,male,0.6,300
kaifa,male,0.53,96
kaifan,male,0.77,29
kaifei,male,0.78,16
kaifeng,male,0.96,66
kaifu,male,0.97,28
kaige,male,0.68,45
kaigui,male,0.75,2
kaihua,male,0.74,40
kaihui,female,0.56,25
kaijun,male,0.88,96
kaikai,male,0.68,294
kaike,male,0.98,495
kaiki,male,0.78,102
kailai,male,0.82,26
kailash,male,0.98,24352
kaile,female,0.63,139
kaili,female,0.88,495
kailiang,male,0.89,26
kaimin,male,0.8,44
kaiming,male,0.94,161
kainan,male,0.97,423
kaipeng,male,0.83,16
kaiping,male,0.65,35
kaiqiang,male,0.95,20
kairan,male,0.87,126
kairat,male,0.97,2079
kairui,male,0.82,32
kais,male,0.98,20799
kaisa,female,0.98,7303
kaisey,female,0.94,64
kaishun,male,0.94,15
kaitlin,female,1.0,26117
kaitlyn,female,1.0,45553
kaitong,male,0.77,24
kaiwen,male,0.91,701
kaixiang,male,0.93,79
kaixuan,male,0.59,109
kaiyang,male,0.9,38
kaiyou,male,0.62,11
kaiyu,male,0.95,333
kaiyuan,male,0.91,75
kaizhi,male,0.75,10
kaj,male,0.98,7860
kajal,female,0.92,24012
kalaga,male,0.82,20
kalevi,male,0.99,780
kali,male,0.54,9735
kalin,male,0.86,1939
kalina,female,0.99,6856
kalle,male,0.97,10554
kalliopi,female,1.0,1867
kallol,male,0.99,266
kalman,male,0.97,1804
kalobaran,male,0.88,6
kaloian,male,0.99,156
kaloyan,male,1.0,2146
kalpana,female,0.98,20023
kalpataru,male,0.94,65
kalyan,male,1.0,17085
kalyanmoy,male,0.8,3
kam,male,0.69,13529
kamal,male,0.97,273411
kamalakar,male,0.97,271
kamalakshya,,0.0,0
kamalam,female,0.96,112
kamaljeet,male,0.58,685
kamana,female,0.58,228
kamanasish,male,0.8,3
kamber,male,0.74,2076
kambiz,male,0.98,1651
kamel,male,0.98,128158
kamen,male,0.93,2167
kamer,female,0.5,2478
kameryn,female,0.81,77
kamesh,male,0.96,763
kamil,male,0.99,123047
kamila,female,0.99,95604
kamlesh,male,0.92,14087
kamran,male,0.99,47717
kan,male,0.81,12910
kan-hao,,0.0,0
kana,female,0.6,4177
kanad,male,0.83,62
kanak,male,0.73,1397
kanako,female,0.99,2618
kaname,male,0.74,217
kanan,male,0.83,1469
kananart,,0.0,0
kanapathippillai,male,0.93,25
kanata,male,0.71,66
kanato,male,0.76,35
kanav,male,1.0,1186
kanchana,female,0.87,1175
kandaswamy,male,0.94,30
kanehisa,male,0.75,2
kang,male,0.78,7616
kang-da,,0.0,0
kang-kuen,,0.0,0
kangda,male,0.7,8
kanghong,male,0.67,16
kanghoon,male,0.96,21
kangjie,male,0.78,16
kangjin,male,0.95,17
kangning,male,0.7,31
kangqiao,male,0.8,3
kangquan,,0.0,0
kangujam,male,0.6,3
kangwei,male,0.83,52
kangwon,male,0.83,16
kangyong,male,0.96,23
kanhaiya,male,0.96,2649
kanika,female,0.99,12830
kanishka,female,0.91,3943
kanji,male,0.96,1260
kanka,male,0.85,501
kannabiran,male,0.95,17
kannan,male,0.98,22922
kanstantsin,male,0.98,42
kantaro,male,0.94,33
kanthi,female,0.86,968
kanti,male,0.65,1392
kanupriya,female,0.89,85
kanya,female,0.78,903
kao-yueh,,0.0,0
kaori,female,0.97,3677
kaoru,female,0.62,1433
kapil,male,1.0,42810
kapildeb,male,0.82,9
kara,female,0.87,75617
karan,male,0.93,23324
karanjit,male,0.85,135
karapet,male,0.99,278
kareem,male,0.97,79431
karel,male,0.96,45164
kareljan,male,0.86,5
karen,female,0.99,967928
kari,female,0.86,79644
karim,male,0.98,443261
karimbergen,,0.0,0
karin,female,0.99,205039
karina,female,0.99,316885
karine,female,0.99,161227
karishma,female,0.99,13841
karl,male,0.99,158291
karl-erik,male,0.99,250
karl-friedrich,male,0.99,80
karl-heinz,male,1.0,6249
karl-henning,male,0.83,4
karl-hermann,male,0.98,41
karl-joachim,male,0.88,6
karl-ludwig,male,0.98,54
karl-mikael,male,0.83,4
karl-theodor,male,0.83,4
karla,female,0.99,258106
karlheinz,male,0.99,2112
karlo,male,0.99,11357
karma,female,0.81,13377
karmel,female,0.71,574
karmvir,male,0.88,62
karol,male,0.55,78604
karola,female,0.99,8131
karoliina,female,0.98,1794
karolina,female,0.99,188199
karoline,female,1.0,23355
karolos,male,0.98,120
karsten,male,0.99,14266
kartheek,male,0.94,197
kartheik,male,0.83,4
karthekeyan,male,0.86,5
karthik,male,1.0,53929
kartic,male,0.97,89
kartick,male,0.97,861
kartiek,male,0.82,9
kartik,male,0.99,24366
karwan,male,0.94,1672
karyn,female,1.0,15842
karín,female,0.99,205039
kasey,female,0.74,4918
kashif,male,0.99,38131
kashin,male,0.83,45
kashumi,male,0.5,2
kashyap,male,0.99,4120
kasia,female,0.99,124316
kasidit,male,0.95,20
kaspar,male,0.99,2597
kaspars,male,0.99,1112
kasper,male,0.99,19695
kasra,male,0.99,3638
kassandra,female,1.0,20451
kassem,male,0.97,7683
kassie,female,0.98,4994
kasso,male,0.88,131
kasturi,female,0.83,1498
kastytis,male,0.99,159
kasun,male,0.96,1508
kat,female,0.96,49276
katalin,female,0.99,28745
katanya,female,0.91,128
katarina,female,0.99,58327
katarzyna,female,0.99,197036
katayun,female,0.97,31
kate,female,0.99,302484
katelin,female,1.0,3161
katelyn,female,1.0,36056
katepalli,male,0.83,4
kater,male,0.51,859
katerina,female,0.99,91133
kateryna,female,1.0,10942
kateřina,female,0.99,91133
katharina,female,0.99,64484
katharine,female,1.0,16649
katherine,female,1.0,280389
kathirvel,male,0.95,249
kathleen,female,1.0,208704
kathlén,female,0.99,525
kathrin,female,0.99,37403
kathryn,female,1.0,129831
kathy,female,1.0,369868
katia,female,0.99,183662
katie,female,1.0,327174
katina,female,0.99,7115
katja,female,0.99,69833
katri,female,0.98,5634
katrien,female,1.0,13503
katrin,female,0.99,59109
katrina,female,1.0,90596
katsuaki,male,0.99,119
katsuhiko,male,1.0,274
katsuhiro,male,0.99,331
katsuji,male,1.0,214
katsuki,male,0.8,150
katsukuni,male,0.67,1
katsumasa,male,0.97,58
katsumi,male,0.73,600
katsunobu,male,0.95,19
katsunori,male,0.99,230
katsura,female,0.59,129
katsushi,male,0.99,89
katsuta,male,0.5,4
katsuya,male,0.98,421
katsuyoshi,male,0.99,100
katsuyuki,male,1.0,203
katy,female,0.99,107336
katya,female,0.99,35634
kausar,female,0.61,5476
kaushal,male,0.99,14754
kaushallya,male,0.75,2
kaushar,male,0.89,388
kaushik,male,1.0,19946
kaushiki,female,0.95,35
kaushini,,0.0,0
kausik,male,0.98,183
kaustav,male,1.0,2318
kaustubh,male,1.0,6855
kaustuv,male,0.98,44
kauê,male,0.98,2257
kavan,male,0.99,1216
kaveh,male,1.0,5980
kavilan,male,0.96,45
kavinda,male,0.95,146
kavita,female,0.99,31786
kawal,male,0.7,562
kawin,male,0.88,146
kay,female,0.64,47104
kaya,male,0.77,14331
kayahan,male,0.98,1036
kaye,female,0.94,4634
kayhan,male,0.98,5373
kayla,female,1.0,125262
kaylea,female,1.0,885
kaylee,female,1.0,21669
kayn,male,0.88,308
kayoomars,male,0.83,4
kays,male,0.92,1774
kayue,male,0.57,12
kaze,male,0.87,791
kazem,male,0.97,3588
kazi,male,0.91,13801
kazimierz,male,0.99,8607
kazu,male,0.9,1128
kazuaki,male,1.0,431
kazue,female,0.99,1017
kazufumi,male,0.99,92
kazuharu,male,0.97,35
kazuhide,male,0.99,113
kazuhiko,male,1.0,609
kazuhiro,male,1.0,3803
kazuhisa,male,1.0,227
kazuhito,male,1.0,208
kazuho,male,0.86,64
kazuki,male,0.98,3623
kazuma,male,0.99,1411
kazumasa,male,1.0,304
kazumi,female,0.75,990
kazumitsu,male,0.96,21
kazumoto,male,0.95,19
kazumune,male,0.83,4
kazunari,male,0.99,233
kazunobu,male,0.99,84
kazunori,male,1.0,593
kazuo,male,1.0,3195
kazushi,male,0.99,184
kazushige,male,0.99,128
kazutaka,male,0.99,283
kazuto,male,0.99,899
kazutoshi,male,0.99,187
kazuya,male,1.0,3292
kazuyasu,male,0.96,21
kazuyoshi,male,1.0,956
kazuyuki,male,1.0,1591
kaïs,male,0.98,20799
kağan,male,0.97,3021
ke,male,0.84,14701
ke-jian,,0.0,0
ke-jin,,0.0,0
ke-jun,,0.0,0
ke-jung,,0.0,0
ke-pan,,0.0,0
ke-qing,female,0.67,1
ke-sheng,,0.0,0
ke-wen,male,0.67,1
kean,male,0.95,3239
kearn,female,0.76,91
keaton,male,0.95,1598
kebin,male,0.98,911
kechen,male,0.75,22
kedar,male,0.99,9870
kedron,male,0.77,33
kee,male,0.64,4420
kee-tae,,0.0,0
keefe,male,0.99,660
keegan,male,0.94,3388
keenan,male,0.99,8690
keerti,female,0.98,1874
kees,male,0.99,39069
kefeng,male,0.84,43
keh-fei,,0.0,0
kehao,male,0.89,16
kehuan,male,0.5,4
kehui,female,0.59,25
kei,male,0.65,4983
kei-ichi,male,0.67,1
keian,male,0.9,137
keigo,male,0.99,1022
keiichi,male,0.99,680
keiichiro,male,0.98,195
keiji,male,0.99,1848
keijo,male,0.99,1565
keiju,male,0.6,38
keiko,female,0.99,10087
keir,male,0.94,816
keira,female,0.99,7468
keishu,male,0.75,14
keisuke,male,1.0,4934
keita,male,0.87,4549
keitaro,male,0.99,501
keith,male,1.0,303132
keivan,male,0.99,1871
keiya,female,0.78,166
keji,female,0.66,591
kejia,female,0.58,69
kejie,male,0.68,38
kejin,male,0.73,24
kejing,female,0.65,38
kejun,male,0.62,64
keke,female,0.57,9160
kele,female,0.68,1530
kelei,female,0.88,72
keliang,male,0.88,24
kelin,female,0.76,905
kelle,female,0.83,769
kellen,male,0.54,1988
keller,male,0.72,1187
kelley,female,0.91,6598
kellie,female,1.0,39031
kelly,female,0.91,195061
kelsey,female,0.96,20659
kelsi,female,0.99,4340
kelvin,male,0.99,118535
kemal,male,0.99,116821
kemi,female,0.95,10852
ken,male,0.99,337691
ken'ichi,male,0.96,53
ken'ichiro,male,0.93,12
ken-ichi,male,0.99,179
ken-ichiro,male,0.98,52
kenan,male,0.98,96203
kenda,female,0.94,2731
kendall,male,0.53,7870
kendrick,male,0.99,9014
keneth,male,0.98,2874
keng,male,0.89,4791
kengo,male,1.0,1428
kenichi,male,1.0,4582
kenichiro,male,1.0,1036
kenji,male,0.99,15024
kenjiro,male,1.0,622
kenkichi,male,0.97,35
kenli,female,0.62,87
kenneth,male,1.0,284406
kenny,male,0.97,142521
kensei,male,0.99,177
kenshi,male,0.93,194
kensuke,male,1.0,1393
kent,male,0.99,67499
kent-andre,male,0.67,1
kenta,male,0.98,1827
kentaro,male,1.0,3673
kentaroh,male,0.95,19
kentarou,male,0.99,139
kento,male,0.99,1437
kenton,male,1.0,3938
kenya,female,0.9,5171
kenza,female,0.97,31240
kenzo,male,0.92,8402
kepa,male,0.98,2161
keping,male,0.77,24
keqiang,male,0.96,21
keqin,male,0.53,38
kerem,male,0.98,53510
keren,female,0.99,19414
keri,female,0.98,23536
kerri,female,1.0,31023
kerrie,female,0.99,15053
kerry,female,0.79,32372
kersten,female,0.76,1633
kerstin,female,0.99,71284
kert,male,0.97,588
kerui,male,0.59,25
keshab,male,0.96,2077
keshav,male,1.0,19018
kestutis,male,0.99,2769
ketan,male,1.0,22455
keti,female,0.93,3022
keto,male,0.68,543
ketty,female,0.99,19836
keun-young,male,0.75,6
keunhan,male,0.8,3
keunho,male,0.97,30
keunyoung,male,0.58,34
keval,male,1.0,4168
kevan,male,0.99,5218
keven,male,0.99,8997
kevin,male,1.0,1276301
kevork,male,0.99,1349
kewei,male,0.71,103
kewen,male,0.83,86
kexiang,male,0.8,13
kexin,female,0.96,1396
keye,male,0.85,170
keyhan,male,0.92,259
keyi,female,0.66,147
keyou,male,0.64,31
keyu,female,0.54,101
keyuan,male,0.76,23
kezhi,male,0.64,9
kezhou,male,0.75,2
kfir,male,0.99,2465
kha,male,0.56,15857
khabat,male,0.92,192
khac-hoang,,0.0,0
khadijeh,female,0.96,410
khadiza,female,0.94,718
khai,male,0.84,5148
khai-ming,,0.0,0
khaldi,male,0.83,1402
khaldoon,male,0.99,961
khaldoun,male,0.99,2218
khaled,male,0.98,383598
khalid,male,0.98,362841
khalifa,male,0.97,21812
khalik,male,0.92,1021
khalique,male,0.99,457
khamphee,male,0.67,4
khanchai,male,0.94,14
khang,male,0.97,3674
khanh,male,0.67,2184
khashayar,male,0.99,997
khatiza,female,0.84,23
khaza,male,0.96,338
khazhgali,male,0.67,1
khee-gan,,0.0,0
khepani,,0.0,0
khiem,male,0.97,1109
khoa,male,0.99,5973
khondokar,male,0.9,270
khosro,male,0.98,867
khristo,male,0.97,30
khrystyna,female,1.0,2032
khu,male,0.59,425
khue-dung,,0.0,0
khun,male,0.78,843
khushboo,female,1.0,14422
khusniddin,male,0.94,31
khyati,female,0.99,4734
khépani,,0.0,0
ki,male,0.65,11091
ki-ahm,,0.0,0
ki-hong,male,0.88,15
ki-seok,male,0.93,12
ki-yong,male,0.89,7
ki-young,male,0.83,22
kia,female,0.89,15683
kian,male,0.96,11822
kian-lee,male,0.8,3
kianna,female,1.0,2426
kiarn,male,0.59,27
kibaek,male,0.95,19
kie,male,0.65,1120
kien,male,0.94,4634
kieran,male,0.99,21473
kieron,male,1.0,6897
kieu,female,0.96,3047
kiev,male,0.93,353
kiho,male,0.79,203
kihong,male,0.93,56
kihoon,male,0.99,93
kihwan,male,0.99,79
kihyun,male,0.85,147
kijti,,0.0,0
kijung,male,0.73,47
kilar,male,0.92,50
kilian,male,0.99,9262
killian,male,0.98,10093
kim,female,0.75,196601
kim-anh,female,0.97,76
kim-chuan,,0.0,0
kim-kwang,,0.0,0
kim-manuel,male,0.75,2
kim-ngan,female,0.88,6
kim-vy,female,0.75,2
kimball,male,0.88,239
kimberly,female,1.0,311758
kimet,male,0.67,173
kimia,female,0.98,3090
kimihiko,male,0.99,83
kimihiro,male,0.99,80
kimiko,female,0.98,2008
kimin,male,0.76,119
kiminad,,0.0,0
kiminao,male,0.67,1
kimitake,male,0.92,10
kimitoshi,male,0.89,16
kimmo,male,0.99,5057
kimyeong,male,0.6,3
kin,male,0.82,8233
kin-fai,male,0.67,1
kin-wang,,0.0,0
kin-ya,,0.0,0
king,male,0.94,39267
king-yeung,male,0.67,1
kinga,female,0.99,54284
kingman,male,0.97,368
kingshook,male,0.67,4
kingshuk,male,0.99,139
kingsley,male,0.98,25370
kinjal,female,0.97,7369
kinjalk,male,0.71,5
kinkar,male,0.99,94
kinwah,male,0.97,100
kipp,male,0.98,1350
kipton,male,0.97,61
kira,female,0.93,34993
kiran,male,0.61,29355
kirandeep,female,0.96,1709
kiranjyot,female,0.6,3
kirankumar,male,0.89,399
kireeti,male,0.94,34
kiril,male,0.99,6710
kirill,male,1.0,32947
kirit,male,0.97,1168
kirk,male,1.0,48921
kirone,male,0.82,15
kirpal,male,0.89,503
kirsi,female,0.99,11637
kirsten,female,0.99,81041
kirsti,female,1.0,6362
kirstin,female,1.0,10080
kirstine,female,1.0,2380
kirsty,female,1.0,52326
kirti,female,0.97,18274
kirtimaan,male,0.67,1
kirtiman,male,0.9,39
kiryl,male,0.98,148
kiryong,male,0.89,7
kisa,female,0.89,1399
kiseki,female,0.54,22
kiseon,male,0.61,16
kisetsu,male,0.75,2
kishalay,male,0.97,27
kishan,male,0.99,28472
kishor,male,0.97,9692
kishore,male,1.0,31648
kisoo,male,0.88,48
kisung,male,0.98,63
kit,male,0.65,12415
kitae,male,0.95,94
kitti,female,0.94,7426
kittikorn,male,0.93,53
kitty,female,0.98,46552
kiumars,male,0.98,181
kiwamu,male,0.92,34
kiwoon,male,0.89,7
kiyanoush,male,0.87,13
kiyeon,female,0.57,40
kiyoaki,male,0.93,28
kiyoe,female,0.95,41
kiyoharu,male,0.93,38
kiyohisa,male,0.96,22
kiyomi,female,0.92,585
kiyonori,male,0.97,37
kiyoshi,male,0.98,968
kiyoto,male,0.99,167
kiyotomo,male,0.86,5
kiyoung,male,0.87,110
kjell,male,1.0,21017
kjetil,male,1.0,1685
klaas,male,0.97,9636
klaas-jan,male,0.98,164
klara,female,0.99,31367
klas,male,0.97,1566
klaudius,male,0.98,148
klaus,male,0.99,101235
klaus-dieter,male,1.0,1455
klaus-peter,male,1.0,981
klaus-robert,male,0.8,3
klaus-tycho,,0.0,0
klauss,male,0.65,282
klavdija,female,0.99,652
kleber,male,1.0,21382
klee,female,0.75,423
klemen,male,0.97,1226
klemens,male,0.98,1012
kleomenis,male,0.97,34
klára,female,0.99,31367
km,male,0.79,6287
knicole,female,0.96,52
knox,male,0.96,1258
knud,male,0.99,1184
knut,male,1.0,16435
ko,male,0.7,20032
kobbi,male,0.84,124
kobi,male,0.94,4413
koblar,male,0.83,4
kodai,male,0.96,198
kody,male,0.94,2470
koen,male,1.0,34089
koenraad,male,0.99,442
koh,male,0.76,11962
kohei,male,1.0,3315
kohji,male,0.97,97
kohsaku,male,0.83,4
kohsuke,male,0.99,85
kohta,male,0.99,71
kohtaro,male,0.96,25
koichi,male,1.0,4740
koichiro,male,1.0,413
koji,male,0.99,8429
kojiro,male,0.99,467
kok,male,0.79,7454
koki,male,0.53,13494
koko,female,0.5,61380
kolahal,male,0.75,6
kolin,male,0.93,991
kolja,male,0.99,934
koloman,male,0.94,161
kolyan,male,0.98,300
komal,female,0.96,39008
komeil,male,0.97,225
komla,male,0.94,406
kong,male,0.85,14646
konijeti,male,0.75,2
konpal,female,0.75,6
konrad,male,1.0,45610
konstantin,male,1.0,42053
konstantina,female,1.0,7979
konstantine,male,0.98,296
konstantinos,male,1.0,28067
konstanze,female,0.98,642
kook-jin,male,0.8,3
kookjin,male,0.79,12
kooktae,,0.0,0
koon,male,0.87,1575
koos,male,0.95,5441
koray,male,0.98,29762
korbinian,male,1.0,497
koretaka,,0.0,0
kornel,male,0.99,3342
kornelius,male,0.98,729
kornikar,,0.0,0
kornilios,male,0.88,24
kory,male,0.73,3009
koshi,male,0.68,208
koshy,male,0.93,536
kosmas,male,0.99,693
kostadinka,female,0.95,136
kostantinos,male,0.99,1628
kostas,male,0.99,37800
kostiantyn,male,0.99,169
kostya,male,0.99,3498
kostyantyn,male,0.99,158
kosuke,male,1.0,2433
kota,male,0.74,2337
kotaro,male,1.0,1847
kothapalli,male,0.77,77
kotomi,female,0.98,281
kou,male,0.51,3319
koudai,male,0.99,66
kouhei,male,1.0,543
kouichi,male,1.0,416
kouichiro,male,0.93,13
kouji,male,0.98,574
kouki,male,0.53,6175
koun,male,0.75,120
kourosh,male,0.99,4376
koushik,male,1.0,7982
koushil,male,0.8,3
kousik,male,0.97,222
koustav,male,0.97,88
koustuban,male,0.67,1
kousuke,male,1.0,564
kouta,male,0.79,578
koutarou,male,0.98,92
kowshik,male,0.97,191
koya,male,0.65,1935
kozo,male,0.98,258
krai,male,0.86,95
kranthi,male,0.87,794
kranti,male,0.72,399
krasimir,male,0.99,2953
krassimir,male,0.99,178
kresten,male,0.78,714
krešimir,male,1.0,1602
kridsanaphong,,0.0,0
krijn,male,0.99,524
kris,male,0.65,56241
krishan,male,0.99,17569
krishanu,male,0.99,179
krishna,male,0.85,47118
krishnakanta,male,0.95,19
krishnakumar,male,0.98,978
krishnamurthy,male,0.98,322
krishnan,male,0.99,11073
krishnanand,male,0.99,85
krishnaprasad,male,0.99,139
krishnendu,male,0.95,389
krissia,female,0.99,863
krista,female,1.0,56490
kristan,female,0.64,945
kristel,female,0.99,19741
kristen,female,0.99,133333
kristi,female,0.97,56708
kristiaan,male,0.98,302
kristian,male,0.97,27489
kristin,female,1.0,136162
kristina,female,0.99,196490
kristine,female,1.0,73648
kristinn,female,0.77,832
kristiāns,male,0.97,71
kristjan,male,0.99,3316
kristo,male,0.97,2132
kristof,male,1.0,15898
kristofer,male,1.0,6399
kristoff,male,0.99,1390
kristoffer,male,1.0,14666
kristopher,male,1.0,16261
kristóf,male,1.0,15898
krisztian,male,0.99,5640
krisztina,female,1.0,23571
krisztián,male,0.99,5640
kriti,female,0.98,7223
krišjānis,male,0.97,60
krushnachandra,male,0.96,26
krysta,female,1.0,3800
krystal,female,1.0,43704
krystian,male,0.99,24393
krzysztof,male,1.0,162432
ksenia,female,0.99,26459
kseniia,female,0.99,765
kshiti,female,0.75,18
kshitij,male,0.99,1018
kthim,male,0.75,2
kuan,male,0.82,5116
kuan-hsun,male,0.5,2
kuan-rong,,0.0,0
kuan-wei,male,0.89,7
kuan-wen,male,0.71,5
kuang,male,0.79,599
kuang-han,male,0.67,1
kuang-hui,male,0.5,2
kuang-ru,,0.0,0
kuang-ta,,0.0,0
kuangyin,,0.0,0
kuansan,male,0.8,3
kuantay,male,0.92,10
kuei-nuan,,0.0,0
kui,male,0.68,875
kui-juan,,0.0,0
kui-xing,,0.0,0
kuijie,male,0.67,1
kuijuan,,0.0,0
kuikui,male,0.76,80
kuize,male,0.75,6
kuldeep,male,0.93,11650
kuldip,male,0.86,2988
kulinder,male,0.5,4
kuljeet,male,0.67,485
kulumani,male,0.83,4
kulveer,male,0.85,226
kum-chol,,0.0,0
kum-song,,0.0,0
kumar,male,0.98,109384
kumari,female,0.88,8999
kumi,female,0.84,2541
kumiko,female,0.99,3258
kummari,male,0.9,204
kun,male,0.78,4109
kun-feng,male,0.67,1
kun-rok,,0.0,0
kun-ta,,0.0,0
kunal,male,1.0,49938
kunchi,male,0.91,73
kundan,male,0.95,5149
kung-hsuan,,0.0,0
kung-yi,male,0.67,1
kunihiko,male,0.99,224
kunihiro,male,0.99,185
kunihito,male,0.95,17
kunimasa,male,0.95,20
kunio,male,1.0,903
kuniyasu,male,0.96,23
kuniyuki,male,0.95,37
kunkun,male,0.65,137
kunle,male,0.99,5532
kunliang,male,0.86,5
kunlun,male,0.9,29
kunpeng,male,0.95,41
kunsoo,male,0.88,6
kuntal,male,0.9,439
kunwoo,male,0.98,41
kunyu,male,0.6,40
kuo,male,0.72,695
kuo-chuan,male,0.86,5
kuo-lun,male,0.8,3
kuo-ping,,0.0,0
kuo-wei,male,0.86,12
kuppusamy,male,0.95,216
kuralay,female,0.98,519
kurama,male,0.84,192
kurt,male,1.0,110548
kurtis,male,1.0,8973
kurusch,male,0.86,5
kush,male,0.98,6958
kushal,male,0.99,14342
kuver,male,0.91,9
kwadwo,male,0.99,4108
kwan,male,0.58,5524
kwan-liu,,0.0,0
kwan-lok,,0.0,0
kwang,male,0.89,4699
kwang-cheng,,0.0,0
kwang-geol,,0.0,0
kwang-il,male,0.91,9
kwang-je,male,0.67,1
kwang-yong,male,0.67,1
kwanghee,male,0.89,63
kwangmin,male,0.95,63
kwangnam,male,0.8,8
kwangsu,male,0.95,37
kwanpyo,male,0.75,2
kwei-chou,,0.0,0
kweku,male,0.99,2435
kwing,male,0.69,59
kwinten,male,0.99,174
kwok,male,0.85,7431
kwok-kun,,0.0,0
kwok-yan,,0.0,0
kwokwai,male,0.99,140
kwon,male,0.88,2067
kwonsang,male,0.8,3
kwun,male,0.77,189
ky,male,0.65,4482
kyeong,male,0.6,299
kyeong-dong,,0.0,0
kyeong-hun,male,0.67,1
kyeongjae,male,0.83,4
kyeongsik,male,0.89,7
kyeongsoo,male,0.8,8
kyeongsu,male,0.89,7
kyle,male,0.99,272334
kyler,male,0.91,1515
kyo-hoon,,0.0,0
kyogo,male,0.92,11
kyogu,,0.0,0
kyohei,male,1.0,790
kyohoon,male,0.67,4
kyoji,male,0.98,63
kyoko,female,0.99,4666
kyongmo,,0.0,0
kyoo,male,0.88,54
kyosuke,male,1.0,569
kyouhei,male,0.95,59
kyouko,female,0.95,55
kyoung,male,0.62,845
kyoung-duck,,0.0,0
kyoung-seog,,0.0,0
kyoung-soo,male,0.8,3
kyoung-whan,,0.0,0
kyoungchul,male,0.88,6
kyoungho,male,0.98,40
kyounghwan,male,0.93,26
kyoungjae,male,0.64,9
kyoungmin,male,0.63,82
kyoungseok,male,0.9,8
kyri,male,0.77,196
kyriaki,female,1.0,2047
kyriakos,male,1.0,5264
kyrill,male,0.98,173
kyrre,male,0.98,133
kyrylo,male,0.98,121
kyu,male,0.91,2655
kyu-ha,male,0.83,4
kyu-hwan,male,0.86,5
kyu-hyun,male,0.82,9
kyu-won,male,0.6,3
kyudong,male,0.94,14
kyuho,male,0.95,64
kyuhyoun,male,0.67,1
kyuil,male,0.86,5
kyujin,male,0.84,53
kyujoon,male,0.75,2
kyung,male,0.58,2154
kyung-hwan,male,0.92,10
kyung-jin,male,0.5,30
kyung-suk,male,0.67,4
kyung-sun,female,0.78,7
kyung-sup,male,0.75,2
kyung-youn,female,0.67,1
kyungchan,male,0.94,15
kyungchul,male,0.96,26
kyungchun,male,0.8,3
kyungduck,female,0.67,1
kyungduk,male,0.88,14
kyunghee,female,0.88,217
kyunghwan,male,0.98,62
kyunghyun,male,0.65,47
kyungjin,female,0.6,142
kyungjoo,male,0.57,21
kyungkeun,male,0.88,6
kyungmin,male,0.58,260
kyungsub,male,0.95,20
kyungtae,male,0.97,74
kyungwha,female,0.8,3
kyungwon,male,0.63,69
kyungyong,male,0.92,10
kyuseok,male,0.95,18
kyusup,male,0.67,1
kálmán,male,0.97,1804
károly,male,0.91,2301
kâzım,male,0.99,23737
kåre,female,0.6,2561
kévin,male,1.0,1276301
kübra,female,0.98,25300
kōji,male,0.99,8429
labib,male,0.96,2685
lachlan,male,0.98,945
lacra,female,0.87,285
lada,female,0.67,12255
ladan,female,0.86,3965
ladislav,male,0.99,25042
lado,male,0.81,1171
laerte,male,0.99,777
laetitia,female,0.99,121804
laha,male,0.64,149
lai,female,0.51,16806
lai-sang,,0.0,0
laia,female,0.99,16769
laichuan,male,0.5,4
lailai,female,0.78,309
lailong,male,0.5,2
laimei,female,0.97,34
lain-jong,male,0.67,1
laipeng,female,0.9,66
laird,male,0.99,1162
lajos,male,0.99,7839
lake,male,0.68,1098
lakhan,male,0.96,2686
lakhwinder,male,0.92,1780
lakmal,male,0.94,524
laks,male,0.69,165
laksh,male,0.96,1416
lakshay,male,0.99,409
lakshmi,female,0.97,45656
lakshya,male,0.92,378
laleh,female,0.99,2538
lalit,male,0.99,37896
lalitha,female,0.99,9486
lalitwadee,female,0.67,1
lam,male,0.56,20339
lambert,male,0.96,10404
lamberto,male,1.0,5141
lamei,female,0.51,43
lamine,male,0.98,29135
lamiya,female,0.94,1689
lampros,male,1.0,903
lan,male,0.53,13838
lan-hsuan,,0.0,0
lan-tian,,0.0,0
lance,male,1.0,66669
lander,male,0.99,4700
landry,male,0.96,7343
landy,female,0.73,2459
lane,male,0.63,4620
lang,male,0.69,2289
langshi,,0.0,0
langte,,0.0,0
lanhai,male,0.83,4
lankeswar,male,0.89,17
lanlan,female,0.77,364
lannan,female,0.56,7
lanpeng,male,0.67,1
lantao,male,0.79,12
lantian,male,0.59,32
lap-ming,,0.0,0
lapo,male,0.96,1964
lara,female,0.98,187243
larisa,female,0.99,41897
larissa,female,1.0,127096
larry,male,1.0,299821
lars,male,1.0,146479
larus,male,0.83,98
lasha,female,0.58,4361
lashi,male,0.65,55
lasko,male,0.91,220
lasma,female,0.93,242
lasse,male,1.0,24938
lassi,male,0.97,1657
laszlo,male,0.99,22498
lata,female,0.96,7889
lateef,male,0.96,8208
latham,male,0.99,374
latif,male,0.97,21421
latévi,male,0.94,48
laur,female,0.54,2807
laura,female,0.99,1746703
lauranne,female,0.99,1674
laure,female,0.98,74079
laureano,male,0.99,6156
laurel,female,0.9,5214
lauren,female,0.99,353316
laurence,female,0.54,174871
laurens,male,0.98,11680
laurent,male,0.99,277849
laurentiu,male,0.99,6541
laurenz,male,0.99,1415
laurenţiu,male,0.99,6541
laurette,female,0.99,7685
lauri,female,0.72,21864
lauriane,female,0.99,11358
laurie,female,0.99,143496
laurin,male,0.66,1013
laurits,male,0.97,194
lauritz,male,0.98,455
lauro,male,0.99,16259
lav,male,0.68,1061
lavanya,female,0.99,17371
lavina,female,0.99,3867
lavinia,female,0.99,23212
lavneet,male,0.6,13
lavrentios,male,0.83,4
lawrence,male,0.99,127720
laxman,male,0.96,13639
laxmi,female,0.87,23249
laxmidhar,male,0.97,234
lay,female,0.67,4867
layth,male,0.98,2531
layton,male,0.96,763
lazaro,male,0.99,25213
lazaros,male,1.0,2651
le,male,0.71,37844
le-cheng,,0.0,0
le-man,male,0.83,4
le-min,female,0.67,1
le-nam,male,0.67,1
lea,female,0.98,143779
leah,female,1.0,125864
leander,male,0.98,4659
leandro,male,1.0,202380
leandros,male,0.98,393
leanne,female,1.0,70147
lebing,female,0.55,9
lech,male,0.99,4520
lecheng,male,0.67,7
lede,female,0.72,121
lee,male,0.75,175698
lee-chae,,0.0,0
leeat,female,0.98,59
leela,female,0.97,9023
leen,female,0.91,25621
leendert,male,0.99,1052
leeor,male,0.53,109
leevan,male,0.97,232
leevi,male,0.99,2068
lehel,male,0.99,311
lehman,male,0.97,368
lei,female,0.54,9555
lei-hua,,0.0,0
leif,male,1.0,28081
leigh,female,0.67,14074
leighton,male,0.96,2287
leila,female,0.99,162219
leilani,female,1.0,8867
leilei,female,0.75,356
leili,female,0.99,1602
leiming,male,0.84,36
leindert,male,0.67,1
leisa,female,0.99,5078
leiting,male,0.5,8
leixin,female,0.54,11
leiye,male,0.5,2
lejla,female,0.99,6892
lek-heng,,0.0,0
lele,male,0.67,17070
len,male,0.65,9710
lena,female,0.99,183417
lenart,male,0.84,124
leng,female,0.61,2711
lenka,female,1.0,106150
lennaert,male,0.99,173
lennart,male,1.0,21124
lennert,male,1.0,1200
lennon,male,0.96,1563
lennox,male,0.97,1714
lenny,male,0.67,17313
lenya,female,0.68,379
leo,male,0.96,325331
leon,male,0.99,157901
leonard,male,0.99,85803
leonardo,male,1.0,428185
leone,male,0.77,6756
leonel,male,0.99,70563
leonetta,female,0.99,165
leong,male,0.67,10463
leong-chuan,,0.0,0
leonhard,male,1.0,2212
leonid,male,1.0,19273
leonidas,male,0.97,15104
leonie,female,0.99,36995
leonor,female,0.99,54074
leontine,female,0.99,2592
leopold,male,0.99,9514
leopoldo,male,1.0,25074
leor,male,0.85,350
leping,female,0.67,31
les,male,0.95,48335
leslaw,male,0.99,545
lesley,female,0.88,29813
leslie,female,0.83,67439
lester,male,0.99,32080
lesya,female,0.99,3095
leszek,male,1.0,15955
lesław,male,0.99,545
leticia,female,0.99,187282
letizia,female,0.99,38681
letong,male,0.63,6
letterio,male,0.99,571
letícia,female,0.99,187282
lev,male,0.96,4401
levent,male,0.99,58193
levente,male,1.0,6324
levi,male,0.97,43346
levon,male,0.97,2212
lewis,male,0.99,83114
lewys,male,0.99,201
lex,male,0.93,21131
lexian,male,0.5,14
lexin,male,0.82,123
lexing,male,0.78,7
leying,female,0.64,12
leyla,female,0.98,77237
leyna,female,0.99,1276
leyou,male,0.51,37
leyter,male,0.99,103
leyuan,female,0.53,17
leyun,female,0.71,19
lhouari,male,0.91,63
lhoussain,male,0.98,1573
li,female,0.68,39845
li-cai,,0.0,0
li-chao,male,0.75,2
li-chen,female,0.76,15
li-cheng,male,0.75,6
li-chin,female,0.67,4
li-chun,female,0.58,10
li-da,female,0.67,4
li-gang,,0.0,0
li-hong,male,0.5,4
li-hua,female,0.8,8
li-jen,male,0.74,17
li-juan,,0.0,0
li-jun,female,0.78,7
li-kun,male,0.67,1
li-li,female,0.94,64
li-lian,female,0.86,19
li-ming,male,0.71,15
li-na,female,0.96,22
li-pang,male,0.8,3
li-ping,female,0.81,14
li-rong,male,0.5,2
li-sheng,male,0.75,2
li-ta,female,0.73,9
li-ting,female,0.8,13
li-tuo,,0.0,0
li-wei,male,0.81,35
li-xin,male,0.75,2
li-xing,,0.0,0
li-yan,female,0.67,1
li-yang,male,0.89,7
li-ye,,0.0,0
li-yeng,,0.0,0
li-yi,female,0.67,4
li-yong,,0.0,0
li-yuan,male,0.6,8
li-zheng,,0.0,0
lia,female,0.99,86098
liam,male,0.99,112378
lian,female,0.64,9108
lian-ao,,0.0,0
lian-bao,,0.0,0
lian-lian,,0.0,0
lian-ping,female,0.67,1
lian-tao,,0.0,0
liana,female,0.99,37857
liane,female,0.99,14871
liang,male,0.92,17076
liang-bi,male,0.67,1
liang-duan,,0.0,0
liang-jian,,0.0,0
liang-jun,male,0.67,1
liangang,male,0.86,5
liangbo,male,0.85,11
liangcai,male,0.87,13
liangchao,male,0.67,1
liangdong,male,0.91,9
lianggong,,0.0,0
lianghai,male,0.9,8
lianghao,male,0.88,14
lianghong,male,0.53,17
lianghui,male,0.76,19
liangjian,male,0.91,9
liangjin,male,0.91,9
liangjun,male,0.85,39
liangliang,male,0.76,159
liangming,male,0.73,13
liangpei,female,0.67,1
liangqing,male,0.69,11
liangquan,male,0.91,9
liangwei,male,0.95,37
liangyi,male,0.62,19
liangyuan,male,0.55,9
liangyun,male,0.6,3
liangzhi,male,0.65,18
liangzi,male,0.52,19
lianhe,male,0.8,3
lianlin,male,0.67,4
lianmin,male,0.67,10
lianne,female,1.0,14910
liantuan,,0.0,0
lianwu,male,0.73,9
lianyi,female,0.63,22
lianying,female,0.75,26
lianzhang,male,0.75,2
lianzi,female,0.75,14
liao,male,0.52,879
liaofu,,0.0,0
liaosha,male,0.5,4
liaoyuan,male,0.83,10
libby,female,0.99,27007
liberato,male,0.99,2921
libin,male,0.9,920
libo,male,0.83,607
libor,male,0.99,12394
licai,male,0.53,15
lichang,female,0.56,34
lichao,male,0.79,68
lichen,female,0.66,122
licheng,male,0.79,84
licia,female,0.99,11512
licong,male,0.75,10
lidia,female,0.99,183104
liding,male,0.5,10
lidong,male,0.8,92
lie,female,0.51,3612
lie-juan,,0.0,0
lie-wen,,0.0,0
liehuang,female,0.67,1
lieke,female,0.99,4099
liemao,,0.0,0
lien-yung,male,0.67,1
liesbet,female,1.0,1038
liesbeth,female,1.0,7783
liet,female,0.52,104
lieven,male,0.99,1825
lifa,male,0.82,851
lifan,male,0.63,121
lifeng,male,0.77,225
ligang,male,0.93,71
ligesh,male,0.97,31
ligia,female,1.0,43845
ligong,male,0.81,24
liguo,male,0.95,56
lih-king,,0.0,0
lihai,male,0.89,33
lihan,male,0.64,216
lihao,male,0.88,78
liheng,male,0.76,65
lihong,female,0.86,287
lihu,male,0.73,49
lihua,female,0.85,578
lihui,female,0.69,199
lihwai,,0.0,0
lijian,male,0.81,78
lijie,female,0.57,203
lijin,male,0.79,297
lijing,female,0.83,153
lijinzhi,,0.0,0
lijiong,male,0.71,5
liju,male,0.89,1013
lijuan,female,0.97,379
lijun,female,0.65,605
likai,male,0.97,31
lila,female,0.96,59861
lilan,female,0.89,656
lilas,female,0.97,4094
lile,female,0.71,940
lili,female,0.97,133778
lilia,female,0.99,80529
lilian,female,0.93,133771
liliana,female,0.99,283702
liliane,female,0.99,57311
lilin,female,0.84,424
liling,female,0.95,368
liliya,female,0.99,12074
lilla,female,0.99,11333
lillian,female,1.0,49942
lilu,female,0.82,2221
lily,female,0.99,145865
lima,female,0.76,10625
limei,female,0.99,262
limeng,female,0.57,35
limin,female,0.53,458
liming,male,0.66,426
lin,female,0.67,28806
lin-ding,,0.0,0
lin-lin,female,0.88,14
lin-wang,,0.0,0
lin-xiu,,0.0,0
lina,female,0.98,334162
linan,female,0.52,108
linard,male,0.9,267
linbin,male,0.78,25
linbo,male,0.92,34
linchao,male,0.93,12
lincheng,male,0.71,5
lincoln,male,1.0,18650
linda,female,0.99,951834
lindley,male,0.6,203
lindon,male,0.99,1626
lindsay,female,0.94,33614
lindsey,female,0.98,24954
lindy,female,0.95,6287
line,female,0.95,15538
linfang,female,0.88,24
linfeng,male,0.83,120
ling,female,0.81,19298
ling-bing,male,0.67,1
ling-da,,0.0,0
ling-fang,male,0.67,1
ling-feng,male,0.67,1
ling-jie,female,0.67,1
ling-jun,male,0.5,2
ling-lin,,0.0,0
ling-na,female,0.67,1
ling-qi,,0.0,0
ling-wei,male,0.67,7
ling-xiao,,0.0,0
ling-yan,male,0.67,1
ling-yun,male,0.67,1
ling-zhi,female,0.67,1
lingang,male,0.89,7
lingchao,male,0.78,21
lingfang,female,0.82,32
lingfei,male,0.53,81
lingfeng,male,0.84,118
lingfu,male,0.75,2
linghan,female,0.54,22
linghang,male,0.67,4
linghao,male,0.92,22
linghua,female,0.71,29
lingjia,female,0.67,16
lingjiang,male,0.8,3
lingjie,female,0.55,63
lingjing,female,0.81,25
lingjiong,,0.0,0
lingjuan,female,0.95,18
lingling,female,0.96,1696
linglong,female,0.57,42
lingmin,female,0.72,27
lingming,male,0.54,11
lingqi,female,0.65,21
lingrong,female,0.73,13
lingrui,male,0.5,10
lingxiang,male,0.63,6
lingxiao,male,0.51,74
lingxiu,female,0.9,8
lingxu,female,0.67,4
lingyan,female,0.94,154
lingyang,male,0.62,11
lingyao,female,0.82,20
lingyi,female,0.94,385
lingyin,female,0.88,14
lingyong,male,0.92,10
lingyu,female,0.72,147
lingyuan,male,0.6,13
lingyun,female,0.69,131
lingze,male,0.6,3
lingzhen,female,0.79,22
lingzhi,female,0.58,82
lingzhong,male,0.75,2
lingzhou,female,0.86,5
linh,female,0.75,4647
linhao,male,0.93,28
linhu,male,0.87,21
linhua,male,0.5,28
linhui,female,0.59,54
linjian,male,0.94,15
linjie,male,0.51,94
linjun,male,0.69,50
linliang,male,0.75,6
linlin,female,0.75,1039
linlong,male,0.83,16
linnan,female,0.65,15
linnea,female,1.0,12042
lino,male,0.98,52412
linpeng,male,0.88,14
linqi,female,0.77,29
linqing,female,0.52,27
linquan,male,0.93,12
linran,female,0.78,7
lins,female,0.65,469
linshan,female,0.68,35
linus,male,0.98,19570
linwei,male,0.63,73
linyang,male,0.53,13
linying,female,0.92,74
linyu,female,0.59,86
linyuan,male,0.58,24
lionel,male,0.99,97856
lior,male,0.71,9796
lipei,female,0.7,21
lipeng,male,0.61,101
lipika,female,0.96,585
liping,female,0.88,814
lipo,male,0.85,251
liqin,female,0.9,182
liqun,female,0.65,142
liran,male,0.9,3880
liren,male,0.6,79
liron,female,0.6,3997
lirong,female,0.8,151
lisa,female,1.0,990257
lisandro,male,1.0,12467
lisanne,female,1.0,9165
lise,female,0.99,48043
lisheng,male,0.88,67
lisi,female,0.92,4013
lison,female,0.92,1318
lisong,male,0.81,29
lissa,female,0.99,10328
lister,male,0.87,1419
liting,female,0.9,264
liton,male,0.94,12199
liu,male,0.52,11154
liubin,male,0.74,17
liubov,female,0.99,2306
liudmila,female,0.99,5504
liuguo,female,0.67,1
liuhua,female,0.72,16
liuhui,male,0.53,15
liujun,male,0.73,28
liulan,female,0.75,2
liuming,male,0.74,21
liuqi,male,0.79,12
liuqing,female,0.77,55
liuquan,male,0.67,1
liurukara,,0.0,0
liusuo,,0.0,0
liutang,male,0.5,2
liuxian,female,0.6,3
liuyan,female,0.72,27
livia,female,0.99,48681
liviana,female,0.99,2583
livio,male,0.99,17116
liviu,male,0.99,8677
liwei,male,0.66,425
liwen,female,0.76,346
lixia,female,0.97,307
lixiang,male,0.54,99
lixin,male,0.53,331
lixing,male,0.68,72
lixuan,female,0.85,89
liyan,female,0.82,674
liyang,male,0.64,183
liyao,female,0.71,33
liyi,female,0.71,281
liying,female,0.96,425
liyong,male,0.78,118
liyu,female,0.88,683
liyuan,female,0.68,204
liyun,female,0.87,211
liz,female,1.0,243613
liza,female,0.99,92723
lizardo,male,1.0,2679
lizhen,female,0.9,209
lizhi,male,0.59,119
lizhong,male,0.88,46
lizhou,male,0.88,22
lizhu,female,0.84,74
lizy,female,0.98,3817
ljuben,male,0.97,30
ljubica,female,0.99,3451
ljubisa,male,0.99,1673
ljudmila,female,0.99,769
ljupco,male,0.97,291
lleonard,male,0.94,33
llibert,male,0.96,43
llohann,,0.0,0
llorenç,male,1.0,778
lloyd,male,1.0,52280
lluis,male,0.99,7100
lluís,male,0.99,7100
loc,male,0.97,7805
lock,male,0.9,1454
lode,male,0.85,1249
lodovica,female,0.98,485
lodovico,male,0.99,1145
loet,male,0.83,216
logan,male,0.93,29339
loi,male,0.64,2476
lois,female,0.95,59503
lokanath,male,0.97,208
lokesh,male,1.0,34157
lokman,male,0.96,16138
lola,female,0.97,192422
long,male,0.96,26008
long-biao,,0.0,0
long-bin,,0.0,0
long-cheng,male,0.67,1
long-gang,,0.0,0
long-jing,,0.0,0
long-long,male,0.5,4
long-mei,,0.0,0
long-qing,,0.0,0
long-tu,,0.0,0
long-zhu,,0.0,0
longbiao,male,0.88,6
longbing,male,0.83,4
longfei,male,0.99,102
longji,male,0.98,103
longjiang,male,0.8,13
longjie,male,0.94,31
longjuan,male,0.5,2
longlong,male,0.84,174
longmeng,,0.0,0
longmin,male,0.71,5
longqing,male,0.8,8
longting,male,0.67,10
longwen,male,0.63,6
longxiang,male,0.77,20
longxiu,male,0.6,3
longzhao,male,0.67,1
longzhi,male,0.86,5
lopamudra,female,0.98,190
lora,female,0.98,36668
loredana,female,0.99,76978
lorella,female,1.0,15028
loren,female,0.58,15813
lorena,female,0.99,341994
lorenz,male,0.98,10609
lorenza,female,0.98,16440
lorenzo,male,1.0,301736
loreta,female,0.99,8241
loreto,female,0.68,7759
loretta,female,1.0,50743
lori,female,0.99,212341
lorin,female,0.56,2023
lorinc,male,0.96,83
loris,male,0.96,27256
lorna,female,1.0,53564
lorne,male,0.92,7108
lorraine,female,1.0,119903
loránt,male,0.98,553
lorène,female,0.99,6214
lotfi,male,0.98,47118
lothar,male,1.0,13364
lotte,female,0.99,25292
lou,female,0.66,41111
louigi,male,0.94,85
louis,male,0.99,228524
louis-alexandre,male,0.98,60
louis-gregory,male,0.67,1
louis-hadrien,male,0.75,2
louis-noël,male,0.9,8
louis-pierre,male,0.99,84
louisa,female,0.99,36197
louise,female,0.99,263597
louiza,female,0.98,4125
louk,male,0.84,412
loukas,male,0.99,2586
louna,female,0.95,9972
lourdes,female,0.99,158766
lourence,male,0.91,345
lourens,male,0.98,1091
louxin,,0.0,0
loyal,male,0.8,353
loyd,male,0.98,3428
loïc,male,0.99,71255
lu,female,0.86,62686
lu-chang,,0.0,0
lu-feng,,0.0,0
lu-hao,,0.0,0
lu-jing,,0.0,0
luai,male,0.98,1695
luan,male,0.95,15845
luana,female,0.99,128658
luanzheng,,0.0,0
lubin,male,0.94,874
lubjana,female,0.94,103
lubna,female,0.99,15649
lubomir,male,0.99,4346
lubos,male,0.99,6013
luboš,male,0.99,6013
luc,male,0.99,114766
luca,male,0.97,444096
lucas,male,0.99,483435
luccas,male,1.0,2285
luce,female,0.94,8430
luchan,male,0.61,42
luchang,male,0.83,4
luchezar,male,0.98,46
lucia,female,0.99,459881
lucian,male,0.99,23532
luciana,female,1.0,193142
luciane,female,0.99,4990
lucianne,female,1.0,815
luciano,male,1.0,224006
lucie,female,0.99,208752
lucien,male,0.99,28724
lucila,female,0.99,26150
lucile,female,0.99,20116
lucille,female,1.0,23555
lucio,male,0.99,71243
lucjan,male,0.99,1552
lucrezia,female,0.99,20874
lucy,female,0.99,283887
lucyna,female,0.99,12952
lucía,female,0.99,459881
ludek,male,0.99,3130
ludger,male,1.0,3170
ludmil,male,0.89,200
ludmila,female,1.0,45163
ludmilla,female,0.99,6228
ludo,male,0.95,34379
ludovic,male,0.99,92503
ludovico,male,0.99,6724
ludvig,male,0.99,3033
ludwig,male,0.99,16769
ludwik,male,0.99,1130
luděk,male,0.99,3130
lue,male,0.51,559
lueling,,0.0,0
luen-fai,,0.0,0
lufeng,male,0.83,28
luhang,male,0.67,4
lui,male,0.81,12680
luidhy,male,0.75,2
luigi,male,0.99,297673
luigia,female,0.99,6657
luigina,female,0.99,7847
luis,male,1.0,1798323
luisa,female,0.99,281479
luise,female,0.9,3313
luiz,male,1.0,247756
luiz-rafael,,0.0,0
luiza,female,0.99,45212
lujin,female,0.91,144
lujun,male,0.78,35
luk,male,0.97,26906
luka,male,0.94,29804
lukas,male,0.99,126419
lukasz,male,1.0,69102
luke,male,1.0,205332
lukman,male,0.98,17298
lukáš,male,0.99,126419
luliang,male,0.75,2
lulu,female,0.88,74489
luluwah,female,0.92,23
lum,male,0.58,2995
lumen,female,0.52,246
luming,female,0.58,101
luminita,female,0.99,6112
lun,male,0.51,3238
lun-hui,,0.0,0
lunchakorn,,0.0,0
lunhua,male,0.67,1
lunhui,male,0.57,5
luning,female,0.69,49
luocheng,male,0.8,3
luojia,female,0.67,1
luojun,male,0.6,8
luoqin,male,0.5,2
luoyi,female,0.64,23
lupei,female,0.52,40
luping,female,0.58,71
luqi,female,0.53,60
luqian,female,0.75,6
luqiao,female,0.63,6
lurdes,female,0.99,23615
lushuai,female,0.67,1
lutian,male,0.6,13
lutz,male,0.99,14808
luu,male,0.59,5598
luuk,male,0.99,5505
luwenjia,,0.0,0
luxi,female,0.89,547
luyan,male,0.53,95
luyang,male,0.57,70
luyao,female,0.75,162
luyi,female,0.52,198
luyining,,0.0,0
luz,female,0.98,133883
luze,female,0.87,152
luís,male,1.0,1798323
lvzhou,,0.0,0
ly,female,0.73,8030
lydia,female,0.99,162328
lydéric,male,0.99,101
lyes,male,0.98,14982
lykourgos,male,0.95,42
lyle,male,0.99,16161
lyman,male,0.99,1248
lynden,male,0.82,382
lyndon,male,1.0,9671
lyndsay,female,1.0,8400
lyne,female,0.98,3653
lynn,female,0.94,55007
lynne,female,1.0,74572
lynsay,female,0.99,927
lyu,female,0.6,271
lyuben,male,0.99,142
lyubomyr,male,0.99,134
lyubov,female,1.0,8647
lyudmila,female,1.0,12780
lyudmyla,female,0.99,1998
lászló,male,0.99,22498
lázaro,male,0.99,25213
léa,female,0.98,143779
lénaïc,male,0.78,535
lénárd,male,0.99,3151
léo,male,0.96,325331
léon,male,0.99,157901
léonard,male,0.99,85803
léonie,female,0.99,36995
léopold,male,0.99,9514
lê,male,0.71,37844
lídia,female,0.99,183104
lóránt,male,0.98,553
ma,female,0.82,204575
maan,male,0.91,6737
maanak,male,0.88,6
maani,male,0.75,449
maarit,female,0.98,3926
maarten,male,1.0,36597
maaruf,male,0.94,276
maayane,female,0.97,33
mabel,female,0.99,67583
mabud,male,0.93,141
mac,male,0.95,37402
macarena,female,0.99,43445
maccalvin,,0.0,0
machiko,female,0.97,245
machteld,female,1.0,837
maciej,male,1.0,88068
maciek,male,1.0,23855
mackenna,female,0.98,459
macy,female,0.98,9728
madalena,female,0.99,17998
madalin,male,0.67,5063
madan,male,0.98,21178
madappa,male,0.82,15
maddalena,female,0.99,25161
maddury,male,0.67,1
madeleine,female,0.99,64374
madeline,female,1.0,50428
madelyn,female,1.0,12972
madeti,male,0.63,6
madhab,male,0.96,933
madhav,male,0.99,12596
madhavan,male,0.97,1056
madhu,male,0.63,13045
madhumita,female,1.0,3517
madhuparna,female,0.97,31
madhur,male,0.91,572
madhuri,female,1.0,17689
madhurima,female,0.96,240
madhusanka,male,0.89,16
madhusudan,male,0.99,808
madhusudhan,male,0.98,405
madis,male,0.53,797
madita,female,0.97,519
madoka,female,0.97,1225
mads,male,0.99,19996
madyan,male,0.93,321
maede,female,0.97,439
maegan,female,1.0,4657
mael,male,0.93,10941
maeve,female,1.0,6933
mafoya,male,0.8,3
magali,female,0.99,84945
magd,male,0.91,3885
magda,female,0.99,170744
magdalena,female,0.99,247583
magdaleno,male,0.99,2086
magdaléna,female,0.99,247583
magdy,male,0.97,41535
maged,male,0.99,34223
maggie,female,1.0,134006
magiel,male,0.83,51
magne,male,0.84,1040
magnus,male,1.0,53810
magnús,male,1.0,53810
magy,female,0.97,6926
maha,female,0.96,115647
mahabubul,male,0.98,216
mahadi,male,0.94,6006
mahamadi,male,0.97,385
mahan,male,0.93,3565
mahardhika,male,0.76,23
maharshi,male,0.97,216
mahasweta,female,0.98,39
mahboubeh,female,0.98,343
mahbub,male,0.95,6856
mahbubur,male,0.98,1166
mahdi,male,0.97,121070
mahdieh,female,0.98,736
mahdis,female,0.94,413
mahender,male,0.97,1609
mahendra,male,0.99,47866
maher,male,0.98,79803
mahesh,male,0.99,137732
maheswar,male,0.96,423
mahfuzur,male,0.99,815
mahir,male,0.98,26072
mahito,male,0.9,40
mahmood,male,0.99,52961
mahmoud,male,0.99,658620
mahmoudreza,male,0.99,66
mahmud,male,0.97,27893
mahmudul,male,0.98,2598
mahmut,male,0.98,76184
mahnoosh,female,0.98,160
mahouton,male,0.8,3
mahroo,female,0.89,119
mahsa,female,0.99,18796
mahshid,female,0.98,1645
mahtab,female,0.65,10482
mahya,female,0.94,2007
mahyar,male,0.98,4423
mai,female,0.96,115038
maia,female,0.97,22364
maiara,female,1.0,11797
maica,female,0.99,4027
maicol,male,0.99,29859
maiia,female,0.98,254
maik,male,0.99,28357
maike,female,0.84,8373
maiko,female,0.63,2879
maikol,male,0.99,10134
main,male,0.89,5040
mainak,male,0.98,260
maine,female,0.54,1144
mairbek,male,0.96,50
maire,female,0.97,4632
mairi,female,0.98,3329
maissa,female,0.94,7952
maissam,female,0.83,215
maite,female,0.99,58665
maitrayee,female,0.98,39
maitreyee,female,0.99,91
maja,female,0.99,78199
majed,male,0.98,41988
majid,male,0.98,93085
majidul,male,0.96,158
majie,female,0.65,73
makai,male,0.73,282
makar,male,0.96,1176
makarius,male,0.94,46
makariy,male,0.75,2
makars,female,0.67,1
makennah,female,0.94,31
maki,female,0.58,9311
makiko,female,0.97,2707
makina,male,0.59,632
makito,male,0.9,184
makoto,male,0.97,8471
makram,male,0.98,6008
makrand,male,0.99,74
makrina,female,0.97,99
maks,male,0.98,11082
maksim,male,0.99,19716
maksims,male,0.99,202
makson,male,0.98,401
maksym,male,1.0,7148
malabika,female,0.96,87
malay,female,0.83,4953
malaya,female,0.83,1720
malbor,male,0.91,20
malcolm,male,1.0,62650
malek,male,0.76,71550
maleknaz,female,0.86,5
malena,female,0.99,20821
malgorzata,female,0.99,61083
malgosia,female,0.99,3032
mali,male,0.52,12693
malihe,female,0.98,885
malik,male,0.97,156295
malika,female,0.97,79048
malin,female,0.95,13109
malka,female,0.95,4425
mallika,female,0.97,6372
mallikarjuna,male,0.96,510
mallory,female,0.98,24084
malo,male,0.76,5127
malong,male,0.87,102
malte,male,0.99,5029
malu,female,0.96,15707
mamadou,male,0.99,62209
mamata,female,0.92,1474
mami,female,0.71,24717
mamikon,male,0.98,99
mamiya,female,0.86,297
mamoru,male,0.99,1238
mamoun,male,0.97,6016
mamta,female,0.98,21397
mamuka,male,0.97,1357
man,male,0.83,48124
man-chun,male,0.5,6
man-chung,male,0.67,1
man-hong,male,0.75,2
man-kwun,,0.0,0
man-rong,,0.0,0
man-to,male,0.67,1
man-wai,male,0.8,8
man-yu,,0.0,0
mana,female,0.65,12018
manabendra,male,0.97,78
manabu,male,1.0,2171
manaka,female,0.59,175
manal,female,0.97,95118
manami,female,0.98,1837
manan,male,0.97,8970
manana,female,0.92,3626
manar,female,0.93,59741
manas,male,0.99,16650
manasa,female,0.98,9189
manash,male,0.96,889
manasi,female,1.0,5941
manasvi,female,0.98,1024
manaswi,female,0.65,44
manato,male,0.88,39
manaure,male,0.94,84
mancho,male,0.66,607
manda,female,0.91,8134
mandana,female,0.99,3247
mandar,male,0.98,1196
mandip,male,0.76,757
mandy,female,0.99,154616
maneesh,male,1.0,6128
manel,female,0.63,39185
manfred,male,1.0,62301
manfried,male,0.98,81
mang,male,0.75,1693
mangal,male,0.91,3617
mangesh,male,0.98,2656
mangilal,male,0.97,640
mangqing,,0.0,0
manh,male,0.95,3409
manh-ha,male,0.75,2
manh-huong,,0.0,0
mani,male,0.85,40876
manibrata,,0.0,0
manijeh,female,1.0,1213
manik,male,0.96,18989
manil,male,0.77,516
manimala,female,0.94,220
manish,male,1.0,141270
manisha,female,0.99,45239
manjari,female,0.99,2186
manjil,male,0.9,211
manjit,female,0.66,11848
manju,female,0.88,31637
manjul,male,0.8,167
manjunath,male,0.99,2328
manjunatha,male,0.92,528
mankei,male,0.66,39
manki,male,0.52,168
manlio,male,1.0,4755
manmohan,male,0.96,1226
mannan,male,0.94,6174
mannque,,0.0,0
manobu,,0.0,0
manodeep,male,0.88,6
manoel,male,0.99,11291
manoj,male,0.99,185034
manojit,male,0.98,191
manolis,male,0.99,6559
manon,female,0.98,74501
manoneeta,,0.0,0
manor,female,0.53,654
manoranjan,male,0.98,1044
manos,male,0.95,5972
manouchehr,male,0.99,402
manpreet,male,0.62,5905
manqi,female,0.89,35
mansaf,male,0.92,155
mansi,female,0.98,19402
mansoo,male,0.95,55
mansoor,male,0.99,29104
mansooreh,female,0.98,108
mansour,male,0.98,42093
mansur,male,0.98,15213
manu,male,0.8,129432
manuchehr,male,0.97,230
manuel,male,0.99,987558
manuela,female,0.99,260565
manuele,male,0.98,8528
manuj,male,0.98,329
manus,male,0.95,1548
manushan,male,0.75,2
manvendra,male,0.99,273
manwei,female,0.62,11
manxi,female,0.68,23
manzhu,female,0.8,3
mao,male,0.79,7358
mao-fa,male,0.67,1
mao-hua,,0.0,0
mao-jun,,0.0,0
mao-sheng,male,0.67,1
mao-shun,,0.0,0
mao-wu,,0.0,0
mao-zhi,,0.0,0
maochun,male,0.78,7
maoding,,0.0,0
maohua,male,0.79,17
maojiao,,0.0,0
maokai,male,0.86,5
maokang,male,0.67,1
maolin,male,0.74,52
maoqiang,male,0.83,4
maosen,male,0.93,12
maosheng,male,0.95,18
maosong,male,0.75,6
maoxin,male,0.62,11
maoxiong,male,0.83,4
maoyuan,male,0.73,9
mar,female,0.78,91383
mara,female,0.97,168387
maral,female,0.95,6958
marat,male,0.97,12462
marc,male,1.0,523874
marc-antoine,male,1.0,1932
marc-etienne,male,0.97,68
marc-oliver,male,0.99,142
marc-olivier,male,1.0,438
marceau,male,0.95,1233
marcel,male,0.98,144082
marcela,female,1.0,256606
marcelino,male,0.99,31163
marcell,male,0.92,3408
marcella,female,1.0,53108
marcelle,female,0.96,9571
marcello,male,1.0,88546
marcelo,male,1.0,393129
march,female,0.59,1612
marcia,female,1.0,205610
marcial,male,0.99,18528
marcin,male,1.0,215920
marcio,male,1.0,116797
marcis,male,0.94,587
marco,male,1.0,1343806
marcone,male,0.98,952
marcos,male,1.0,473294
marcu-antone,male,0.67,1
marcus,male,1.0,227365
marcy,female,0.95,24034
mardavij,male,0.83,4
mareike,female,0.99,9165
marek,male,1.0,183745
mareki,male,0.82,9
maren,female,0.98,16950
maresuke,male,0.89,7
maret,female,0.94,1855
margaret,female,1.0,265167
margaret-anne,female,0.99,111
margaret-ellen,female,0.67,1
margareta,female,1.0,13773
margarete,female,0.99,13255
margarida,female,0.99,37063
margarita,female,0.99,207303
margherita,female,0.99,53410
margit,female,1.0,20186
margo,female,0.98,30612
margreta,female,0.99,156
marguerite,female,0.99,22130
mari,female,0.97,278489
maria,female,0.99,4097023
maria-andreea,female,0.9,8
maria-esther,female,0.92,22
maria-pia,female,0.97,67
maria-rosa,female,0.99,125
mariachiara,female,0.99,3140
mariafelicia,female,0.98,50
mariagrazia,female,1.0,21084
mariah,female,0.99,37105
marialaura,female,1.0,2329
mariam,female,0.98,210981
mariami,female,0.96,410
marian,female,0.75,167725
marian-andrei,male,0.8,3
mariana,female,0.99,394394
mariangela,female,1.0,33823
mariangelly,female,0.9,19
mariangiola,female,0.98,47
marianna,female,0.99,93588
marianne,female,1.0,185162
mariano,male,0.99,110884
marianthi-anna,,0.0,0
mariapia,female,0.99,5898
mariarosa,female,0.99,7775
mariateresa,female,0.99,12259
marica,female,0.98,18751
marie,female,0.99,818470
marie-aline,female,0.99,220
marie-anne,female,0.99,6706
marie-claude,female,0.99,7222
marie-constance,female,0.94,15
marie-françoise,female,0.99,1956
marie-laure,female,0.99,7877
marie-lou,female,0.98,713
marie-pierre,female,0.99,5522
marie-therese,female,1.0,5659
marieke,female,1.0,26813
mariela,female,0.99,109365
marielle,female,1.0,29911
mariia,female,0.99,6917
marija,female,0.99,56085
marijan,male,0.98,3282
marijana,female,0.99,14812
marijke,female,1.0,24695
marijn,male,0.8,3537
marika,female,0.99,72774
mariko,female,0.96,6354
marilena,female,1.0,39868
marilyn,female,1.0,147932
marilyne,female,0.99,8501
marin,male,0.82,20679
marina,female,0.99,577662
marina-aura,,0.0,0
marine,female,0.97,76442
marinella,female,1.0,18669
marino,male,0.98,34818
mario,male,0.99,1031252
mariola,female,0.99,29322
marion,female,0.97,113880
mariona,female,0.99,4914
marios,male,0.99,15250
marios-andreas,,0.0,0
maris,female,0.76,6694
marisa,female,0.99,174867
marisabel,female,1.0,3963
marise,female,0.99,5886
marisel,female,0.99,5093
mariska,female,1.0,18787
marissa,female,1.0,76327
marita,female,0.99,37444
marithania,,0.0,0
maritza,female,0.99,96591
marius,male,0.99,113307
mariusz,male,1.0,100055
mariya,female,0.97,40140
mariyah,female,0.99,1065
marián,female,0.75,167725
mariëlle,female,1.0,29911
marja,female,0.99,23204
marjan,female,0.86,30696
marjeta,female,0.98,1163
marjolein,female,1.0,7237
marjorie,female,0.99,80705
mark,male,1.0,1379584
markku,male,1.0,6275
marko,male,0.99,120189
markos,male,0.99,8472
marks,male,0.97,1917
markus,male,1.0,202543
marla,female,1.0,29164
marlan,male,0.82,294
marlene,female,0.99,171733
marlies,female,1.0,17403
marlin,female,0.68,5956
marloes,female,1.0,5056
marlon,male,0.99,102601
marly,female,0.95,10176
marni,female,0.97,5016
marouan,male,0.97,7222
marouane,male,0.98,15573
marquita,female,1.0,5254
marsalis,male,0.96,118
marsha,female,1.0,49243
marshall,male,0.99,31310
marshini,female,0.75,2
marston,male,0.97,212
marta,female,0.99,643527
marten,male,0.99,7611
martha,female,0.99,411992
marthe,female,0.99,12078
marti,female,0.56,11250
martial,male,0.99,23607
martianus,male,0.8,3
martijn,male,1.0,41296
martin,male,0.99,1095850
martina,female,0.99,400916
martine,female,0.99,112617
martino,male,0.99,16926
martins,male,0.89,11583
martintxo,male,0.85,18
martiros,male,0.94,45
martti,male,0.99,2052
martyna,female,0.99,43309
martí,female,0.56,11250
martín,male,0.99,1095850
maru,female,0.91,13708
marusa,female,0.98,344
maruthi,male,0.92,616
maruša,female,0.98,344
marvin,male,0.99,134544
marwa,female,0.96,187815
marwan,male,0.97,99990
marwen,male,0.97,18660
mary,female,0.99,1355089
mary-anne,female,1.0,1893
maryam,female,0.96,194440
maryame,female,0.92,2677
maryna,female,0.99,10166
maryvonne,female,0.99,4769
marzena,female,0.99,43755
marzia,female,0.99,33632
marzieh,female,0.99,1367
marzio,male,0.99,3646
maría,female,0.99,4097023
maría-cruz,female,0.89,7
masa-aki,male,0.88,6
masaaki,male,1.0,2520
masafumi,male,1.0,447
masafusa,male,0.67,1
masaharu,male,1.0,859
masahico,male,0.8,3
masahide,male,0.99,182
masahiko,male,1.0,748
masahiro,male,1.0,6736
masahisa,male,0.98,49
masahito,male,1.0,252
masaichiro,male,0.75,2
masakazu,male,1.0,1644
masaki,male,0.98,5265
masakiyo,male,0.94,15
masako,female,0.99,3255
masami,female,0.57,974
masamichi,male,0.99,192
masamitsu,male,0.99,115
masamune,male,0.88,57
masanao,male,0.98,102
masanari,male,0.97,88
masanobu,male,1.0,768
masanori,male,1.0,2719
masao,male,1.0,2059
masaomi,male,0.98,90
masari,male,0.86,190
masaru,male,1.0,2629
masashi,male,1.0,3603
masashige,male,0.95,18
masataka,male,1.0,1237
masateru,male,0.99,68
masato,male,1.0,4164
masatoshi,male,1.0,1679
masatsune,male,0.86,5
masaya,male,0.97,2005
masayasu,male,0.99,81
masayo,female,0.99,906
masayoshi,male,1.0,1387
masayuki,male,1.0,4330
masazumi,male,0.98,45
masen,male,0.93,200
masha,female,0.97,18933
mashael,female,0.97,2260
mashbat,male,0.8,3
mashetti,male,0.67,1
mashhoor,male,0.98,182
mashrur,male,0.99,92
mason,male,0.99,35509
masood,male,0.99,17917
masoomeh,female,0.98,405
masoud,male,0.99,35356
masoumeh,female,0.99,686
masroor,male,0.96,957
massimiliano,male,1.0,105955
massimo,male,1.0,297468
massoud,male,0.97,3550
masud,male,0.96,28111
masudul,male,0.97,278
masumi,female,0.94,1419
masumichi,,0.0,0
masuri,female,0.53,116
mat,male,0.94,42561
matan,male,0.98,7015
matania,male,0.59,25
matas,male,0.99,1865
mate,male,0.94,9125
matei,male,0.81,6066
matej,male,1.0,21543
mateja,female,0.89,3868
mateo,male,0.99,71255
mateu,male,0.95,935
mateus,male,1.0,53147
mateusz,male,1.0,132177
matevž,male,1.0,230
matey,male,0.87,252
mathakane,female,0.96,21
mathav,male,0.93,12
matheus,male,1.0,114541
mathew,male,0.99,61693
mathews,male,0.99,4903
mathias,male,0.99,91436
mathieu,male,0.99,152713
mathijs,male,1.0,5526
mathilde,female,0.99,82596
mathini,female,0.81,30
matias,male,0.99,118556
matija,male,0.95,5160
matilde,female,0.98,36572
matin,male,0.94,8711
matisse,male,0.84,967
matjaz,male,0.99,1041
matjaž,male,0.99,1041
mats,male,1.0,33743
matsuo,male,0.95,270
matt,male,1.0,484062
mattan,male,0.96,206
matteo,male,1.0,310011
mattes,male,0.98,419
matthaios,male,0.99,71
matthew,male,1.0,653743
matthias,male,1.0,125505
matthieu,male,1.0,72653
matthijs,male,1.0,10666
matthys,male,0.92,320
matti,male,0.96,11872
mattia,male,0.98,97237
mattias,male,1.0,27539
mattis,male,0.99,1525
matty,male,0.84,12217
matus,male,0.97,2636
matvei,male,0.98,435
matvey,male,0.99,1610
matwey,male,0.92,35
matyas,male,0.98,3520
matz,male,0.96,732
matías,male,0.99,118556
matúš,male,0.97,2636
matěj,male,1.0,21543
maud,female,0.99,39216
maulik,male,1.0,5964
maura,female,0.99,47852
maurantonio,male,0.93,12
mauri,male,0.92,11244
maurice,male,0.99,112560
mauricio,male,1.0,294195
maurilio,male,1.0,6924
maurits,male,0.99,2227
maurizia,female,0.99,3130
maurizio,male,1.0,201690
mauro,male,1.0,278576
maurício,male,1.0,294195
mausumi,female,0.96,80
max,male,0.99,404006
maxen,male,0.94,147
maxence,male,0.99,21650
maxi,male,0.83,25026
maxim,male,0.99,56194
maxime,male,0.97,109361
maximilian,male,1.0,35658
maximiliano,male,1.0,45275
maximilien,male,1.0,6875
maximo,male,0.99,27844
maxwell,male,0.99,40110
maxym,male,0.98,621
may,female,0.95,146860
maya,female,0.96,170071
mayanak,male,0.75,2
mayank,male,1.0,42387
maycon,male,1.0,12664
maye,female,0.95,8187
mayeul,male,0.97,272
mayra,female,0.99,133583
mays,female,0.91,2908
maysam,female,0.76,3130
mayte,female,0.99,35815
mayu,female,0.91,3407
mayukh,male,1.0,1170
mayuko,female,0.99,1437
mayumi,female,0.99,7806
mayuresh,male,0.99,360
mayuri,female,1.0,12458
mazen,male,0.95,57989
mazhar,male,0.99,19851
maziar,male,1.0,2812
maziyar,male,0.98,718
mazyar,male,0.97,313
maël,male,0.93,10941
maëlick,male,0.75,10
maíra,female,0.99,41700
maïca,female,0.99,4027
małgorzata,female,0.99,61083
mboyo,female,0.53,41
mccabe,male,0.96,248
mccullen,,0.0,0
mckinley,male,0.67,433
md,male,0.93,1235491
mebrouka,female,0.91,32
mederic,male,0.99,1315
medet,male,0.98,2832
medha,female,0.99,3771
medhat,male,0.99,18933
mee,female,0.76,8197
meead,female,0.84,144
meeko,male,0.81,149
meena,female,0.89,10097
meenakshi,female,0.99,20562
meenu,female,0.93,2413
meer,male,0.91,5950
meera,female,0.96,17767
mees,male,0.81,1821
meesoon,female,0.8,8
meesue,female,0.8,3
meetu,female,0.8,192
meeyoung,female,0.88,30
megan,female,1.0,293107
megha,female,0.99,30307
meghan,female,1.0,60426
meghana,female,1.0,8442
megumi,female,0.99,5703
mehak,female,0.98,7263
mehdi,male,0.98,250081
mehedi,male,0.97,6890
mehmet,male,0.99,799245
mehmetcik,male,0.94,77
mehrab,male,0.97,2414
mehran,male,0.99,19796
mehrana,female,0.9,46
mehrdad,male,0.99,20595
mehrnaz,female,0.99,960
mehrnoosh,female,0.96,783
mehtaab,male,0.79,167
mehul,male,0.99,17781
mehwish,female,0.99,5045
mei,female,0.97,32908
mei-yin,female,0.88,6
mei-yu,female,0.88,6
meicun,male,0.5,2
meifen,female,0.98,45
meifeng,female,0.93,59
meihang,female,0.82,9
meihong,female,0.94,77
meihua,female,0.98,319
meihui,female,0.97,92
meiji,female,0.57,156
meijian,female,0.63,6
meijun,female,0.89,83
meike,female,0.99,10803
meilin,female,0.98,1227
meiqin,female,0.92,72
meir,male,0.99,7769
meirav,female,1.0,1744
meirong,female,0.93,66
meisam,male,0.98,1459
meixia,female,0.95,57
meiyu,female,0.97,167
mekena,female,0.88,30
mel,female,0.78,48009
melaine,female,0.93,2524
melania,female,0.99,30214
melanie,female,0.99,376661
melby,female,0.86,249
melchior,male,0.99,1755
melia,female,0.98,3620
melih,male,0.99,32430
melika,female,0.98,4507
melike,female,0.98,33587
melina,female,0.99,57629
melinda,female,1.0,93629
melis,female,0.96,26489
melisa,female,0.98,70438
melissa,female,1.0,656997
melkior,male,0.95,98
melody,female,0.99,70350
melvin,male,0.99,76428
melvyn,male,0.99,6141
menachem,male,1.0,2015
menahem,male,0.99,297
meng,male,0.66,5952
meng-che,male,0.8,3
meng-chuan,,0.0,0
meng-chwan,,0.0,0
meng-he,male,0.67,1
meng-jun,,0.0,0
meng-kai,male,0.75,2
meng-lin,female,0.75,2
meng-ru,male,0.5,2
meng-xiang,male,0.67,1
meng-yue,,0.0,0
mengbang,,0.0,0
mengbin,male,0.86,5
mengce,male,0.8,3
mengchao,male,0.55,18
mengchen,female,0.7,59
mengchi,female,0.6,8
mengdi,female,0.72,96
mengfan,female,0.73,35
menggang,male,0.83,4
menghan,female,0.81,84
menghao,male,0.84,17
mengji,female,0.64,12
mengjiao,female,0.9,49
mengjie,female,0.83,151
mengke,female,0.68,39
mengkun,male,0.67,7
menglan,female,0.84,17
menglei,female,0.6,33
mengli,female,0.89,42
mengliang,male,0.82,15
menglin,female,0.67,65
menglun,male,0.8,3
mengmeng,female,0.82,302
mengmou,,0.0,0
mengping,female,0.77,20
mengqi,female,0.79,173
mengqun,male,0.75,2
mengran,female,0.78,34
mengsha,male,0.54,52
mengshi,female,0.81,25
mengshuo,male,0.67,1
mengtao,male,0.71,19
mengting,female,0.94,172
mengwei,female,0.65,67
mengxi,female,0.81,99
mengxin,female,0.79,46
mengxing,female,0.65,24
mengxuan,female,0.69,53
mengyang,female,0.53,72
mengyao,female,0.9,139
mengying,female,0.99,151
mengyu,female,0.74,136
mengyue,female,0.83,52
mengyun,female,0.81,55
mengzhao,female,0.57,5
mengzhen,female,0.83,34
mengzhu,female,0.88,24
mennatallah,female,0.99,618
menno,male,0.99,10162
menny,male,0.84,812
merab,female,0.64,1265
merav,female,0.99,3779
merce,female,0.98,10361
merced,female,0.6,940
mercedeh,female,0.99,90
mercedes,female,0.99,173576
mercouri,,0.0,0
mercè,female,0.98,10361
meredith,female,0.98,9171
meredydd,male,0.69,11
merel,female,0.98,4510
meri,female,0.92,29530
meridith,female,0.99,1542
merim,female,0.78,507
merja,female,0.98,5381
merlin,male,0.68,8938
merouane,male,0.98,3861
mert,male,0.98,143030
merve,female,0.98,121823
meseret,female,0.83,2877
meshkat,female,0.58,128
messay,male,0.76,70
mesut,male,0.99,84167
mete,male,0.98,20132
metin,male,0.99,123105
metod,male,0.97,117
metodi,male,0.98,509
mette,female,1.0,35778
meurig,male,0.96,48
mevin,male,0.95,398
meydi,female,0.51,134
meysam,male,0.98,5573
mhafuzul,male,0.75,2
mi,female,0.66,59751
mi-ryang,female,0.75,2
mi-song,female,0.83,4
mi-xiang,,0.0,0
mi-young,female,0.98,46
mia,female,0.97,143429
mian,male,0.96,15455
miao,female,0.66,2036
miao-hsuan,female,0.67,1
miao-ling,female,0.67,1
miaodi,female,0.8,3
miaomiao,female,0.89,313
miaowen,female,0.67,4
mic,male,0.89,10920
micael,male,0.99,10763
micaela,female,0.99,55899
micah,male,0.84,8250
micha,male,0.94,89795
michael,male,1.0,2538090
michaela,female,0.99,152478
michail,male,1.0,6221
michail-antisthenis,,0.0,0
michal,male,0.94,146051
michalis,male,0.99,3387
michaël,male,1.0,2538090
michał,male,0.94,146051
micheal,male,0.98,61524
michel,male,0.94,241603
michel-andrès,,0.0,0
michela,female,0.99,122157
michelangelo,male,0.99,13549
michele,female,0.56,560463
michelle,female,1.0,904371
michi-to,,0.0,0
michiaki,male,0.99,80
michiel,male,1.0,22832
michihiko,male,0.93,27
michihiro,male,0.98,127
michihisa,male,0.95,18
michikazu,male,0.93,12
michiko,female,0.99,3559
michio,male,0.99,991
michitaka,male,0.98,53
michitoshi,male,0.92,11
michiya,female,0.59,126
michiyasu,male,0.93,13
michèle,female,0.56,560463
mickael,male,0.99,83506
mickaël,male,0.99,83506
micol,female,0.96,4398
midya,female,0.9,291
mieczysław,male,0.99,2774
mieke,female,1.0,24642
mieko,female,0.99,1313
miel,female,0.68,2871
mieszko,male,0.99,550
migran,male,0.85,37
miguel,male,1.0,1042724
miguel-ángel,male,1.0,229
miha,female,0.61,9002
mihael,male,0.99,4295
mihaela,female,0.99,66438
mihai,male,0.98,58074
mihai-alin,male,0.9,8
mihai-silviu,male,0.88,6
mihail,male,0.99,20400
mihailo,male,1.0,1782
mihajlo,male,1.0,2740
mihalis,male,0.99,718
mihaly,male,0.97,1847
mihir,male,1.0,12711
mihkel,male,0.99,353
mihnea,male,0.94,494
miho,female,0.94,5299
mihoko,female,0.98,275
mihran,male,0.94,647
mihyun,female,0.96,157
mihály,male,0.97,1847
miika,male,0.64,4677
miikka,male,0.99,1718
mijie,male,0.9,119
mijin,female,0.92,382
miju,female,0.53,201
mika,male,0.68,47335
mikael,male,0.99,35945
mikaela,female,0.99,19618
mikako,female,0.97,200
mikaël,male,0.99,35945
mike,male,1.0,1146121
mikel,male,0.98,24538
mikelis,male,0.9,29
mikhail,male,1.0,37769
mikhailo,male,0.97,31
miki,male,0.7,36380
mikica,male,0.58,467
mikil,male,0.92,70
mikio,male,0.99,1148
mikito,male,0.96,122
mikiya,female,0.68,231
mikkel,male,0.99,5354
mikko,male,0.99,14603
miklos,male,0.98,4724
miklós,male,0.98,4724
mikola,male,0.93,311
mikolaj,male,1.0,6895
mikołaj,male,1.0,6895
mikrajuddin,,0.0,0
mikyoung,female,0.94,76
mikyung,female,0.97,198
mila,female,0.97,64284
milad,male,0.98,36741
milan,male,0.97,78671
milana,female,0.98,9010
mile,male,0.51,14437
milen,male,0.77,2616
milena,female,0.99,166029
miles,male,0.95,29841
milica,female,0.99,23697
milind,male,1.0,17026
milinda,female,0.93,1615
milivoje,male,0.99,356
miljenko,male,0.99,673
milko,male,0.97,1794
miller,male,0.9,9532
milliam,female,0.75,62
milo,male,0.94,22902
milorad,male,1.0,4067
milos,male,0.99,29162
miloslav,male,0.99,4550
miloud,male,0.98,30353
miloš,male,0.99,29162
miltcho,male,0.88,6
miltiades,male,0.95,39
milto,male,0.96,344
milton,male,1.0,96680
milutin,male,0.98,642
milva,female,0.99,2173
mima,female,0.95,18341
mimi,female,0.92,146431
mimoun,male,0.97,11498
min,male,0.56,22883
min-cheol,male,0.96,21
min-chun,female,0.67,1
min-ge,,0.0,0
min-han,male,0.8,3
min-hsiu,male,0.5,2
min-jae,male,0.93,68
min-jian,,0.0,0
min-joo,female,0.75,10
min-kai,male,0.75,2
min-kyun,male,0.67,1
min-seok,male,0.97,30
min-soo,male,0.9,27
min-xin,,0.0,0
min-young,female,0.79,59
mina,female,0.64,125936
minati,female,0.94,300
minchae,female,0.7,18
minchen,female,0.83,81
minchul,male,0.97,107
mindaugas,male,0.99,4121
mine,female,0.93,24876
minerva,female,0.99,25716
minesh,male,0.99,2804
minfeng,male,0.77,29
ming,male,0.75,18478
ming-cheng,male,0.83,4
ming-chien,male,0.86,5
ming-chun,male,0.71,12
ming-deh,,0.0,0
ming-fa,male,0.75,2
ming-feng,male,0.9,8
ming-fu,male,0.83,4
ming-guang,male,0.75,2
ming-han,male,0.86,5
ming-hao,male,0.86,5
ming-hui,female,0.58,10
ming-jie,male,0.8,3
ming-jing,female,0.67,1
ming-jun,male,0.67,1
ming-lei,male,0.67,1
ming-liang,male,0.57,5
ming-lun,male,0.83,4
ming-min,male,0.67,1
ming-qiang,male,0.67,1
ming-qiu,,0.0,0
ming-sheng,male,0.67,1
ming-tang,male,0.75,2
ming-ti,,0.0,0
ming-wen,male,0.5,2
ming-xian,male,0.67,1
ming-xin,female,0.67,1
ming-xing,,0.0,0
ming-xun,,0.0,0
ming-yang,male,0.93,12
ming-yu,male,0.67,19
ming-yue,,0.0,0
ming-zhe,male,0.67,1
ming-zhi,,0.0,0
ming-zhong,,0.0,0
ming-zhu,,0.0,0
mingao,male,0.75,6
mingbin,male,0.92,11
mingbo,male,0.86,34
mingchao,male,0.92,22
mingchen,male,0.73,39
mingchuan,male,0.77,20
mingcong,male,0.89,16
mingda,male,0.96,54
mingde,male,0.86,26
minge,male,0.55,45
mingfei,male,0.66,51
mingfeng,male,0.78,65
minggang,male,0.94,29
mingguo,male,0.96,22
minghao,male,0.96,168
minghu,male,0.94,14
minghua,female,0.53,134
minghui,male,0.52,284
mingjian,male,0.9,37
mingjie,male,0.78,193
mingjun,male,0.8,131
mingkai,male,0.98,46
mingkang,male,0.87,21
minglei,male,0.86,48
mingli,female,0.66,120
mingliang,male,0.94,93
minglu,female,0.56,37
mingmei,female,0.92,34
mingmin,female,0.54,39
mingming,female,0.54,629
mingmou,,0.0,0
mingnan,male,0.74,21
mingpu,male,0.6,3
mingqiang,male,0.97,30
mingqing,male,0.71,29
mingquan,male,0.91,30
mingran,male,0.67,10
mingrui,male,0.6,61
mingshang,male,0.67,1
mingsheng,male,0.95,56
mingshuo,male,0.5,6
mingtao,male,0.93,27
mingu,male,0.94,152
mingwang,male,0.58,10
mingwei,male,0.79,138
mingwen,male,0.78,21
mingwu,male,0.93,12
mingxi,male,0.57,67
mingxian,male,0.68,29
mingxiao,male,0.78,16
mingxin,male,0.59,81
mingxing,male,0.82,70
mingxiong,male,0.92,11
mingxuan,male,0.74,87
mingyan,female,0.61,92
mingyang,male,0.82,191
mingyi,male,0.57,124
mingyu,male,0.66,394
mingyuan,male,0.78,100
mingyue,female,0.77,155
mingzhe,male,0.94,97
mingzhi,male,0.89,55
mingzhong,male,0.91,20
mingzhou,male,0.68,20
minh,male,0.74,6167
minh-binh,,0.0,0
minh-duc,male,0.88,14
minh-hai,male,0.78,7
minh-loc,male,0.67,1
minh-ngoc,male,0.5,2
minh-phuong,female,0.75,6
minh-son,male,0.86,5
minh-tien,male,0.67,1
minhao,male,0.96,55
minhee,female,0.91,382
minho,male,0.95,646
minhui,female,0.75,110
minhyea,,0.0,0
minhyuk,male,0.91,76
minhyun,male,0.76,32
minjae,male,0.92,706
minje,male,0.85,58
minjeong,female,0.97,296
minji,female,0.98,2409
minjia,female,0.78,39
minjian,male,0.62,11
minjie,female,0.54,132
minjin,female,0.78,147
minju,female,0.84,401
minjun,male,0.82,176
minki,female,0.52,339
minkyoo,male,0.89,7
minkyu,male,0.98,229
minkyung,female,0.97,298
minlan,male,0.5,10
minmin,female,0.59,651
minming,female,0.53,34
minnan,male,0.65,21
minori,female,0.94,787
minoru,male,1.0,2955
minos,male,0.9,880
minping,male,0.63,6
minqiang,male,0.87,21
minqing,female,0.63,14
minquan,male,0.92,11
minseok,male,0.98,258
minseong,male,0.81,40
minshan,female,0.53,13
minshen,male,0.77,11
minsoo,male,0.92,317
minsu,male,0.91,409
minsuk,male,0.89,103
minsung,male,0.9,164
mintu,male,0.94,6290
minu,female,0.71,2213
minwoo,male,0.99,1011
minxi,female,0.76,36
minxian,female,0.73,13
minyi,female,0.85,194
minyong,male,0.8,54
minyuan,female,0.53,15
minyue,female,0.77,28
minz,male,0.56,165
minzhen,female,0.8,13
minzhi,female,0.74,37
mio,male,0.59,5388
miodrag,male,0.99,2424
miok,female,0.82,95
miquel,male,0.99,10945
mir,male,0.89,30897
mira,female,0.91,93131
mirabela,female,0.98,1617
miranda,female,0.98,98047
mirbek,male,0.96,122
mircea,male,0.96,7447
mirco,male,0.99,28784
mireia,female,1.0,24382
mireille,female,0.99,63017
mirek,male,0.99,21725
mirela,female,0.99,37161
miren,female,0.98,6232
miriah,female,0.99,663
miriam,female,0.99,326858
mirian,female,0.99,62351
mirjam,female,0.99,12411
mirjana,female,0.99,21139
mirjeta,female,0.95,756
mirko,male,1.0,113070
mirna,female,0.99,50989
miro,male,0.74,29279
miron,male,0.87,4258
miroslav,male,1.0,71628
miroslava,female,1.0,19753
mirosław,male,1.0,12596
miru,female,0.66,714
miruna-stefana,,0.0,0
miryeong,female,0.93,13
miryung,female,0.93,12
misa,female,0.75,12767
misael,male,0.99,33552
misak,male,0.92,415
misaki,female,0.93,2086
misao,female,0.87,343
misato,female,0.98,1031
mischa,male,0.73,3666
misha,male,0.71,13667
miska,female,0.53,2201
mislav,male,1.0,956
missagh,male,0.78,16
misty,female,0.99,41593
misun,female,0.95,326
mit,male,0.94,27208
mitali,female,0.99,6735
mitchel,male,0.96,9588
mitchell,male,0.99,70762
mitesh,male,1.0,12182
mithat,male,0.98,6997
mithi,female,0.69,181
mithun,male,0.98,19075
mithuna,female,0.74,41
mitia,female,0.58,386
mitja,male,0.99,1846
mitra,female,0.83,4421
mitrajyoti,male,0.67,1
mitsuaki,male,0.99,151
mitsue,female,0.99,548
mitsugu,male,0.98,49
mitsuharu,male,0.99,86
mitsuhiko,male,0.97,73
mitsuhiro,male,1.0,476
mitsunobu,male,0.98,55
mitsunori,male,0.99,140
mitsuo,male,0.99,1162
mitsuru,male,0.97,542
mitsutaka,male,0.99,73
mitsutoshi,male,0.98,61
mitsuyoshi,male,1.0,242
mituhiro,male,0.97,29
mitul,male,0.99,5181
miu,female,0.86,2848
miwa,female,0.91,1904
miyako,female,0.97,984
miyoung,female,0.97,329
miyu,female,0.95,971
miyuki,female,0.99,4640
mizanur,male,0.96,7911
mizuho,female,0.91,334
miłosz,male,1.0,3515
mladen,male,0.99,7371
mnacho,male,0.67,1
mo,male,0.84,103081
moacir,male,0.99,2759
moana,female,0.91,3540
moayad,male,0.99,6162
modhuchandra,,0.0,0
modjtaba,male,0.97,35
modou,male,0.98,10707
moe,male,0.84,17228
moein,male,0.98,2154
moeness,male,0.97,31
moez,male,0.98,19595
mogens,male,0.99,1561
mohab,male,0.96,10942
mohaddese,female,0.97,66
mohamad,male,0.98,350231
mohamadreza,male,0.98,2240
mohamd,male,0.96,50815
mohamed,male,0.98,3183599
mohamed-ali,male,0.99,519
mohamed-salem,male,0.83,4
mohamed-slim,male,0.67,1
mohameden,male,0.96,43
mohammad,male,0.99,794243
mohammad-ali,male,0.98,42
mohammad-hassan,male,0.75,2
mohammad-hossein,male,0.67,1
mohammad-reza,male,0.93,26
mohammad-sadegh,male,0.75,2
mohammadali,male,0.99,2524
mohammadamin,male,0.97,289
mohammadhadi,male,0.93,42
mohammadhossein,male,0.99,191
mohammadjavad,male,0.96,293
mohammadreza,male,0.98,5201
mohammadsadegh,male,0.95,75
mohammadtaghi,male,0.94,34
mohammadtaher,male,0.92,10
mohammed,male,0.99,1147039
mohammud,male,0.95,504
mohan,male,0.99,83335
mohanad,male,0.98,22189
mohandas,male,0.98,714
mohcine,male,0.98,7352
mohd,male,0.99,459476
mohit,male,1.0,71522
mohitvishnu,,0.0,0
mohsen,male,0.99,91512
mohsin,male,0.98,62235
moinuddin,male,0.97,1068
moinul,male,0.97,1057
moira,female,0.99,25262
moises,male,0.99,108947
moisés,male,0.99,108947
mojdeh,female,0.99,639
mojegan,female,0.67,1
mojtaba,male,0.99,24223
mokhtar,male,0.98,33090
mokshay,,0.0,0
molei,female,0.55,9
molin,male,0.56,213
molla,male,0.89,2385
mollie,female,1.0,14477
molly,female,0.99,105656
momchil,male,0.99,354
momen,male,0.97,19333
momiao,,0.0,0
momonari,,0.0,0
mona,female,0.97,271965
monal,female,0.72,213
moncef,male,0.98,16029
moni,female,0.89,35089
monica,female,1.0,749811
monika,female,0.99,413506
monimala,female,0.86,19
monimoy,male,0.89,7
monique,female,1.0,233861
monisankha,,0.0,0
monisha,female,0.99,7157
monjurul,male,0.98,771
monojit,male,0.98,234
monowar,male,0.95,777
monroe,male,0.69,771
monther,male,0.98,3201
montie,male,0.76,175
montserrat,female,1.0,35747
monu,male,0.92,9758
moo,male,0.68,7008
moo-ryong,male,0.67,1
mooly,female,0.9,327
moon,female,0.61,22129
moon-jin,,0.0,0
moonjoo,female,0.75,18
moontasir,male,0.87,13
moorad,male,0.96,164
mor,male,0.62,11215
morad,male,0.97,73743
morakot,male,0.56,41
moran,female,0.74,4676
mordecai,male,0.98,872
mordecai-mark,,0.0,0
mordechai,male,1.0,1501
mordechay,male,0.98,51
mordehai,male,0.98,57
moreno,male,0.97,34925
morgan,male,0.64,55372
morihiko,male,0.95,19
morimichi,male,0.89,7
morimitsu,male,0.8,3
morio,male,0.97,370
moritz,male,1.0,19006
morris,male,0.99,27313
morten,male,1.0,44198
morteza,male,0.98,12226
mosarof,male,0.92,1312
moses,male,0.98,79106
mosharaf,male,0.95,1872
moshe,male,0.99,23146
moslem,male,0.95,4142
mostafa,male,0.98,431950
mostafizur,male,0.98,1224
motaz,male,0.98,11479
moti,male,0.93,4673
motiejus,male,0.97,32
motke,male,0.89,16
motoaki,male,0.99,70
motofumi,male,0.96,23
motoh,male,0.82,9
motoharu,male,0.99,67
motohide,male,0.94,15
motohiko,male,0.98,49
motohiro,male,0.99,173
motohisa,male,0.97,29
motoi,male,0.78,126
motoki,male,0.99,762
motoko,female,0.92,261
motonari,male,0.97,27
motoo,male,0.91,65
motoshi,male,0.98,47
motoyuki,male,0.97,70
mottaqiallah,,0.0,0
moty,male,0.86,604
mou,male,0.75,19162
mouad,male,0.97,32522
moubin,male,0.92,10
mouhamadou,male,0.99,5688
mouhamed,male,0.96,64615
mouhammad,male,0.98,2238
mouhammd,male,0.96,133
mouhui,male,0.67,1
mouktar,male,0.95,474
moulay,male,0.97,6291
moulay-tahar,,0.0,0
moulinath,male,0.8,3
mouloud,male,0.98,15076
moumanti,,0.0,0
moumita,female,0.98,1429
moungi,male,0.97,31
mounia,female,0.98,17856
mounir,male,0.98,90573
mourad,male,0.98,141200
mousomi,female,0.93,74
moustafa,male,0.98,47305
mousumi,female,0.97,1911
mouyuan,,0.0,0
mouza,female,0.63,295
movaffaq,male,0.75,2
mowen,male,0.76,27
moyan,male,0.72,88
mozhgan,female,0.98,1334
mpati,female,0.78,160
mrdjan,male,0.88,14
mridul,male,0.97,1386
mridweeka,female,0.67,1
mrinal,male,0.95,1356
mrinmoy,male,0.97,436
mritunjay,male,0.98,675
mrityunjay,male,0.98,403
mrunal,female,0.51,280
mrunmay,male,0.91,9
mu,male,0.7,6122
mu-chun,,0.0,0
mu-in,,0.0,0
mu-jie,,0.0,0
mu-lin,male,0.67,1
mu-tao,,0.0,0
muamer,male,0.98,993
mubarak,male,0.98,30817
mubashar,male,0.97,2987
mubasher,male,0.98,782
mubashir,male,0.99,7118
mubdi,male,0.93,12
mucio,male,0.97,187
mucyo,male,0.84,35
mudassar,male,0.98,5612
mudassir,male,0.98,3198
muddappa,male,0.89,7
muddassar,male,0.99,188
mudhahir,male,0.75,2
mudit,male,0.99,495
mudumba,male,0.8,3
mufeng,male,0.7,8
muffy,female,0.87,498
muftah,male,0.99,1049
mugdha,female,0.99,2534
mugen,male,0.96,406
muhamad,male,0.99,82397
muhamed,male,0.98,25660
muhammad,male,0.99,1001037
muhammed,male,0.98,193165
muhan,male,0.85,171
muhao,male,0.83,4
muhittin,male,0.99,9936
muhuo,,0.0,0
mujdat,male,0.99,2524
mujeeb,male,0.97,10233
mujtaba,male,0.99,6546
mukaramah,female,0.88,6
mukesh,male,0.99,101740
mukhtar,male,0.98,19066
mukremin,male,0.98,1296
muktikanta,male,0.97,37
muktish,male,0.67,1
mukul,male,0.99,14989
mukund,male,1.0,8286
muli,male,0.76,735
mumin,male,0.98,6419
mumtaz,male,0.59,15934
mun,male,0.76,6626
mun-chol,,0.0,0
munan,male,0.87,87
munazza,female,0.98,246
mundla,male,0.83,10
muneaki,male,0.97,32
muneeb,male,0.99,6588
muneer,male,0.98,20045
munehisa,male,0.95,17
munehito,male,0.8,3
munesh,male,0.92,600
munetake,male,0.8,3
muneto,male,0.9,8
munetoshi,male,0.94,16
muneya,male,0.56,7
mung,male,0.82,839
muni,male,0.66,2724
munindar,male,0.85,11
munish,male,0.97,1452
munshi,male,0.96,1083
munsif,male,0.97,591
muntaser,male,0.99,624
muntazir,male,0.96,575
munther,male,0.99,1430
muqing,female,0.56,14
murad,male,0.98,32669
murali,male,0.99,33690
muralidhar,male,0.94,345
muralikrishnan,male,0.99,65
murari,male,0.96,1249
murat,male,0.98,486203
murdoch,male,0.98,358
muriel,female,0.99,68930
murilo,male,1.0,23298
murphy,male,0.9,3984
murray,male,0.99,22999
murtazo,male,0.97,34
murthy,male,0.97,1123
murti,male,0.79,607
murtuza,male,0.98,997
murugesan,male,0.96,3031
muruhan,male,0.85,24
musa,male,0.95,107987
mushtaq,male,0.65,14730
mushu,male,0.57,226
muslem,male,0.94,645
muslum,male,0.99,9378
mustafa,male,0.99,744603
mustansir,male,0.98,143
mustapha,male,0.98,162825
mustazee,,0.0,0
mustefa,male,0.94,710
muthucumaru,male,0.67,1
muthukumar,male,0.97,1214
muthuvel,male,0.95,232
mutlu,male,0.88,12476
mutsuko,female,0.99,194
mutsumi,female,0.81,259
mutsuo,male,0.99,105
muxin,female,0.71,15
muxuan,female,0.62,11
muyang,female,0.54,89
muyuan,male,0.71,22
muzaffer,male,0.97,26871
mwl,male,0.56,30
my,female,0.62,7072
myeong-gu,male,0.67,1
myeonggi,male,0.67,1
myeonghun,male,0.93,13
myeongjae,male,0.78,7
myeongju,female,0.75,6
mykael,male,0.93,243
mykel,male,0.94,1022
mykhailo,male,0.99,345
mykhaylo,male,0.99,593
mykola,male,1.0,4863
mykyta,male,0.94,84
myles,male,0.98,15790
mylène,female,0.99,24359
myna,female,0.92,785
myong,female,0.88,531
myoung-gyun,,0.0,0
myoung-woo,,0.0,0
myounggyu,male,0.75,2
myoungjean,,0.0,0
myoungkyu,male,0.88,6
myoungsoo,male,0.9,8
myoungwon,male,0.8,8
myriam,female,0.99,138859
myron,male,0.99,11848
myroslav,male,0.99,195
myrta,female,1.0,1030
myrto,female,0.9,465
mythra,female,0.64,12
mythri,female,0.99,492
myung,female,0.78,2809
myung-geun,male,0.83,4
myung-ho,male,0.86,5
myung-hwa,female,0.67,1
myung-hwan,male,0.8,3
myung-jin,female,0.59,15
myung-joong,,0.0,0
myung-ki,male,0.8,3
myungbo,male,0.9,8
myungchul,male,0.83,16
myungho,male,0.91,31
myungjun,male,0.96,25
myungshin,male,0.6,3
márcio,male,1.0,116797
mária,female,0.99,4097023
mário,male,0.99,1031252
márk,male,1.0,1379584
márton,male,0.94,3452
mátyás,male,0.98,3520
máté,male,0.94,9125
médéric,male,0.99,1315
mélanie,female,0.99,376661
mérouane,male,0.98,3861
mónica,female,1.0,749811
mónika,female,0.99,413506
mümün,male,0.87,911
na,female,0.67,45402
na'ama,female,0.99,138
na'im,male,0.95,147
na-na,female,0.83,39
naama,female,0.96,4918
nabamita,female,0.98,47
nabanita,female,0.98,327
nabarun,male,0.98,88
nabeel,male,0.99,24101
nabil,male,0.98,170052
nabila,female,0.97,48793
nabile,male,0.89,3383
naceur,male,0.98,5637
nachiappan,male,0.96,106
nachiketa,male,0.89,55
nachoem,,0.0,0
naci,male,0.95,9257
nacira,female,0.98,2257
nada,female,0.96,243593
nadav,male,1.0,6174
nadeem,male,0.98,59244
nadeen,female,0.97,9507
nadejda,female,0.99,3339
nader,male,0.98,71441
nadezda,female,0.99,3425
nadhir,male,0.97,2630
nadia,female,0.99,438010
nadiia,female,0.98,1238
nadina,female,0.99,2618
nadine,female,0.99,214178
nadir,male,0.94,56421
nadisanka,male,0.67,1
nadja,female,0.99,31955
nadra,female,0.96,3280
naduvalath,,0.0,0
nadya,female,0.97,33183
nadège,female,0.99,35935
naeemul,male,0.97,33
naeimeh,female,0.97,92
nafis,male,0.93,4503
naftali,male,0.96,1510
nagamalleswararao,male,0.89,7
nagarajan,male,0.95,1711
nagayoshi,male,0.8,8
nageen,female,0.57,94
nageswari,female,0.95,116
nagi,male,0.92,5266
nagisa,female,0.91,672
nagomi,female,0.8,23
nahid,female,0.58,12562
nahomi,female,0.98,3914
nahuel,male,0.99,16047
nahum,male,0.99,5514
nai,female,0.68,4184
nai-bo,,0.0,0
nai-hui,male,0.5,2
nai-le,,0.0,0
naian,female,0.66,71
naichung,male,0.75,2
naidu,male,0.74,1113
naihua,female,0.58,10
naihuan,male,0.67,1
naijin,male,0.78,7
naijun,female,0.67,4
nail,male,0.91,10163
naima,female,0.97,75546
naimul,male,0.97,658
naira,female,0.98,13197
naixue,male,0.5,2
naizhen,male,0.5,2
najib,male,0.98,37698
najim,male,0.96,10028
najimuddin,male,0.91,136
najko,male,0.85,11
najma,female,0.95,9461
najme,female,0.51,724
najmeddine,male,0.99,405
najmeh,female,0.97,636
najmuddin,male,0.98,655
najmul,male,0.94,3383
nakahiro,male,0.67,1
nakarin,male,0.88,95
nakia,female,0.77,1101
nakib,male,0.95,475
nakul,male,0.99,7108
nakwoo,male,0.67,1
nalin,male,0.72,1951
nalina,female,0.98,790
nalini,female,0.99,9603
nam,male,0.88,19571
nam-gyu,male,0.67,1
nam-hee,female,0.56,7
nami,female,0.76,5415
namig,male,0.98,148
namiko,female,0.97,424
namit,male,0.99,2121
namitha,female,0.99,1780
namkyoo,,0.0,0
nampoina,female,0.6,13
namrata,female,1.0,18118
namyoon,female,0.56,7
namyoung,female,0.58,29
nan-jing,,0.0,0
nana,female,0.82,129787
nanako,female,0.98,882
nanao,male,0.58,163
nanase,female,0.8,86
nanchi,female,0.59,42
nancy,female,1.0,668537
nand,male,0.98,5852
nanda,female,0.75,11552
nandadulal,male,0.82,15
nandakishore,male,0.98,51
nandakumar,male,0.96,532
nandan,male,0.99,6068
nandana,female,0.74,1617
nandi,female,0.83,5088
nandini,female,0.99,14008
nandita,female,1.0,5717
nane,female,0.8,3628
nanfang,male,0.58,10
nannan,female,0.75,274
nannapas,female,0.9,18
nanning,male,0.91,53
nansen,male,0.83,27
nanshun,female,0.67,1
nantel,male,0.67,1
nanyang,female,0.54,26
nanyao,male,0.5,2
nanying,female,0.71,5
nao,female,0.67,3309
naoaki,male,0.98,87
naofal,male,0.94,106
naohiko,male,0.99,86
naohisa,male,0.99,71
naohito,male,0.98,52
naokazu,male,0.94,16
naoki,male,0.98,2670
naoko,female,1.0,5727
naomasa,male,0.96,21
naomi,female,0.99,120541
naomichi,male,0.93,52
naonori,male,0.97,29
naoshi,male,0.97,67
naotaka,male,0.99,88
naoto,male,1.0,2384
naotomo,male,0.8,3
naouel,female,0.97,1182
naoya,male,1.0,2051
naoyuki,male,1.0,480
napat,male,0.82,989
naqing,female,0.75,2
nara,female,0.86,7399
narad,male,0.94,354
narae,female,0.98,659
narasimha,male,0.97,1602
narayan,male,0.98,25654
narayanan,male,0.97,1937
narayanaswamy,male,0.99,82
narciso,male,0.99,13105
nare,female,0.74,2382
narek,male,0.99,3077
naren,male,0.97,7404
narendra,male,0.98,9708
naresh,male,0.99,71483
narges,female,0.99,9272
nariaki,male,0.94,33
nariman,female,0.84,11608
narinder,male,0.78,3492
narine,female,0.97,3455
nario,male,0.95,145
naritaka,male,0.88,6
nariya,female,0.82,112
narongkiat,male,0.67,1
narseo,male,0.67,1
narsireddy,male,0.86,12
narsis,female,0.83,221
naruhisa,male,0.89,7
narumon,female,0.98,193
naseem,male,0.82,15125
naseer,male,0.98,21016
naser,male,0.97,53626
nashwan,male,0.98,1894
nasim,male,0.73,18786
nasimeh,female,0.95,18
nasir,male,0.97,83433
nasr,male,0.97,17504
nasrin,female,0.96,15579
nasser,male,0.98,81096
nassif,male,0.94,865
nassim,male,0.94,36940
nassir,male,0.97,4778
nastaran,female,0.98,1597
nastasha,female,1.0,415
nastasia,female,0.99,2518
nastassia,female,0.99,1753
nat,female,0.51,32609
natale,male,0.94,10175
natalia,female,0.99,534958
natalie,female,1.0,285122
nataliia,female,0.99,2761
natalija,female,0.99,11255
natalio,male,0.99,2788
nataliya,female,1.0,22561
natalya,female,1.0,42236
natan,male,0.99,13713
natanael,male,0.99,14490
nataniel,male,0.94,2808
natasa,female,0.99,21378
natascha,female,0.99,27271
natascia,female,0.99,7277
natasha,female,0.99,189659
nataša,female,0.99,21378
nate,male,0.97,20350
natesh,male,0.93,147
nathael,male,0.95,349
nathal,female,0.56,113
nathalie,female,0.99,373101
nathan,male,1.0,295948
nathanael,male,0.99,11884
nathanan,female,0.67,13
nathanaël,male,0.99,11884
nathaniel,male,0.99,58134
nathann,male,0.96,112
nathawut,male,0.95,17
nathaël,male,0.95,349
nathália,female,1.0,48659
nati,female,0.86,17477
natsuha,female,0.86,12
natsuhiko,male,0.88,15
natsuki,female,0.88,1643
natsuko,female,0.99,1563
natsumi,female,0.98,2264
nattalie,female,0.99,251
natália,female,0.99,534958
nauman,male,1.0,6660
nausheen,female,0.99,1932
nava,female,0.8,5041
navdeep,male,0.74,2031
naveed,male,0.98,41108
naveen,male,0.97,16663
navid,male,0.98,7894
navin,male,0.99,23654
navinda,male,0.58,17
navinder,male,0.73,115
navjot,male,0.67,1570
navneet,male,0.6,2714
nawaf,male,0.98,27612
nawapon,male,0.75,14
naween,male,0.92,76
nawel,female,0.97,14181
nayana,female,0.98,7737
nayandeep,male,0.86,12
nayantara,female,0.99,73
nayara,female,1.0,25173
nayereh,female,0.97,144
nayuta,male,0.71,12
nazanin,female,0.99,9865
nazar,male,0.9,19821
nazareno,male,0.99,4792
nazaret,female,0.95,4426
nazarii,male,0.97,75
nazario,male,0.99,6188
nazariy,male,0.99,406
nazife,female,0.97,4893
nazim,male,0.97,32849
nazir,male,0.98,19450
nazma,female,0.93,2190
nazmi,male,0.98,10987
neal,male,1.0,35797
neale,male,0.96,554
neave,female,0.94,205
nebojsa,male,0.99,4371
necdet,male,0.99,9656
necmiye,female,0.98,2333
nectaria,female,0.97,57
ned,male,0.97,13419
neda,female,0.98,20966
nedasadat,,0.0,0
nedjma,female,0.92,1151
nedra,female,0.99,4374
neel,male,0.95,12936
neela,female,0.91,4207
neelabja,male,0.6,3
neelam,female,0.98,22134
neelay,male,0.92,23
neeldhara,,0.0,0
neelesh,male,1.0,4675
neelima,female,1.0,6170
neelkamal,male,0.87,67
neena,female,0.99,7038
neepa,female,1.0,469
neera,female,0.99,1853
neeraj,male,0.99,51588
neerav,male,1.0,951
neereja,female,0.67,1
neeru,female,0.97,4166
nees,male,0.55,177
neetik,,0.0,0
neev,male,0.88,341
negar,female,0.99,8588
negev,male,0.83,28
negin,female,0.99,6727
neha,female,0.99,108474
nei,male,0.73,1886
neige,female,0.87,967
neil,male,1.0,206758
neill,male,0.99,4172
nejc,male,1.0,1076
neji,male,0.95,4331
nejib,male,0.99,3893
nektarios,male,0.99,2102
nele,female,0.93,6702
nelia,female,0.99,9351
nell,female,0.91,9523
nello,male,0.99,12629
nelly,female,0.98,159376
nelson,male,0.99,282101
nemani,male,0.79,31
nemanja,male,1.0,14080
nematollah,male,0.92,48
nenad,male,1.0,23740
neng,female,0.85,4005
neng-chang,,0.0,0
neng-hui,female,0.67,1
nenghai,male,0.75,2
nengkun,,0.0,0
nengyi,male,0.67,4
neo,male,0.81,33308
neofytos,male,0.98,108
neophytos,male,0.99,156
neranga,male,0.64,9
nerea,female,0.99,36714
nergis,female,0.97,3018
neri,male,0.54,5840
nero,male,0.79,5814
nerses,male,0.99,513
nesar,male,0.95,2056
nese,female,0.97,9678
neshan,male,0.88,129
nesir,male,0.9,113
neslihan,female,0.98,20277
nesrine,female,0.97,16978
ness,female,0.61,7919
nestor,male,1.0,100068
neta,female,0.94,6325
netan,male,0.76,35
netanel,male,0.99,2864
netta,female,0.98,3454
neus,female,0.98,6140
neven,female,0.79,7934
nevena,female,0.99,8325
neville,male,0.98,5038
nevin,female,0.64,19958
newlin,male,0.96,69
newton,male,0.99,13454
nezih,male,0.98,1283
ngai-ching,,0.0,0
nghia,male,0.84,850
ngo,female,0.58,2259
ngoc,female,0.75,3927
ngoc-cuong,male,0.67,1
nguyen,male,0.58,15041
nguyen-bac,,0.0,0
nhan,male,0.65,1213
nhan-phu,,0.0,0
nhat,male,0.96,4078
nhat-minh,male,0.6,3
nhien-an,,0.0,0
nhu,female,0.96,4240
nhung,female,0.99,5625
nhut,male,0.99,929
ni,female,0.76,25349
nia,female,0.98,24604
nial,male,0.94,741
nialh,male,0.67,1
niall,male,1.0,22285
niamh,female,1.0,20414
nian,female,0.59,561
nianlong,male,0.83,4
nianpeng,,0.0,0
nianyi,female,0.78,7
niao,female,0.51,39
niayesh,female,0.86,63
nibedita,female,0.98,474
nibodh,male,0.83,4
nic,male,0.86,30190
niccolo,male,1.0,11467
niccolò,male,1.0,11467
nicha,female,0.96,1568
nicholas,male,1.0,296413
nichole,female,1.0,34167
nick,male,0.99,478025
nicklas,male,1.0,9244
nickolas,male,1.0,7916
nickolay,male,0.99,654
nickos,male,1.0,419
niclas,male,1.0,13119
nico,male,0.95,161930
nicodemo,male,0.99,1530
nicola,male,0.81,215644
nicolae,male,0.97,19242
nicolai,male,0.99,13118
nicolao,male,0.88,50
nicolaos,male,0.99,340
nicolas,male,1.0,595111
nicolau,male,0.93,1401
nicolaus,male,0.99,1155
nicole,female,1.0,760704
nicoleta,female,0.99,27816
nicoletta,female,1.0,44612
nicolette,female,1.0,15482
nicolina,female,0.99,4072
nicolo,male,1.0,28291
nicolás,male,1.0,595111
nicolò,male,1.0,28291
nicomede,male,0.83,28
nicos,male,0.99,2897
nicusor,male,0.99,2120
nida,female,0.97,21831
nidhal,male,0.93,5740
nidhi,female,0.99,36770
nidhin,male,0.99,803
nidia,female,0.99,38375
niek,male,0.97,5082
niel,male,0.97,6630
niels,male,1.0,58427
niels-uwe,male,0.67,1
nienke,female,1.0,4423
nieves,female,0.98,24014
nigel,male,1.0,81860
nihal,female,0.86,27497
nihan,female,0.92,4033
nihar,male,0.98,5268
niharika,female,1.0,9444
nihat,male,0.98,36716
nijil,male,0.98,163
nijjwal,,0.0,0
nik,male,0.87,55061
nika,female,0.9,26062
nike,female,0.6,4302
nikhel,male,0.94,75
nikhil,male,1.0,91182
niki,female,0.69,29370
nikil,male,0.98,1098
nikita,male,0.58,41128
nikitas,male,0.99,1146
nikki,female,0.98,119187
nikko,male,0.92,2597
nikku,male,0.86,435
niklas,male,1.0,42182
niklaus,male,0.99,1537
niko,male,0.95,48526
nikodem,male,1.0,2084
nikol,female,0.96,17453
nikola,male,0.58,49185
nikolai,male,0.99,19334
nikolaj,male,1.0,8037
nikolajs,male,0.99,164
nikolaos,male,1.0,12635
nikolas,male,0.99,23512
nikolaus,male,1.0,5018
nikolay,male,1.0,37504
nikole,female,0.99,6070
nikolett,female,1.0,8766
nikos,male,0.99,51345
nikta,female,0.83,174
nikunjkumar,male,0.91,9
niky,female,0.66,6761
nil,female,0.55,18010
nilabja,male,0.94,14
niladri,male,0.86,348
nilakantha,male,0.95,104
nilakash,male,0.71,46
nilamani,male,0.94,122
nilanjan,male,0.99,253
nilanjana,female,0.96,200
nilasis,male,0.67,1
nilay,female,0.89,7941
niles,male,0.96,1591
nilesh,male,1.0,60505
nilima,female,0.93,1294
nilmani,male,0.75,51
niloufar,female,1.0,2706
niloy,male,0.96,2077
nils,male,1.0,44756
nils-arne,male,0.95,20
nils-ole,male,0.95,17
nima,male,0.81,14757
nimesh,male,1.0,7491
nimish,male,1.0,3544
nimisha,female,1.0,5634
nimit,male,0.99,2010
nimmala,male,0.93,85
nimrod,male,0.99,4039
nina,female,0.98,375312
ninetta,female,0.99,1408
ning,female,0.72,4776
ning-an,,0.0,0
ning-chen,,0.0,0
ning-hua,,0.0,0
ningbo,male,0.92,23
ningchun,male,0.8,3
ningfei,male,0.75,2
ningfeng,male,0.67,7
ninghua,male,0.67,4
ninghui,female,0.75,6
ningning,female,0.87,261
ningping,male,0.5,2
ningqiang,male,0.67,1
ningsheng,male,0.86,5
ningyu,male,0.54,24
ningyuan,male,0.54,24
ninh,male,0.68,288
nini,female,0.89,28964
ninnat,male,0.5,2
nino,male,0.74,109065
nipanjana,,0.0,0
nipen,male,0.94,215
nir,male,0.96,12492
niraj,male,0.99,23384
nirakar,male,0.96,175
niranjan,male,0.99,19422
niravkumar,male,0.93,13
nirjan,male,0.91,75
nirmal,male,0.97,26653
nirmalya,male,0.97,113
nirman,male,0.82,176
nirupam,male,0.97,181
nirvana,female,0.81,4236
nirwan,male,0.96,144
nisanth,male,0.97,205
nisar,male,0.97,14476
nisarg,male,1.0,2579
niseem,male,0.7,8
nisha,female,0.98,55300
nishad,male,0.98,7160
nishant,male,1.0,33440
nishanth,male,1.0,5684
nisheeta,female,0.71,5
nisheeth,male,0.86,42
nishikanta,male,0.98,80
nishita,female,0.99,2542
nishtha,female,1.0,3467
nissan,male,0.79,1619
nissim,male,0.99,2423
nissrine,female,0.95,4423
nita,female,0.96,29604
nitai,male,0.97,1662
nitesh,male,0.99,32845
nithin,male,1.0,14030
nithyanandan,male,0.96,22
nitin,male,1.0,95784
nitish,male,0.99,20459
nitsan,female,0.57,332
nitu,female,0.69,3467
nitya,female,0.66,897
nityan,male,0.88,14
nitzan,female,0.58,1794
niu,female,0.53,537
niushan,,0.0,0
niv,male,0.93,3615
nivaldo,male,0.99,2827
nivedita,female,1.0,6900
nivya,female,0.9,102
niyaz,male,0.97,6460
nizar,male,0.97,55686
noa,female,0.77,18915
noah,male,0.97,77923
noam,male,0.75,8713
noboru,male,1.0,1362
nobu,female,0.61,1000
nobu-hisa,,0.0,0
nobuaki,male,0.99,304
nobuchika,male,0.9,8
nobuhiko,male,0.99,200
nobuhiro,male,1.0,444
nobuhisa,male,0.99,77
nobuhito,male,0.98,60
nobukatsu,male,0.95,17
nobukazu,male,0.98,49
nobuki,male,0.98,81
nobuko,female,0.99,1280
nobumichi,male,0.94,15
nobunari,male,0.92,11
nobuo,male,1.0,1288
noburo,male,0.88,6
nobushige,male,0.94,14
nobutaka,male,0.99,133
nobuyoshi,male,1.0,422
nobuyuki,male,1.0,2090
nodar,male,0.89,400
nodari,male,0.96,306
nodoka,female,0.96,95
noejung,,0.0,0
noel,male,0.92,55910
noelia,female,0.99,104460
noema,female,0.99,635
noemi,female,0.99,126253
noemie,female,0.99,24819
nof,female,0.8,709
nofar,female,0.98,2323
noga,female,0.96,12743
nohra,female,0.86,635
nojoon,male,0.8,3
nolan,male,0.99,21743
noman,male,0.98,20886
nongnuch,female,0.98,183
nooshin,female,0.99,1233
noppadol,male,0.97,177
nor,female,0.79,90898
nora,female,0.98,227686
norah,female,0.98,16250
norbert,male,1.0,79513
norberto,male,1.0,36027
noriaki,male,0.99,371
norichika,male,0.95,18
noriharu,male,0.75,6
norihide,male,0.98,43
norihiro,male,0.99,182
norihisa,male,0.99,74
norikazu,male,0.99,135
noriki,male,0.92,22
noriko,female,0.99,6406
norimi,female,0.7,42
norine,female,0.93,1969
norio,male,0.99,1478
norisuke,male,0.9,8
norita,female,0.98,3979
noritaka,male,0.98,123
noriyoshi,male,0.98,89
noriyuki,male,0.99,462
norm,male,0.99,18927
norman,male,0.99,88992
norrathep,male,0.67,1
norton,male,0.98,2923
nosheen,female,0.98,2574
noufel,male,0.95,2155
noujan,male,0.67,7
nouman,male,0.99,6409
nour,female,0.75,219661
noura,female,0.96,77964
noureddine,male,0.99,48037
noushin,female,0.97,543
nozer,male,0.96,22
nozhan,male,0.82,36
nozomi,female,0.94,1949
nozomu,male,0.99,169
noé,male,0.8,66550
ntina,female,0.98,1393
nu,female,0.7,4431
nuanwan,female,0.75,2
nudzeim,male,0.67,1
nuh,male,0.93,7319
nujoom,male,0.88,108
nukri,male,0.94,351
nuno,male,1.0,99670
nunzia,female,0.99,28731
nunzio,male,0.99,22782
nuo,female,0.5,278
nurbek,male,0.99,1638
nurettin,male,0.99,22424
nurgissa,male,0.93,13
nuria,female,0.99,94828
nuris,female,0.95,2307
nurit,female,0.99,3549
nuriya,female,0.95,1074
nursel,female,0.97,6991
nurul,female,0.86,130896
nurulla,male,0.96,125
nushkia,,0.0,0
nusrat,female,0.91,12116
nuutti,male,0.99,274
nuwan,male,0.95,1749
nvsen,,0.0,0
nyayabanta,,0.0,0
nyyti,female,0.83,4
nzar,male,0.96,899
néstor,male,1.0,100068
nóra,female,0.98,227686
núria,female,0.99,94828
o-joung,,0.0,0
o-kab,,0.0,0
oana,female,0.97,16246
oanh,female,0.98,4221
obinna,male,0.98,14777
ocan,male,0.66,188
octavi,male,0.95,261
octavia,female,0.99,8970
octavian,male,1.0,7085
octavio,male,1.0,53246
odd,male,0.96,1547
oded,male,0.99,4369
odej,male,0.83,10
odele,female,0.64,67
odest,male,0.71,5
odette,female,0.99,22473
odile,female,0.99,30203
odilon,male,0.99,5548
odim,male,0.84,72
odysseas,male,1.0,578
odí,male,0.59,1825
oem,female,0.81,370
ofek,male,0.81,2884
ofelia,female,0.99,33824
ofer,male,0.97,3311
offer,male,0.91,231
ofir,male,0.61,5159
ofri,female,0.79,1166
ogan,male,0.88,266
ognian,male,0.98,156
ognjen,male,1.0,1354
ognyan,male,0.97,312
oguz,male,0.99,27960
oguzhan,male,0.99,26179
oh-soon,female,0.67,1
ohad,male,1.0,4086
ohjoon,male,0.67,1
oihana,female,0.99,930
ojas,male,0.99,1342
ok-sun,female,0.8,3
okan,male,0.98,64775
oksana,female,0.99,58156
oktay,male,0.98,40552
okuto,male,0.92,11
ol'ga,female,0.99,436
ola,female,0.87,121935
olaf,male,0.99,34515
olalla,female,0.98,1243
olanrewaju,male,0.9,12041
olav,male,1.0,8151
olcay,male,0.86,12803
olcyr,,0.0,0
oldrich,male,0.99,2253
ole,male,0.98,39837
oleg,male,1.0,82741
oleh,male,0.99,4475
oleksandr,male,1.0,15120
oleksandra,female,0.99,1077
oleksii,male,1.0,467
oleksiy,male,1.0,2292
olena,female,1.0,15026
oles,male,0.83,210
olesia,female,0.99,3696
olexandr,male,0.98,252
olexei,male,0.67,1
olfa,female,0.96,13403
olga,female,0.99,476012
olgica,female,0.99,494
olgur,male,0.67,1
olindo,male,1.0,1235
oliver,male,0.99,219331
olivera,female,0.97,6473
olivia,female,0.99,231043
olivier,male,0.99,282488
oliviero,male,0.98,1889
olja,female,0.98,2039
olle,female,0.63,7379
olli,male,0.96,8716
olmo,male,0.97,591
olof,male,0.98,5386
olufemi,male,0.97,9274
olugbenga,male,0.96,2116
oluyemi,male,0.78,2013
olya,female,0.99,14923
olímpio,male,0.98,965
om,female,0.79,233479
omar,male,0.98,923446
omer,male,0.98,188052
omid,male,0.99,33666
omiros,male,0.97,161
omkar,male,1.0,19466
ommolbanin,male,0.5,2
omprakash,male,0.96,4887
omprokash,male,0.89,7
omri,male,0.84,6453
omrit,female,0.67,41
omur,male,0.7,6395
on,male,0.71,4706
on-hei,,0.0,0
ondrea,female,0.98,444
ondrej,male,1.0,18304
ondřej,male,1.0,18304
onel,male,0.95,1283
onkar,male,1.0,7595
onno,male,0.97,1781
onofre,male,0.98,3315
onofrio,male,0.99,5235
onur,male,0.99,121148
onuttom,,0.0,0
oona,female,0.99,3347
opeyemi,male,0.51,10311
or,male,0.75,13655
ora,female,0.78,2233
orad,male,0.76,43
oran,male,0.89,4791
orazio,male,0.99,17765
orcun,male,0.98,3495
ore,male,0.6,1613
oren,male,0.97,10699
orest,male,0.99,1995
oreste,male,0.99,8079
orestis,male,0.99,831
orfeu,male,0.98,49
orgest,male,0.97,540
orhan,male,0.99,107121
ori,male,0.71,7200
orian,male,0.5,794
orif,male,0.73,222
oriol,male,0.99,6882
orion,male,0.91,2529
orit,female,1.0,6842
orizon,male,0.81,41
orlagh,female,1.0,830
orlando,male,0.99,170118
orli,female,0.8,1782
orna,female,0.99,3502
ornela,female,0.98,2764
ornella,female,0.99,40968
oron,male,0.98,769
orr,male,0.69,320
orsola,female,0.99,3733
orsolya,female,0.99,4174
ortrud,female,0.96,80
ortwin,male,1.0,305
ory,male,0.64,1601
osama,male,0.99,172351
osame,male,0.96,209
osamu,male,1.0,3644
osbert,male,0.99,642
oscar,male,0.99,671954
oshri,male,0.91,758
oskar,male,0.99,36817
oskari,male,1.0,2218
oskars,male,0.99,567
osman,male,0.98,232372
osmar,male,1.0,22592
osmin,male,0.98,1692
osung,male,0.91,21
osvaldo,male,1.0,82026
oswaldo,male,1.0,51908
oswin,male,0.96,431
otabek,male,1.0,1309
otakar,male,0.98,1139
otfried,male,0.98,64
othman,male,0.98,34892
othmane,male,0.98,17297
othmar,male,1.0,1549
othmen,male,0.96,1633
othon,male,1.0,1607
otis,male,0.99,9397
otmane,male,0.98,11693
otmar,male,0.99,889
otoniel,male,1.0,7572
ottmar,male,1.0,1085
otto,male,0.99,38854
ottó,male,0.99,38854
otávio,male,1.0,10414
ou,male,0.61,5198
oubo,male,0.73,9
oumaima,female,0.95,33953
oumarou,male,0.93,4127
oumeng,male,0.5,2
ouri,male,0.65,226
ousmane,male,0.99,25844
oussama,male,0.98,132176
outi,female,0.97,2744
ove,male,0.99,8777
ovidiu,male,0.99,9331
owain,male,1.0,1934
owais,male,0.99,7857
owe,male,0.96,474
owen,male,0.99,64189
oxana,female,0.99,19603
oylum,female,0.91,215
oz,male,0.92,7252
ozan,male,0.98,49223
ozcan,male,0.97,23991
ozge,female,0.98,13290
ozgun,male,0.82,1361
ozgur,male,0.96,33308
ozhan,male,0.98,1483
ozlem,female,0.98,44359
oğul,male,0.87,139
oğuz,male,0.99,27960
pa,male,0.73,10802
paata,male,0.98,673
paavo,male,0.99,1625
pabitra,male,0.69,1845
pablo,male,0.99,554810
padmavathi,female,0.89,245
padmini,female,0.99,3744
padraic,male,1.0,2119
padraig,male,1.0,5627
paeiz,female,0.64,9
pai,female,0.88,7554
pai-yen,male,0.75,2
paige,female,1.0,68371
pak,male,0.93,9013
pak-hin,male,0.8,3
pak-yeung,,0.0,0
pakpong,male,0.86,5
palak,female,0.84,1537
palash,male,0.99,9970
pallab,male,0.99,632
pallav,male,0.98,364
pallavi,female,1.0,34023
palle,male,0.97,1572
paloma,female,0.99,82022
pam,female,0.99,173511
pamela,female,1.0,369752
pan,male,0.68,7672
pan-yu,,0.0,0
panagiota,female,0.99,3583
panagiotis,male,1.0,23317
panayiota,female,1.0,830
panayiotis,male,1.0,3305
panayot,male,0.98,113
panayotis,male,0.99,526
panchapakesan,male,0.83,10
pandelis,male,0.99,137
pankaj,male,0.98,27489
panki,male,0.74,150
panlong,male,0.71,5
panos,male,0.99,16081
panpan,male,0.55,536
panqiu,female,0.6,3
pantea,female,0.81,750
pantelimon,male,0.74,90
pantelis,male,1.0,4659
panu,male,0.95,1220
panyue,,0.0,0
paola,female,0.99,514227
paolo,male,1.0,420714
papia,female,0.89,476
pappu,male,0.95,12297
papri,female,0.91,246
parada,male,0.56,200
paraj,male,0.76,19
paramahansa,male,0.75,2
paramasivam,male,0.94,554
parameshwar,male,0.96,132
parameswaran,male,0.97,386
paramita,female,0.98,402
parampreet,male,0.75,79
paramsothy,male,0.95,19
parasara,male,0.83,4
paraschos,male,0.94,16
paraskevas,male,1.0,476
parasmani,male,0.85,25
parastoo,female,0.98,1012
parbati,female,0.86,568
pardeep,male,0.97,17333
parham,male,0.99,3510
paride,male,0.99,3749
parijat,male,0.79,172
parikshit,male,0.99,469
parimal,male,0.97,1264
parimarjan,male,0.67,1
parinaz,female,0.98,586
parinya,male,0.88,221
paris,female,0.51,12600
parisa,female,0.99,15052
paritosh,male,0.96,962
parke,male,0.97,407
paromita,female,0.98,306
parongama,,0.0,0
parsa,male,0.97,6055
parsin,male,0.56,7
parth,male,1.0,25275
partha,male,1.0,15510
parthajit,male,0.96,23
parthanil,male,0.75,2
parthapratim,male,0.97,30
parthasarathi,male,0.99,198
parthiv,male,1.0,1072
parul,female,0.98,17361
parveen,female,0.83,19084
parvinder,male,0.75,947
parviz,male,0.98,3307
parwat,male,0.91,44
pascal,male,0.99,284048
pascale,female,0.99,79473
paschalis,male,1.0,296
pascual,male,0.99,22186
pasha,male,0.94,6620
pasi,male,0.98,6523
pasin,male,0.68,95
pasqua,female,0.93,2890
pasqual,male,0.98,1085
pasquale,male,0.99,129480
pasqualino,male,0.99,4707
pasquier,male,0.53,222
pat,male,0.51,93897
patanamon,,0.0,0
patharadanai,,0.0,0
patric,male,0.96,7243
patrice,female,0.53,109584
patricia,female,1.0,1127820
patricio,male,1.0,86288
patrick,male,1.0,917712
patrik,male,0.99,65409
patrizia,female,1.0,156031
patrizio,male,0.99,18363
patrycja,female,0.99,71154
patryk,male,1.0,56937
patrícia,female,1.0,1127820
pau,male,0.67,33215
paul,male,1.0,1471548
paul-andi,male,0.67,1
paul-antoine,male,0.99,251
paul-christian,male,0.92,11
paul-emile,male,0.99,198
paul-eric,male,0.98,54
paul-gerhard,male,0.93,12
paul-henry,male,0.97,102
paul-konstantin,,0.0,0
paula,female,0.99,601220
pauli,female,0.67,7893
pauliina,female,0.98,2039
paulin,male,0.92,7618
paulina,female,0.99,210839
pauline,female,0.99,236119
paulo,male,1.0,465667
paulsamy,male,0.88,6
pavan,male,0.99,48508
pavana,female,0.69,120
pavankumar,male,0.94,334
pavao,male,0.98,245
pavel,male,0.99,190101
pavithra,female,0.99,11312
pavlo,male,1.0,4885
pavlos,male,1.0,5437
pavol,male,0.99,3661
pawan,male,0.99,66873
pawani,female,0.79,110
pawaton,,0.0,0
pawel,male,1.0,90394
paweł,male,1.0,90394
payal,female,0.99,23369
payam,male,0.99,7462
payel,female,0.82,1468
payman,male,0.97,2152
paz,female,0.86,10597
pearl,female,0.94,14122
peayush,,0.0,0
peco,male,0.88,394
peder,male,1.0,6810
pedram,male,0.99,6604
pedro,male,0.99,953058
peer,male,0.98,8283
peeter,male,0.98,688
peeyush,male,0.98,316
pegdwendé,male,0.91,9
pegor,male,0.8,3
pei,female,0.95,13149
pei-chun,female,0.78,38
pei-en,male,0.5,4
pei-hong,,0.0,0
pei-hsun,male,0.67,1
pei-hung,male,0.67,4
pei-ken,,0.0,0
pei-lun,male,0.5,4
pei-ming,female,0.6,3
pei-pin,male,0.67,1
pei-sen,,0.0,0
pei-sheng,,0.0,0
pei-ying,female,0.95,19
pei-yun,female,0.93,12
peibiao,,0.0,0
peichao,male,0.85,11
peide,male,0.92,11
peifeng,male,0.73,43
peigen,male,0.79,12
peihan,female,0.68,29
peihao,male,0.93,27
peiheng,male,0.67,13
peihong,female,0.68,42
peihuai,male,0.5,2
peijie,male,0.62,53
peijin,female,0.77,28
peijun,female,0.59,93
peilan,female,0.95,19
peili,female,0.92,83
peilin,female,0.75,153
peiling,female,0.99,252
peilong,male,0.89,16
peimeng,female,0.57,5
peiming,male,0.63,22
peining,female,0.67,19
peipei,female,0.93,522
peiqing,female,0.54,33
peiru,female,0.84,43
peisi,female,0.71,40
peitao,male,0.83,4
peixiang,female,0.71,5
peixin,female,0.74,95
peizhao,male,0.83,4
peizhe,male,0.71,12
peizhi,male,0.59,25
pejman,male,0.99,3378
pekka,male,0.99,8343
pekko,male,0.97,117
peleg,male,0.84,463
pencho,male,0.98,327
penelope,female,0.99,24495
peng,male,0.92,19877
peng-bo,,0.0,0
peng-chao,,0.0,0
peng-cheng,male,0.67,1
peng-fei,male,0.75,2
peng-han,,0.0,0
peng-jie,,0.0,0
peng-ju,,0.0,0
peng-jun,male,0.67,1
peng-lu,,0.0,0
peng-yu,male,0.67,4
peng-zhang,,0.0,0
peng-zhi,,0.0,0
pengbo,male,0.93,26
pengcheng,male,0.95,159
pengdong,male,0.83,4
pengfei,male,0.95,367
penghao,male,0.96,21
penghui,male,0.9,58
pengjie,male,0.85,18
pengju,male,0.89,26
pengjun,male,0.94,16
pengke,male,0.5,4
pengming,male,0.88,6
pengning,male,0.67,1
pengpeng,female,0.52,133
pengqi,male,0.78,7
pengtao,male,0.95,20
pengwei,male,0.91,20
pengxia,female,0.6,3
pengxiang,male,0.97,36
pengxuan,male,0.86,5
pengyan,female,0.65,15
pengyu,male,0.84,106
pengyuan,male,0.91,33
pengzi,male,0.67,4
penousal,,0.0,0
pentti,male,1.0,2018
penélope,female,0.99,24495
pepijn,male,0.99,1832
per,male,0.95,19237
per-gunnar,male,0.98,47
per-olof,male,0.99,351
percy,male,0.98,42379
pere,male,0.96,9979
peredur,male,0.92,11
peregrine,male,0.81,72
perla,female,0.99,58583
perry,male,0.88,13224
perseas,male,0.93,25
persi,male,0.8,496
pertti,male,0.99,2668
petar,male,1.0,27034
pete,male,1.0,120135
peter,male,1.0,1352696
petia,female,0.9,1033
petja,male,0.73,319
petr,male,0.99,186980
petra,female,0.99,278844
petre,male,0.93,7792
petri,male,0.82,10862
petro,male,0.81,11629
petros,male,0.99,16558
petru,male,0.97,6972
petrônio,male,0.98,393
petter,male,1.0,13286
petteri,male,1.0,2524
petya,female,0.72,2309
pew-thian,,0.0,0
peyman,male,0.96,5992
peyton,female,0.57,3275
pgl,male,0.72,66
phaedon,male,0.92,24
phairot,male,0.9,37
pham,male,0.54,2966
phan,male,0.6,2233
phani,male,0.91,1066
phanibhusan,male,0.75,2
phanish,male,0.93,13
phanuel,male,0.98,1002
phee,male,0.56,162
pheneas,male,0.97,36
phiala,female,0.75,2
phil,male,0.99,221484
phila,female,0.55,2635
philip,male,1.0,259692
philipp,male,1.0,71564
philipp-immanuel,male,0.67,1
philippa,female,1.0,12767
philippas,male,0.91,9
philippe,male,1.0,357467
philippos,male,1.0,816
phill,male,0.99,9221
phillial,,0.0,0
phillip,male,1.0,123887
phillipa,female,1.0,2706
phillipo,male,0.96,55
phillipp,male,1.0,846
phoebe,female,1.0,33139
phokion,,0.0,0
phongpichit,,0.0,0
photios,male,0.94,14
phuc,male,0.82,1048
phung,female,0.66,868
phuoc-tai,male,0.67,1
phuong,female,0.79,5554
phuong-anh,female,0.97,33
phyllis,female,1.0,66224
phùng,female,0.66,868
pi,male,0.67,5201
pia,female,0.99,78166
pian,male,0.85,991
pier,male,0.97,14681
pier-emmanuel,,0.0,0
pier-stefano,,0.0,0
pierangelo,male,1.0,4838
pierbiagio,male,0.91,9
piercarlo,male,1.0,959
pierce,male,0.99,5493
pieremanuele,male,0.75,2
pierfrancesco,male,0.99,2856
pierfranco,male,0.99,706
piergiacomo,male,1.0,229
piergiorgio,male,0.99,4400
piergiulio,male,0.99,132
pierluca,male,0.99,1125
pierluigi,male,1.0,18700
piermarco,male,0.99,158
piero,male,0.99,90257
pierpaolo,male,1.0,12957
pierre,male,0.99,380234
pierre-alain,male,0.99,1260
pierre-alexandre,male,1.0,960
pierre-amaury,male,0.94,14
pierre-andré,male,0.99,602
pierre-antoine,male,0.99,1295
pierre-damien,male,0.98,43
pierre-emmanuel,male,1.0,815
pierre-etienne,male,0.99,264
pierre-françois,male,1.0,454
pierre-guy,male,0.97,37
pierre-henri,male,0.99,667
pierre-jean,male,0.99,1355
pierre-louis,male,0.99,1683
pierre-loïc,male,0.98,49
pierre-luc,male,0.99,546
pierre-marie,male,0.99,1048
pierre-michel,male,0.99,204
pierre-nicholas,male,0.67,1
pierre-olivier,male,1.0,835
pierre-philippe,male,0.99,150
pierre-yves,male,0.99,3894
pierrick,male,0.99,8460
pierros,male,0.92,36
piers,male,0.99,3206
piet,male,0.95,22842
pieter,male,1.0,64734
pieterjan,male,1.0,462
pietro,male,1.0,160117
pijush,male,0.98,604
pik-mai,,0.0,0
pik-yin,female,0.67,1
pilar,female,0.99,120908
piljin,male,0.75,2
pilkyung,,0.0,0
pim,male,0.82,7550
pimonpan,female,0.92,10
pin,male,0.58,2922
pin-gao,,0.0,0
pin-ju,,0.0,0
pin-wen,female,0.6,3
pina,female,0.98,51968
pinaki,male,0.9,360
pinakinath,,0.0,0
ping,female,0.61,8705
ping-heng,male,0.5,2
ping-shou,,0.0,0
ping-xing,,0.0,0
pingal,male,0.86,19
pingbing,,0.0,0
pingfan,male,0.85,18
pinghui,female,0.65,15
pingping,female,0.85,572
pingwen,male,0.5,4
pingyi,female,0.55,20
pingyuan,male,0.86,5
pingzhi,male,0.71,5
pingzhong,male,0.67,1
pinjia,male,0.67,4
pinka,female,0.6,332
pinku,male,0.88,2255
pintu,male,0.95,12143
pinxin,male,0.67,4
pinyan,female,0.57,5
pinyi,female,0.73,13
piotr,male,1.0,226987
pisheng,,0.0,0
pisin,male,0.63,6
pitayuth,,0.0,0
piyabut,male,0.88,6
piyali,female,0.98,544
piyanat,male,0.54,39
piyush,male,1.0,42976
pjotr,male,0.99,595
placido,male,0.99,6893
plamen,male,0.99,3710
po,male,0.79,10869
po-an,male,0.78,7
po-chen,male,0.8,8
po-chieh,,0.0,0
po-chun,male,0.75,10
po-feng,male,0.8,3
po-hao,male,0.86,5
po-hsin,male,0.75,2
po-lam,male,0.67,1
po-ling,female,0.6,3
po-ning,male,0.67,1
po-shen,male,0.67,4
po-yan,,0.0,0
po-yao,male,0.75,2
pochung,male,0.8,8
pok,male,0.93,3872
pol,male,0.97,21580
polina,female,0.99,30101
polly,female,0.98,27774
polona,female,0.98,729
polychronis,male,0.98,40
polyvios,male,0.98,53
pongpat,male,0.96,70
ponnurangam,male,0.93,13
pontus,male,0.99,3361
pooja,female,0.99,107844
poojan,male,0.99,817
poolad,male,0.82,15
poom,male,0.6,365
poompong,male,0.8,3
poonam,female,0.99,39727
pooneh,female,0.98,370
pooya,male,0.99,2921
pooyan,male,0.98,429
pornpit,female,0.88,6
poshak,male,0.81,14
poul,male,0.99,11326
poulami,female,0.95,162
poulose,male,0.96,159
pouria,male,0.99,1375
pourya,male,0.99,912
pouya,male,0.99,5757
pouyan,male,0.98,598
pouyeh,female,0.89,7
prabal,male,0.98,330
prabha,female,0.55,2445
prabhakar,male,0.98,2896
prabhanjan,male,0.98,90
prabhat,male,1.0,15352
prabhatasree,,0.0,0
prabhu,male,0.97,5465
prabhupada,male,0.92,11
prabir,male,0.97,1006
prabodh,male,0.98,201
pracheta,female,0.54,11
prachi,female,1.0,22958
pradeep,male,1.0,115853
pradip,male,0.97,9343
pradipta,male,0.91,336
prado,female,0.73,1463
praful,male,0.98,1622
prafulla,male,0.82,634
prafullkumar,male,0.67,1
pragati,female,0.99,7177
pragya,female,1.0,8353
prahar,male,0.88,22
prahlad,male,0.99,4586
prahladh,male,0.9,8
prajakta,female,0.97,595
prajamitra,,0.0,0
prajoy,male,0.8,3
prajwal,male,1.0,6609
prajyoti,female,0.56,7
prakash,male,0.99,108671
pramath,male,0.96,21
pramey,male,0.8,13
pramit,male,0.99,1238
pramod,male,0.99,63449
pran,male,0.78,632
pranab,male,0.98,1473
pranabendu,male,0.75,2
pranav,male,1.0,27022
pranava,male,0.8,43
pranay,male,1.0,12787
praneeth,male,1.0,3958
pranendu,male,0.75,2
pranjal,male,0.84,1376
pranjupriya,,0.0,0
pranshu,male,0.99,2210
prantar,male,0.89,7
prantik,male,0.99,125
prantika,female,0.93,28
praphulla,male,0.78,30
prarit,male,0.8,8
prasad,male,0.99,56518
prasana,male,0.66,237
prasanjit,male,0.96,399
prasanna,male,0.83,4619
prasant,male,0.97,1212
prasanta,male,0.97,2427
prasanth,male,0.98,4300
prasenjit,male,0.97,1619
prashant,male,1.0,101200
prashanta,male,0.96,535
prashanth,male,1.0,20950
prashun,male,0.97,27
prasit,male,0.96,390
prasoon,male,0.97,361
prasun,male,0.98,357
pratap,male,0.98,3773
pratapaditya,male,0.75,2
prateek,male,1.0,23035
prateesh,male,0.9,28
prathamesh,male,1.0,852
prathapasinghe,male,0.67,1
pratibha,female,0.98,1829
pratik,male,1.0,43605
pratika,female,0.86,56
prativa,female,0.94,184
pratulananda,,0.0,0
pratyaksh,male,0.98,43
pratyay,male,0.97,27
pratyush,male,1.0,4652
pravabati,female,0.75,2
praveen,male,1.0,103565
pravesh,male,0.96,1606
pravin,male,1.0,49554
pravir,male,0.99,70
praween,male,0.94,94
prayush,male,0.92,11
preben,male,0.99,1683
precious,female,0.91,66326
predrag,male,1.0,12066
preetam,male,0.99,4017
preetha,female,0.97,690
preethi,female,0.99,12184
preeti,female,1.0,37830
preetish,male,0.95,41
preksha,female,1.0,1509
prem,male,0.97,64405
premala,female,0.95,117
premkumar,male,0.97,935
premomoy,male,0.8,3
prerna,female,1.0,10550
prerona,female,0.95,36
preston,male,1.0,25019
primitivo,male,1.0,2589
primoz,male,0.99,705
primož,male,0.99,705
prince,male,0.97,132720
prineha,,0.0,0
priodyuti,,0.0,0
priscila,female,1.0,104175
priscilla,female,1.0,119788
pritam,male,0.99,17643
prithvi,male,0.99,5016
prithwijit,male,0.93,13
prithwish,male,0.95,60
priti,female,0.99,19762
pritom,male,0.96,504
priya,female,0.98,107848
priyabrata,male,0.98,239
priyadarshi,male,0.82,106
priyadarshini,female,0.97,268
priyadip,male,0.8,3
priyam,male,0.96,3339
priyamvada,female,0.95,83
priyank,male,0.99,8121
priyanka,female,1.0,119240
priyankur,male,0.89,7
priyanshi,female,0.99,2952
priyantha,male,0.94,1454
priyavrat,male,0.78,7
priyo,male,0.94,420
priyotosh,male,0.9,27
procolo,male,0.98,205
projesh,male,0.97,27
projjwal,male,0.86,5
promit,male,0.94,106
promita,female,0.92,36
pronobesh,male,0.92,10
prosenjit,male,0.98,1005
prosper,male,0.96,13065
protik,male,0.96,167
prudhvi,male,0.97,428
przemek,male,1.0,26457
przemyslaw,male,1.0,11278
przemysław,male,1.0,11278
pu,male,0.57,1663
pu-kun,,0.0,0
pu-zhao,,0.0,0
pubudu,male,0.92,262
puck,female,0.8,1526
pudong,male,0.88,6
puja,female,0.96,24073
pujian,male,0.7,8
pujitha,female,0.55,72
pujuan,female,0.67,1
pulak,male,0.98,574
pulastya,male,0.86,5
pulickel,,0.0,0
pulkit,male,0.98,858
pulong,male,0.6,8
punam,female,0.93,6980
puneet,male,0.88,3355
punit,male,1.0,9721
punita,female,0.93,467
punyabrata,male,0.86,5
punyakoti,,0.0,0
punyashloka,male,0.67,1
puqing,male,0.6,3
puragra,,0.0,0
purba,female,0.54,163
purbarun,,0.0,0
purbasha,female,0.95,38
purnamrita,,0.0,0
purnaprajna,male,0.75,2
purnendu,male,0.98,209
purnima,female,0.98,8156
purusattam,male,0.6,3
purusottam,male,0.97,180
purvi,female,1.0,4599
pushkal,male,0.87,52
pushpak,male,0.98,192
pushpendra,male,0.98,1399
puskar,male,0.95,499
puttipong,male,0.97,34
puxun,,0.0,0
puya,male,0.9,380
pye,male,0.63,114
pyeongjae,male,0.67,1
pyo-woong,,0.0,0
pyungwon,male,0.86,5
pál,male,0.86,6234
päivi,female,1.0,6835
pär,male,0.51,4794
pål,male,0.86,6234
péter,male,1.0,1352696
přemysl,male,1.0,692
qahhar,male,0.96,25
qaisar,male,0.97,5226
qammer,male,0.82,36
qanitah,female,0.92,11
qazwan,male,0.67,1
qi,male,0.85,13672
qi'an,male,0.75,2
qi-an,,0.0,0
qi-bin,,0.0,0
qi-bo,,0.0,0
qi-chao,,0.0,0
qi-fan,,0.0,0
qi-fang,,0.0,0
qi-huo,,0.0,0
qi-jun,,0.0,0
qi-kai,,0.0,0
qi-kun,,0.0,0
qi-man,,0.0,0
qi-ming,,0.0,0
qi-nan,,0.0,0
qi-qi,female,0.67,1
qi-rong,,0.0,0
qi-shu,,0.0,0
qi-xin,,0.0,0
qi-yi,,0.0,0
qian,male,0.81,11536
qian-cheng,,0.0,0
qian-fei,,0.0,0
qian-qian,,0.0,0
qian-qing,,0.0,0
qiana,female,1.0,1437
qianchang,female,0.67,1
qiancheng,male,0.78,16
qianfan,female,0.58,10
qiang,male,0.95,1910
qiang-hua,,0.0,0
qiangqiang,male,0.94,30
qiangsheng,male,0.91,9
qiangwei,male,0.5,18
qianhang,male,0.75,2
qianheng,male,0.8,3
qianjun,female,0.64,12
qianlan,female,0.87,13
qianli,male,0.8,49
qianni,female,0.97,34
qianqian,female,0.97,390
qianqiao,female,0.67,1
qianshu,female,0.57,5
qianxia,female,0.78,7
qianyun,female,0.98,50
qianzhi,male,0.5,8
qiao,female,0.71,799
qiao-chu,male,0.67,1
qiao-yan,,0.0,0
qiaohua,female,0.67,4
qiaoli,female,0.95,37
qiaoliang,male,0.8,3
qiaolin,female,0.82,26
qiaoling,female,0.98,101
qiaolu,female,0.8,3
qiaoni,female,0.89,7
qiaoqiao,female,0.92,82
qiaosheng,male,0.71,5
qiaoxia,female,0.88,6
qiaoya,female,0.91,9
qiaoyan,female,0.97,30
qiben,male,0.5,2
qibin,male,0.9,28
qibo,male,0.81,24
qicheng,male,0.88,24
qichun,male,0.82,9
qicong,male,0.83,10
qidong,male,0.87,28
qifa,male,0.67,25
qifan,male,0.74,59
qifeng,male,0.81,87
qiguo,male,0.92,11
qihan,male,0.59,35
qihang,male,0.81,45
qihao,male,0.86,55
qihong,male,0.59,49
qihua,male,0.64,43
qihuang,male,0.83,4
qihui,female,0.64,75
qiji,male,0.72,16
qijie,male,0.76,19
qijin,male,0.57,21
qijun,male,0.76,68
qikai,male,0.92,24
qilao,,0.0,0
qile,male,0.57,28
qiliang,male,0.92,24
qilin,male,0.67,82
qimei,female,0.81,25
qimen,male,0.83,4
qimeng,female,0.56,25
qimiao,male,0.5,6
qimin,female,0.6,50
qiming,male,0.85,140
qin,female,0.72,2216
qin-he,,0.0,0
qin-qin,female,0.67,1
qin-song,,0.0,0
qin-tao,,0.0,0
qinan,male,0.71,29
qinbing,female,0.67,1
qinbo,male,0.78,7
qinfeng,male,0.67,16
qing,female,0.89,10340
qing-bo,,0.0,0
qing-cui,,0.0,0
qing-dong,male,0.67,1
qing-feng,,0.0,0
qing-ge,,0.0,0
qing-guo,,0.0,0
qing-hong,female,0.67,1
qing-hu,,0.0,0
qing-hua,,0.0,0
qing-ming,,0.0,0
qing-qing,,0.0,0
qing-rui,,0.0,0
qing-shou,,0.0,0
qing-wen,,0.0,0
qing-wu,,0.0,0
qing-zeng,,0.0,0
qing-zhu,,0.0,0
qingan,male,0.85,11
qingbin,male,0.94,34
qingbo,male,0.84,35
qingchen,male,0.7,18
qingchun,male,0.77,29
qingcui,female,0.83,4
qingdi,male,0.7,8
qingdong,male,0.89,16
qingfang,female,0.64,20
qingfeng,male,0.9,113
qingfu,male,0.89,17
qingguang,male,0.86,5
qingguo,male,0.76,27
qinghai,male,0.94,31
qinghua,male,0.54,184
qinghui,male,0.61,57
qingjiang,male,0.82,9
qingjuan,female,0.7,8
qingjun,male,0.93,27
qingkai,male,0.9,18
qinglai,male,0.73,9
qinglin,male,0.72,76
qingling,female,0.85,58
qinglong,male,0.98,51
qingmin,male,0.6,23
qingming,male,0.92,23
qingna,female,0.88,6
qingpeng,male,0.85,11
qingqi,male,0.71,15
qingqing,female,0.91,390
qingshan,male,0.89,55
qingshuo,male,0.86,5
qingsong,male,0.94,88
qingtang,male,0.86,5
qingtian,male,0.57,21
qingwen,female,0.56,62
qingxiang,male,0.69,34
qingxin,female,0.51,45
qingxiuxiong,,0.0,0
qingyan,female,0.78,39
qingyang,male,0.57,90
qingyi,female,0.66,83
qingyin,female,0.73,9
qingying,female,0.89,34
qingyong,male,0.83,16
qingyou,male,0.8,8
qingyu,male,0.52,107
qingyuan,male,0.69,73
qingze,male,0.5,12
qingzhen,female,0.56,14
qingzhi,male,0.63,33
qingzhong,male,0.88,15
qinheping,,0.0,0
qinhua,female,0.57,19
qinjun,male,0.83,4
qinmeng,male,0.5,2
qinming,male,0.78,7
qinqing,female,0.75,10
qinru,female,0.8,8
qinwen,female,0.64,23
qinxiang,female,0.75,2
qiong,female,0.89,521
qionghai,,0.0,0
qiongling,female,0.8,3
qiongqiong,female,0.96,25
qiongxiang,female,0.75,2
qiongyi,female,0.75,6
qipeng,male,0.96,24
qiqi,female,0.86,1166
qiqin,female,0.73,20
qiran,male,0.64,26
qirong,male,0.55,27
qisheng,male,0.89,35
qisi,male,0.62,11
qiu-sheng,,0.0,0
qiu-yi,,0.0,0
qiugang,male,0.67,1
qiuhan,female,0.81,14
qiuhong,female,0.91,51
qiuhua,female,0.65,38
qiujiang,female,0.67,1
qiulin,female,0.54,22
qiumei,female,0.97,36
qiuming,male,0.68,29
qiunan,female,0.67,7
qiuping,female,0.88,102
qiuqiang,male,0.75,2
qiusheng,male,0.77,20
qiushi,male,0.64,73
qiuwei,female,0.63,17
qiuyan,female,0.98,84
qiuye,female,0.68,20
qiuyun,female,0.92,63
qiwei,male,0.74,118
qiwen,female,0.67,124
qixiang,male,0.87,36
qixin,male,0.56,55
qiyang,male,0.74,52
qiyi,female,0.65,35
qiyu,male,0.58,70
qiyuan,male,0.65,73
qiyue,female,0.65,35
qizhang,male,0.86,12
qizheng,male,0.88,15
qizhi,male,0.75,34
qizhong,male,0.73,9
qizhou,male,0.8,3
quan,male,0.87,3399
quan-hui,,0.0,0
quan-lin,female,0.67,1
quan-yi,,0.0,0
quan-zhi,,0.0,0
quanbo,male,0.75,2
quang,male,0.99,12226
quang-cuong,,0.0,0
quang-doanh,,0.0,0
quanhao,male,0.86,5
quanhua,male,0.64,9
quanli,male,0.85,11
quanling,female,0.75,2
quanlong,male,0.89,7
quanmin,male,0.6,3
quanming,male,0.8,3
quanquan,male,0.52,46
quansen,male,0.75,2
quansheng,male,0.96,25
quanting,male,0.67,1
quanxi,male,0.73,9
quanyan,female,0.67,1
quanying,female,0.67,10
quanzhi,female,0.57,5
quazi,male,0.98,1599
qudsia,female,0.97,250
quentin,male,1.0,109328
quimey,female,0.53,119
quinn,male,0.71,4435
quintin,male,0.99,7647
quirin,male,0.94,319
quitzé,female,0.56,25
qun,female,0.52,515
qun-li,,0.0,0
qun-ying,,0.0,0
qunbi,male,0.67,1
qunshuo,,0.0,0
quntao,female,0.67,1
qunying,female,0.93,41
quoc,male,0.99,5146
quoc-hung,male,0.88,6
quoc-viet,male,0.9,8
qurrat-ul-ain,female,0.71,5
quy,male,0.93,2523
quyu,male,0.75,2
quôc,male,0.99,5146
ra'fat,male,0.99,249
raam,male,0.92,2500
raamis,male,0.94,16
rabah,male,0.96,32125
raban,male,0.83,187
rabia,female,0.91,60709
rabin,male,0.94,4248
rabindra,male,0.96,3006
rabindranath,male,0.97,230
rabiul,male,0.96,4096
rachael,female,1.0,89619
rachata,male,0.77,81
rachel,female,1.0,510050
rachele,female,0.99,20322
rachid,male,0.98,330057
rachidi,male,0.83,1056
rachik,male,0.94,193
rachit,male,1.0,6111
rachitesh,,0.0,0
rad,male,0.83,6450
rade,male,0.97,6007
radek,male,0.99,61248
radha,female,0.89,23473
radhakrishna,male,0.99,401
radhakrishnan,male,0.98,1694
radhe,male,0.92,3061
radhika,female,0.99,27467
radim,male,0.99,9248
raditya,male,0.92,377
radja,female,0.55,967
radko,male,0.98,442
radmila,female,0.99,3448
radomyra,,0.0,0
radomír,male,0.99,1930
radoslav,male,0.99,7998
radoslaw,male,1.0,6934
radostin,male,0.99,398
radosław,male,1.0,6934
radouan,male,0.98,4527
radouane,male,0.98,8658
radovan,male,0.99,4323
radu,male,0.94,31795
rae,female,0.78,4765
raed,male,0.98,31506
raf,male,0.92,12082
rafael,male,1.0,637217
rafail,male,0.98,836
rafal,male,0.99,50239
rafatul,male,0.87,13
rafayel,male,0.94,257
rafał,male,0.99,50239
rafe,male,0.95,2423
rafeel,male,0.95,97
rafel,male,0.99,3526
raffael,male,0.99,3873
raffaela,female,0.99,11094
raffaele,male,0.99,121826
raffaella,female,1.0,58522
raffaello,male,0.99,3379
raffi,male,0.93,5205
rafia,female,0.94,4205
rafid,male,0.99,1764
rafikul,male,0.94,1941
rafiqul,male,0.96,6649
rafsan,male,0.96,843
ragesh,male,0.98,938
raghav,male,1.0,14906
raghavan,male,0.99,537
raghavendra,male,0.99,1611
raghu,male,0.97,5567
raghubar,male,0.94,50
raghunandan,male,0.96,257
raghunath,male,0.98,1290
raghunathan,male,0.98,105
raghuvansh,male,0.98,39
raghuveer,male,0.95,641
raghvendra,male,0.98,622
raghwendra,male,0.98,90
ragnar,male,0.99,5857
ragnhild,female,1.0,4430
raheam,male,0.94,29
raheem,male,0.95,13671
raheleh,female,0.98,579
rahif,male,0.75,135
rahil,male,0.53,4927
rahim,male,0.97,49988
rahool,male,0.91,136
rahul,male,0.99,305222
rai,male,0.76,9841
raia,female,0.83,1006
raid,male,0.96,8109
raik,male,0.99,1002
raimar,male,0.72,110
raimel,male,0.94,29
raimon,male,0.99,2137
raimund,male,1.0,4302
raimundas,male,0.98,459
raimundo,male,1.0,33410
rain,male,0.51,7474
rainald,male,0.98,56
rainer,male,0.99,20923
rainis,male,0.88,46
rair,male,0.94,120
raissa,female,0.99,20602
raj,male,0.97,202589
raja,male,0.79,108948
rajagopalan,male,0.95,185
rajai,male,0.94,639
rajamani,male,0.68,309
rajamanickam,male,0.97,153
rajan,male,0.98,47811
rajaraman,male,0.95,123
rajarshi,male,0.99,262
rajasekhar,male,0.98,570
rajat,male,1.0,34518
rajath,male,0.95,159
rajdeep,male,0.85,1569
rajeeb,male,0.97,354
rajeev,male,1.0,54098
rajen,male,0.98,4253
rajendra,male,0.99,56125
rajes,male,0.54,1767
rajesh,male,0.99,242369
rajeshwari,female,0.98,647
rajeswari,female,0.93,961
rajgopal,male,0.99,78
rajib,male,0.96,10198
rajibul,male,0.95,489
rajinder,male,0.94,11433
rajit,male,0.97,1282
rajitha,female,0.66,786
rajiv,male,1.0,39428
rajko,male,1.0,2855
rajkumar,male,0.98,39022
rajmohan,male,0.96,340
rajmund,male,0.99,1031
rajneesh,male,1.0,7571
rajsekhar,male,0.97,60
raju,male,0.97,135601
rajveer,male,0.97,7060
rajyavardhan,male,0.83,4
rakesh,male,0.99,158235
rakhi,female,0.98,10959
rakibur,male,0.95,93
raktim,male,0.98,204
raktima,female,0.93,12
ralf,male,1.0,78249
ralf-arno,male,0.67,1
ralf-dieter,male,0.97,28
ralf-jürgen,male,0.94,14
ralf-peter,male,0.99,109
ralihe,,0.0,0
ralph,male,1.0,126061
ralu,female,0.91,1069
raluca,female,0.98,10597
raluca-maria,female,0.95,19
ralucca,female,0.78,7
ram,male,0.97,156112
rama,female,0.66,37357
ramachandran,male,0.96,1944
ramachrisna,male,0.67,1
ramadan,male,0.98,32530
ramakanta,male,0.97,278
ramakrishna,male,0.98,1930
ramakrishnan,male,0.97,1113
ramamoorthy,male,0.97,314
raman,male,0.94,31645
ramanakumar,male,0.88,6
ramanathan,male,0.97,817
ramandeep,female,0.5,1152
ramani,female,0.87,3633
ramanjit,female,0.53,120
ramavarmaraja,,0.0,0
ramazan,male,0.99,171053
ramesh,male,0.98,160870
rameshwar,male,0.97,1868
rami,male,0.96,75633
ramij,male,0.95,255
ramil,male,0.99,11791
ramin,male,0.99,23493
ramina,female,0.98,1179
ramiro,male,1.0,90506
ramis,male,0.96,3734
ramit,male,0.9,456
ramiz,male,0.98,10957
ramji,male,0.94,2015
ramkishor,male,0.95,530
ramkrishna,male,0.97,734
ramon,male,0.99,235671
ramona,female,0.99,98282
ramotholo,male,0.67,1
rampei,male,0.8,3
ramprasad,male,0.97,986
ramses,male,0.98,10041
ramsès,male,0.98,10041
ramsés,male,0.98,10041
ramtin,male,0.98,984
ramviyas,male,0.67,1
ramy,male,0.97,64663
ramyad,male,0.86,19
ramzi,male,0.97,49338
ramzil,male,0.96,55
ramón,male,0.99,235671
ran,male,0.57,10532
rana,female,0.68,182699
ranabir,male,0.97,73
ranadeep,male,0.98,47
ranadip,male,0.94,34
ranajay,male,0.88,15
ranajit,male,0.97,406
rance,male,0.95,1348
randa,female,0.98,35205
randal,male,0.99,8372
randall,male,1.0,51620
randell,male,0.99,2684
randolf,male,1.0,1862
randy,male,0.99,223940
ranendu,male,0.8,3
ranesh,male,0.98,169
rang,male,0.8,574
ranga,male,0.93,2052
ranga-ram,,0.0,0
rangarajan,male,0.98,119
rangeet,male,0.94,107
rangel,male,0.96,4259
rangga,male,0.94,1448
rangrang,male,0.71,12
raniere,male,0.97,237
ranieri,male,0.94,879
ranita,female,0.93,1677
ranjan,male,0.97,22874
ranjana,female,0.98,8173
ranjeev,male,0.98,159
ranjini,female,0.94,605
ranjit,male,0.96,34191
ranjita,female,0.91,910
ranjith,male,0.98,6698
rankeya,male,0.67,1
rann,male,0.53,167
ranran,female,0.61,120
ranveer,male,0.99,4127
rao,male,0.94,4960
raouf,male,0.97,26057
raoul,male,0.99,23277
raphael,male,0.99,136653
raphaël,male,0.99,136653
raphaëlle,female,0.99,5378
raquel,female,0.99,324896
rashbihari,male,0.86,12
rasheed,male,0.98,29634
rashi,female,0.58,1770
rashid,male,0.98,74745
rashidah,female,0.99,2779
rashidul,male,0.95,869
rashied,male,0.99,668
rashina,female,0.99,139
rashmi,female,0.99,40619
rasit,male,0.99,5380
rasmus,male,1.0,26569
rasool,male,0.98,7374
rasoul,male,0.98,2244
rastislav,male,0.99,1345
rastko,male,0.99,159
ratan,male,0.97,14420
ratana,male,0.81,1131
ratbay,male,0.67,1
rathin,male,0.98,288
rathish,male,0.96,368
rathul,male,0.93,27
rati,female,0.61,1329
ratikanta,male,0.97,183
ratindranath,,0.0,0
ratna,female,0.81,6608
ratnadwip,male,0.67,1
ratnesh,male,0.97,953
ratsiri,female,0.75,2
ratul,male,0.96,1707
raul,male,0.99,414732
raula,female,0.69,111
raushan,male,0.8,6996
ravi,male,0.99,230899
ravid,male,0.61,595
ravikant,male,0.98,708
ravinder,male,0.88,6735
ravindra,male,1.0,42429
raviraj,male,0.99,637
ravishankar,male,0.99,686
ravit,female,0.95,1201
ravitej,male,0.93,40
raviv,male,0.98,520
ravshan,male,0.99,860
rawa,female,0.82,2198
rawad,male,0.95,6005
ray,male,0.98,246565
ray-kuang,,0.0,0
raya,female,0.93,10304
rayan,male,0.82,79504
raymond,male,1.0,235367
raymundo,male,0.99,23715
rayna,female,0.98,4990
rayssa,female,0.99,8641
raytcho,male,0.88,6
rayyan,male,0.83,4602
raz,male,0.84,10156
raza,male,0.96,17820
razane,female,0.94,1704
razi,male,0.92,7459
razib,male,0.97,1541
razieh,female,0.98,532
razmik,male,0.99,412
razvan,male,0.99,10703
raí,male,0.76,9841
raúl,male,0.99,414732
raül,male,0.99,414732
rb,male,0.88,4753
re'em,male,0.86,41
re-bing,,0.0,0
rebeca,female,0.99,94894
rebecca,female,1.0,492291
rebekah,female,1.0,37582
rebekka,female,0.99,8190
recai,male,0.98,5073
recep,male,0.98,80764
reda,male,0.92,112029
rediet,female,0.93,619
redowan,male,0.95,171
reece,male,0.98,9838
reed,male,0.98,13000
reem,female,0.97,97360
reese,male,0.6,2327
reet,female,0.92,2024
reetam,male,0.83,16
reetika,female,0.95,166
regina,female,0.99,206686
reginald,male,1.0,35274
regine,female,0.99,27432
regio,male,0.95,269
regner,male,0.97,184
rehan,male,0.9,18070
rehana,female,0.97,9063
rei,male,0.69,3726
reidun,female,0.99,511
reihaneh,female,0.99,217
reiichiro,male,0.9,8
reijo,male,1.0,2095
reik,male,0.97,655
reika,female,0.99,810
reiko,female,0.81,1648
reimar,male,0.87,181
reimer,male,0.95,241
reimundo,male,0.99,438
reinaldo,male,1.0,50697
reiner,male,1.0,14049
reinhard,male,1.0,23771
reinhold,male,1.0,8861
reinier,male,1.0,6489
reinis,male,0.93,293
reinoud,male,1.0,296
reinout,male,1.0,504
reizo,male,0.84,17
rejish,male,0.97,61
reka,female,0.95,5757
rekha,female,0.99,31057
relinde,female,0.97,73
rembert,male,0.99,443
remco,male,1.0,10915
remi,male,0.92,38135
remie,female,0.71,1205
remigiusz,male,1.0,2847
remington,male,0.9,502
remke,female,0.72,120
remko,male,1.0,1568
remo,male,0.85,24535
remy,male,0.91,35909
ren,male,0.89,25256
ren-bao,,0.0,0
ren-hong,,0.0,0
ren-song,,0.0,0
ren-xin,,0.0,0
ren-you,,0.0,0
renan,male,0.99,52762
renann,male,0.99,65
renat,male,0.95,3897
renata,female,1.0,241813
renate,female,1.0,45312
renato,male,1.0,194978
renaud,male,0.99,26041
renbin,male,0.84,17
renbo,male,0.93,25
rencai,male,0.67,1
renchang,male,0.8,3
renchi,male,0.75,22
rene,male,0.94,160843
renee,female,0.99,154307
renhong,male,0.73,9
renhua,male,0.78,16
renjan,male,0.92,75
renjie,male,0.88,185
renjun,male,0.79,37
renkai,male,0.89,17
renke,male,0.75,171
renkun,male,0.83,4
renming,male,0.8,8
rennan,male,1.0,2314
renske,female,1.0,2196
renu,female,0.97,21106
renuka,female,0.98,15615
renwen,female,0.75,6
renwick,male,0.99,352
renxin,male,0.6,3
renyu,male,0.64,31
renyuan,male,0.79,26
renyue,male,0.5,2
renzo,male,1.0,53513
renzun,,0.0,0
rené,male,0.94,160843
renée,female,0.99,154307
reona,female,0.89,301
reshef,male,0.96,52
reshmi,female,0.99,4394
reto,male,0.96,4681
reuben,male,0.99,24259
reut,female,0.99,3925
reuven,male,0.99,2871
revaz,male,0.97,238
rex,male,0.99,38902
reyan,male,0.77,1029
reyer,male,0.95,91
reynald,male,0.99,5371
reynier,male,0.97,1122
reynold,male,1.0,4318
reza,male,0.98,121928
rezki,male,0.94,2255
rhea,female,0.98,6598
rhea-silvia,female,0.67,1
rhine,female,0.59,123
rhita-maria,,0.0,0
rhitaja,,0.0,0
rhodes,male,0.7,221
rhodri,male,1.0,458
rhorry,,0.0,0
rhys,male,0.99,8855
rhythm,male,0.72,76
riano,male,0.84,168
riasat,male,0.97,1251
ribamar,male,0.98,578
ribhu,male,0.94,32
ric,male,0.99,22565
ricard,male,0.99,9839
ricarda,female,0.99,5872
ricardo,male,1.0,782304
riccarda,female,0.99,862
riccardo,male,1.0,182009
rich,male,0.99,114409
richa,female,0.99,25439
richard,male,1.0,1164111
richarj,male,0.67,1
richeng,male,0.95,17
richárd,male,1.0,1164111
rick,male,1.0,319617
rickard,male,1.0,8812
ricky,male,0.99,146604
rico,male,0.98,44084
rida,male,0.92,48632
riddhi,female,0.99,7631
riddhipratim,male,0.67,1
ridha,male,0.97,22266
rie,female,0.94,7816
rieko,female,0.87,455
rien,male,0.69,6011
rienk,male,1.0,357
rifat,male,0.96,18492
rigel,male,0.8,626
rigo,male,0.99,16629
rigoberto,male,1.0,33433
riichiro,male,0.93,13
rijubrata,male,0.67,1
rik,male,0.99,23964
rika,female,0.96,14595
rikard,male,0.99,1916
riki,male,0.8,10555
rikkert,male,0.99,158
riko,male,0.84,3321
rikpratik,,0.0,0
riku,male,0.98,6233
rikuto,male,0.98,58
riley,male,0.7,9521
rim,female,0.93,41722
rima,female,0.97,50093
rimantas,male,0.99,1990
rimsha,female,0.98,2223
rin,female,0.76,4813
rina,female,0.98,64246
rinaldo,male,0.99,12778
rinat,male,0.7,4974
ringi,male,0.7,18
rinkle,female,0.73,58
rinku,male,0.78,9443
rintaro,male,1.0,292
rio,male,0.81,10012
riouhei,,0.0,0
ripan,male,0.93,666
ripon,male,0.94,12334
riqing,male,0.86,5
rirong,male,0.8,3
risa,female,0.95,9248
rishab,male,1.0,4877
rishabh,male,1.0,24981
rishad,male,0.99,2032
rishav,male,1.0,4794
risheng,male,0.97,27
rishi,male,0.99,31691
rishikesh,male,1.0,5639
rishmali,,0.0,0
riste,male,0.94,209
risto,male,0.99,4362
rita,female,0.99,484171
ritaban,male,0.88,6
ritabrata,male,0.89,26
ritajit,male,0.83,4
ritam,male,0.84,196
ritesh,male,1.0,37847
rithvik,male,1.0,513
ritika,female,1.0,14375
ritoban,male,0.8,3
rittick,male,0.87,21
ritu,female,0.97,28457
rituparna,female,0.9,271
rituparno,male,0.91,9
ritvik,male,1.0,1098
ritwik,male,1.0,2248
rivu,male,0.87,29
riwaj,male,0.97,34
rixin,male,0.58,24
riya,female,0.95,30681
riyadh,male,0.97,6603
rizos,male,0.51,194
rizwan,male,0.99,53722
rizwanur,male,0.92,11
ro,female,0.7,32951
roan,male,0.66,2434
rob,male,1.0,362099
robail,male,0.88,39
robbert,male,1.0,8299
robbin,male,0.67,2682
robert,male,1.0,1568940
robert-jan,male,1.0,529
roberta,female,1.0,269738
roberto,male,1.0,988421
robertus,male,0.98,247
robi,male,0.83,13487
robie,male,0.69,720
robijn,female,0.55,40
robin,male,0.77,126678
robinson,male,0.99,43949
robson,male,1.0,63047
robyn,female,0.99,71169
roc,male,0.92,3039
rocco,male,0.99,73998
roch,male,0.95,3774
rochish,male,0.67,1
rocio,female,0.99,157255
rocío,female,0.99,157255
rod,male,0.99,64246
roddam,male,0.6,3
roderich,male,0.99,270
roderick,male,1.0,23012
roderik,male,0.99,479
rodica,female,0.99,11164
rodion,male,1.0,2533
rodney,male,1.0,88165
rodolfo,male,1.0,148737
rodolphe,male,1.0,17332
rodrigo,male,1.0,477624
rodrigue,male,0.99,18626
rodwell,male,0.98,258
roee,male,0.99,1601
roel,male,1.0,27207
roeland,male,0.99,1243
roelof,male,0.99,2691
rogelio,male,1.0,66691
rogemar,male,0.69,11
roger,male,1.0,378214
rogerio,male,1.0,60415
rogers,male,0.99,6610
roghayeh,female,0.98,121
rogier,male,0.99,2965
rogério,male,1.0,60415
rohan,male,0.99,65132
rohil,male,0.98,730
rohini,female,0.99,14124
rohit,male,0.99,156282
roi,male,0.95,5934
roie,male,0.94,284
roja,female,0.74,2076
rojalin,female,0.96,137
rok,male,0.9,3323
roland,male,1.0,166615
rolando,male,1.0,97855
roldao,male,0.95,55
rolf,male,1.0,56899
rolf-peter,male,0.98,55
romain,male,0.99,119367
romakanta,male,0.83,4
roman,male,0.99,240082
roman-pascal,,0.0,0
romane,female,0.64,15203
romano,male,0.98,19851
rome,male,0.68,3110
romeel,male,0.97,38
romeo,male,0.99,68065
romildo,male,0.99,1235
romina,female,0.99,99789
romit,male,0.98,1537
romuald,male,0.99,20524
romualdo,male,0.99,7365
romulo,male,1.0,21657
román,male,0.99,240082
roméo,male,0.99,68065
ron,male,0.99,314337
ronak,male,0.83,3271
ronald,male,1.0,311345
ronaldo,male,0.99,91977
ronan,male,1.0,27267
ronen,male,0.99,6798
rong,female,0.55,2795
rong-can,,0.0,0
rong-feng,,0.0,0
rong-gen,,0.0,0
rong-hua,,0.0,0
rong-jia,,0.0,0
rong-rong,female,0.8,8
rong-xia,,0.0,0
rong-xin,,0.0,0
rongbo,male,0.83,10
rongchan,female,0.75,2
rongfei,male,0.64,20
rongfeng,male,0.75,34
ronggang,male,0.89,7
ronggui,male,0.78,7
ronghai,male,0.9,8
ronghan,male,0.67,4
ronghao,male,0.87,21
ronghua,male,0.61,90
ronghuai,male,0.67,1
ronghui,male,0.66,54
rongjie,male,0.81,30
rongke,male,0.67,1
rongmin,male,0.86,5
rongmon,male,0.75,2
rongpeng,male,0.86,5
rongpu,male,0.67,1
rongqian,male,0.5,6
rongqing,male,0.65,15
rongquan,male,0.83,4
rongrong,female,0.9,223
rongwei,male,0.81,30
rongxiao,male,0.67,1
rongxin,male,0.64,48
rongxing,male,0.87,13
rongying,female,0.69,11
rongzhi,male,0.8,8
roni,male,0.74,20412
ronin,male,0.97,1273
ronitt,male,0.82,9
ronnie,male,0.91,31717
ronno,male,0.97,28
ronny,male,0.98,42551
ronojoy,male,0.9,19
rony,male,0.88,49448
roohollah,male,0.99,239
roopak,male,0.95,89
roopayan,,0.0,0
roope,male,0.99,2125
roopesh,male,0.99,728
roopsha,female,0.67,1
roozbeh,male,1.0,2519
rory,male,0.82,13355
rosa,female,0.99,665388
rosalba,female,0.99,64051
rosalind,female,1.0,15039
rosaly,female,0.98,1798
rosalyn,female,1.0,11477
rosanna,female,1.0,75202
rosanne,female,1.0,12040
rosaria,female,0.99,51645
rosario,female,0.62,137685
rose,female,0.98,321340
rosemarie,female,1.0,36748
rosemary,female,1.0,86683
roser,female,0.99,7904
roshan,male,0.91,20081
rosihan,male,0.97,34
rosita,female,0.99,56007
rositsa,female,0.98,750
ross,male,0.93,118670
rossana,female,1.0,51555
rossano,male,0.99,7982
rossella,female,0.99,65890
rossen,male,0.9,195
rossitza,female,0.98,94
rostam,male,0.97,1068
rostislav,male,0.99,4346
rostyslav,male,0.99,305
roswitha,female,0.99,6454
rosy,female,0.99,93898
rotem,female,0.68,4541
roudy,male,0.72,1550
roumen,male,0.98,137
rounak,male,0.98,2163
rouven,male,1.0,1081
rouzbeh,male,0.99,454
rowan,female,0.55,8894
rowena,female,1.0,28761
roxana,female,0.99,117634
roxanne,female,1.0,52794
roy,male,0.99,222215
roya,female,0.98,13123
royi,male,0.93,255
rozhin,female,0.97,143
rozita,female,0.99,7641
ru,male,0.53,3592
ru-min,,0.0,0
ru-sen,,0.0,0
ru-yu,female,0.67,1
ruadhaí,,0.0,0
ruairí,male,1.0,2119
ruari,male,0.94,175
ruaridh,male,0.99,146
rubab,female,0.96,1816
rubayet,male,0.89,158
rubem,male,0.99,649
ruben,male,1.0,364351
rubens,male,1.0,28042
rubina,female,0.98,10114
ruby,female,0.98,107205
rubén,male,1.0,364351
rubí,female,0.95,30494
ruchi,female,0.99,18504
ruda,male,0.76,2144
rudesindo,male,0.95,41
rudi,male,0.96,21710
rudie,male,0.94,1105
rudiger,male,0.99,3522
rudini,male,0.82,31
rudnei,male,0.99,177
rudolf,male,1.0,35285
rudolph,male,1.0,8788
rudra,male,0.95,3426
rudranil,male,0.95,35
rudro,male,0.95,382
rudy,male,0.98,104443
ruediger,male,0.99,644
ruei-hau,,0.0,0
ruey,male,0.6,116
ruey-lin,male,0.67,1
rufei,female,0.61,16
rufus,male,0.98,8992
ruggero,male,0.99,5993
ruggiero,male,0.97,3552
rugved,male,0.98,41
ruhui,female,0.68,23
rui,male,0.97,75476
rui-bo,,0.0,0
rui-dong,,0.0,0
rui-hong,male,0.67,1
rui-hui,,0.0,0
rui-jing,,0.0,0
rui-lin,,0.0,0
rui-qiang,,0.0,0
rui-qin,,0.0,0
rui-rui,,0.0,0
rui-xiang,,0.0,0
rui-xiao,,0.0,0
rui-xing,,0.0,0
rui-xue,,0.0,0
rui-yu,,0.0,0
rui-yun,female,0.67,1
rui-zhen,,0.0,0
rui-zhi,,0.0,0
ruibo,male,0.9,18
ruichao,male,0.72,16
ruichen,male,0.5,36
ruida,female,0.8,39
ruidan,female,0.82,9
ruide,male,0.56,14
ruifang,female,0.9,47
ruifeng,male,0.9,84
ruigang,male,0.91,9
ruiguang,male,0.75,6
ruihai,male,0.92,10
ruihu,male,0.83,4
ruihua,female,0.58,53
ruijie,female,0.55,87
ruijun,male,0.6,40
ruike,male,0.56,16
ruilin,female,0.56,80
ruimin,female,0.57,63
ruiming,male,0.79,46
ruipeng,male,0.75,18
ruipu,male,0.8,8
ruiqi,female,0.92,732
ruiran,male,0.5,2
ruisheng,male,0.8,23
ruishi,female,0.63,6
ruisi,female,0.55,31
ruiting,female,0.85,59
ruiwei,male,0.5,20
ruiwen,female,0.61,59
ruixiang,male,0.88,38
ruixiao,male,0.56,7
ruixing,male,0.6,13
ruiyang,male,0.68,55
ruiyi,female,0.61,65
ruiyu,female,0.62,45
ruiyuan,male,0.75,22
ruizhe,male,0.82,36
ruizhi,male,0.74,55
ruizhong,male,0.83,10
ruizi,female,0.56,16
rujia,female,0.76,31
rujie,male,0.58,31
rujun,male,0.63,22
rukaiya,female,0.96,744
rukmani,female,0.93,245
rukmini,female,0.99,1374
rumi,female,0.74,3063
ruming,male,0.81,14
run,male,0.73,1427
run-hui,,0.0,0
run-qiu,,0.0,0
run-ran,,0.0,0
run-wei,,0.0,0
run-wu,,0.0,0
run-ze,,0.0,0
runai,female,0.79,31
rune,male,0.96,5583
rung-hung,,0.0,0
rungang,male,0.67,1
runhong,female,0.64,9
runhua,male,0.65,15
runlin,male,0.7,8
runmin,male,0.8,3
runqing,male,0.62,11
runrun,male,0.67,52
runxuan,male,0.57,5
runyao,male,0.67,1
runze,male,0.86,69
runzhou,male,0.89,7
ruo,female,0.58,217
ruo-jing,,0.0,0
ruo-yang,,0.0,0
ruo-yu,female,0.67,1
ruobin,male,0.69,14
ruobing,female,0.73,46
ruochen,female,0.53,81
ruodu,,0.0,0
ruofan,male,0.63,36
ruohong,female,0.79,12
ruojun,female,0.56,16
ruolin,female,0.79,46
ruoqing,female,0.92,11
ruoshi,female,0.54,22
ruoting,female,0.83,16
ruoxi,female,0.98,520
ruoxu,female,0.63,6
ruoyu,male,0.52,136
rupa,female,0.94,12433
rupak,male,0.95,1277
rupali,female,0.99,15959
rupam,male,0.79,1273
rupei,female,0.6,3
rupert,male,0.99,12643
rupesh,male,0.99,28070
rupjyoti,male,0.75,142
ruprecht,male,0.92,57
ruqian,female,0.75,6
ruqing,female,0.75,10
ruquan,male,0.86,5
ruriko,female,0.97,125
rus,male,0.71,4445
rusa,female,0.81,457
rusen,male,0.75,1389
rusheng,male,0.86,5
rushikesh,male,0.99,1278
ruslan,male,0.99,49725
russ,male,1.0,44085
russel,male,0.96,12011
russell,male,1.0,112852
rustam,male,0.99,19337
rustem,male,0.99,6913
rustum,male,0.94,379
ruta,female,0.96,7910
rute,female,0.98,10059
ruth,female,1.0,343136
rutuparna,female,0.83,21
rutvij,male,0.99,72
rutwig,,0.0,0
ruud,male,0.99,13578
ruvi,female,0.86,608
ruwan,male,0.94,2080
ruxi,female,0.88,163
ruxin,male,0.86,130
ruy,male,0.99,6445
ruyi,female,0.78,203
ruyong,male,0.75,2
ruzena,female,0.99,1638
ruzica,female,0.99,2614
ryan,male,0.99,645936
rychard,male,0.98,151
rylee,female,0.82,1068
ryley,male,0.78,523
ryo,male,0.97,9574
ryohei,male,1.0,537
ryoichi,male,1.0,312
ryoji,male,0.99,324
ryoki,male,0.88,30
ryokichi,male,0.8,3
ryoma,male,0.94,614
ryomei,,0.0,0
ryosuke,male,1.0,2755
ryota,male,1.0,2837
ryotaku,,0.0,0
ryotaro,male,1.0,523
ryotatsu,male,0.75,2
ryou,male,0.94,339
ryousei,male,0.67,1
ryoutaro,male,0.8,3
ryoya,male,0.99,78
ryszard,male,1.0,23609
ryu,male,0.94,4081
ryuhei,male,0.99,108
ryui,male,0.71,29
ryuichi,male,0.99,1276
ryuichiro,male,0.98,89
ryuji,male,1.0,1468
ryuki,male,0.93,255
ryun-young,,0.0,0
ryusuke,male,0.99,275
ryuta,male,0.98,392
ryutaro,male,1.0,281
ryutaroh,male,0.75,2
ryuya,male,0.95,85
rza,male,0.91,4392
réamonn,male,0.95,38
régis,male,0.98,21224
réka,female,0.95,5757
rémi,male,0.92,38135
rémy,male,0.91,35909
róbert,male,1.0,1568940
rúben,male,1.0,364351
rüdiger,male,0.99,3522
sa,female,0.53,82099
saad,male,0.97,168331
saahil,male,0.99,1604
saak,male,0.77,110
saar,female,0.52,2095
saarik,male,0.57,5
saavik,female,0.88,6
saba,female,0.79,18942
sabah,female,0.91,38879
sabareesh,male,0.97,105
sabbir,male,0.97,11404
sabeeha,female,0.98,160
saber,male,0.97,50325
sabin,male,0.83,4211
sabina,female,0.99,91023
sabine,female,0.99,177437
sabino,male,0.99,14679
sabir,male,0.96,34786
sabit,male,0.97,6224
sabita,female,0.93,2018
sabre,male,0.88,1329
sabri,male,0.9,47253
sabrina,female,0.99,455846
sabur,male,0.96,1126
saburo,male,0.99,317
sabuzima,,0.0,0
sabya,female,0.57,86
sabyasachi,male,0.99,435
sach,male,0.82,520
sacha,male,0.68,18538
sacheendra,male,0.75,2
sachi,female,0.91,3494
sachiko,female,0.99,3543
sachin,male,1.0,135460
sachindeo,male,0.75,2
sachindra,male,0.91,160
sachindranath,male,0.75,2
sachio,male,0.94,69
sachith,male,0.98,149
sachithra,male,0.54,33
sadaf,female,0.95,15064
sadamichi,male,0.88,6
sadamori,male,0.67,1
sadashige,male,0.67,1
sadegh,male,0.98,4789
sadhana,female,0.99,5945
sadia,female,0.96,28895
sadie,female,0.99,18061
sadjad,male,0.94,159
sadra,female,0.67,2136
sae,female,0.53,1510
saebyeok,male,0.71,5
saeed,male,0.98,129226
saeedeh,female,0.98,670
saehanseul,male,0.75,2
saeid,male,0.98,11675
saeko,female,0.94,680
saeqa,female,0.67,1
saereh,female,0.67,1
safari,male,0.8,1338
safe,male,0.56,4834
safeer,male,0.98,6134
safeeullah,male,0.96,22
safi,male,0.67,13892
safieddin,male,0.67,1
safoura,female,0.97,244
safwan,male,0.97,11789
sagar,male,0.99,103846
sagarika,female,0.99,3199
sagarmoy,male,0.75,2
sage,male,0.52,2690
sagen,male,0.8,101
saghar,female,0.68,975
sagi,male,0.9,2609
sagiv,male,0.98,426
sagnick,male,0.86,5
sagnik,male,0.99,177
sahal,male,0.97,2237
sahana,female,0.98,5772
sahand,male,0.99,2251
sahani,male,0.81,474
sahar,female,0.94,64814
saharon,male,0.55,18
saheb,male,0.97,5396
sahel,male,0.8,3906
sahiba,female,0.96,1673
sahil,male,0.99,66944
sahin,male,0.97,38668
sahinur,male,0.54,383
sai,male,0.79,18267
sai-kee,,0.0,0
sai-mang,,0.0,0
saiana,female,0.91,31
saianeesh,male,0.75,2
saibal,male,0.98,157
saicharan,male,1.0,555
said,male,0.97,373813
saieed,male,0.97,310
saiei-jaeyeong,,0.0,0
saien,male,0.78,52
saif,male,0.96,99179
saigopal,male,0.83,4
saijun,female,0.57,12
saikat,male,0.99,1412
saikatul,,0.0,0
sailing,male,0.75,54
saimon,male,0.96,5029
sainyam,male,0.89,7
saiph,male,0.73,13
saiprasad,male,0.99,136
saiyad,male,0.96,1133
saiyang,male,0.5,4
sajad,male,0.98,18490
sajag,male,0.86,12
sajahan,male,0.92,1282
sajal,male,0.89,2630
sajedul,male,0.98,250
sajib,male,0.96,3596
sajid,male,0.98,58152
sajin,male,0.95,1013
sajjad,male,0.98,41700
sakander,male,0.94,290
sakaé,male,0.59,148
saket,male,1.0,6824
sakib,male,0.97,8097
sakin,male,0.89,1178
sakir,male,0.98,11571
sakshi,female,1.0,26207
sakuntala,female,0.93,225
sakura,female,0.94,6399
sakurako,female,0.99,292
saladi,male,0.71,43
salah,male,0.97,185274
salam,male,0.67,37182
salama,male,0.64,11275
saleem,male,0.98,52941
saleh,male,0.98,95438
salem,male,0.95,61805
salih,male,0.98,99891
salihah,female,0.99,425
salil,male,0.99,4716
salim,male,0.97,192009
sallie,female,0.99,6887
sally,female,0.99,207837
salma,female,0.95,247396
salman,male,0.98,107936
salomon,male,0.99,18598
salomón,male,0.99,18598
salonik,male,0.5,6
salva,male,0.95,16360
salvador,male,0.99,135234
salvatore,male,0.99,307790
salvo,male,0.99,62983
salvy,male,0.66,496
sam,male,0.9,647976
sama,female,0.9,48083
samad,male,0.97,16865
samadrita,female,0.92,11
saman,male,0.9,12596
samaneh,female,0.98,1742
samantha,female,0.99,416998
samapan,male,0.71,5
samaporn,female,0.83,27
samar,female,0.91,82943
samaresh,male,0.96,240
samarjit,male,0.99,917
samarpita,female,0.96,50
samaya,female,0.81,1013
sambaran,male,0.94,15
sambatra,male,0.54,26
sambit,male,0.98,397
sameep,male,0.98,90
sameer,male,0.99,101271
sameh,male,0.9,78153
samer,male,0.95,71332
sami,male,0.93,224997
samik,male,0.98,1062
samin,male,0.81,3719
saminathan,male,0.95,272
samir,male,0.98,333766
samira,female,0.97,157364
samiran,male,0.95,576
samit,male,0.98,3337
samith,male,0.98,1214
samitha,male,0.64,226
samiya,female,0.95,4102
sammy,male,0.7,38317
samo,male,0.67,11809
samouil,male,0.97,65
sampat,male,0.89,691
sampath,male,0.99,13191
sampsa,male,0.99,366
sampson,male,0.98,5020
samrat,male,0.99,8598
samrath,male,0.97,266
samriddhi,female,1.0,745
samridh,male,0.99,257
samrith,male,0.7,18
samson,male,0.98,43192
samu,male,0.89,10809
samudra,male,0.79,325
samuel,male,0.99,603672
samuele,male,0.99,44742
samuli,male,1.0,2646
samuraí,male,0.97,662
samurdhi,female,0.6,8
samvel,male,0.99,2414
samy,male,0.86,71769
samyaday,,0.0,0
samyadeb,,0.0,0
samyobrata,,0.0,0
san,male,0.53,28790
san-dong,female,0.67,1
sanaa,female,0.97,53354
sanaea,female,0.91,9
sanah,female,0.96,1979
sanal,male,0.96,1709
sanat,male,0.97,3845
sanatan,male,0.96,668
sanchar,male,0.93,28
sanchari,female,0.9,124
sanchayan,male,0.97,27
sanchayeeta,female,0.83,4
sanchit,male,1.0,4985
sandeep,male,0.94,40705
sander,male,0.99,23478
sandhya,female,0.99,29011
sandi,female,0.93,40488
sandip,male,0.99,39813
sandipan,male,0.99,298
sandor,male,0.98,12566
sandra,female,0.99,1412443
sandrine,female,0.99,206998
sandro,male,0.99,144939
sandu,male,0.74,4704
sanefumi,male,0.67,1
sanemichi,,0.0,0
sanfeng,male,0.76,19
sang,male,0.86,7812
sang-gyun,male,0.67,1
sang-heon,male,0.92,11
sang-ho,male,0.98,54
sang-hoon,male,0.98,40
sang-hyeon,male,0.92,10
sang-hyun,male,0.94,51
sang-il,male,0.93,28
sang-in,male,0.81,14
sang-jin,male,0.95,39
sang-jun,male,0.96,26
sang-kil,male,0.67,1
sang-mok,male,0.6,3
sang-sung,,0.0,0
sang-wook,male,0.96,26
sang-yoon,male,0.94,16
sang-youn,male,0.83,4
sang-yun,male,0.76,15
sangbae,male,0.95,19
sangchul,male,0.96,79
sangdon,male,0.97,27
sangeeta,female,0.99,20100
sangeeth,male,0.94,523
sangeetha,female,0.99,13705
sangem,male,0.91,51
sangeun,female,0.68,120
sanghamitra,female,0.98,324
sanghoon,male,0.99,358
sanghyeon,male,0.9,47
sanghyuk,male,0.99,85
sanghyun,male,0.96,362
sangita,female,0.97,13903
sangjae,male,0.97,34
sangjun,male,0.96,161
sangkook,male,0.91,9
sanglu,,0.0,0
sangmin,male,0.94,405
sangmo,male,0.54,55
sangmoon,male,0.85,32
sangram,male,0.98,1070
sangryun,,0.0,0
sangseung,male,0.67,1
sangsik,male,0.96,21
sanguo,male,0.8,8
sangwoo,male,0.98,331
sangwook,male,0.97,150
sangyeop,male,0.89,16
sangyong,male,0.98,81
sangyun,male,0.89,69
sanhan,male,0.88,30
saniya,female,0.96,6548
sanja,female,0.97,31497
sanjana,female,0.99,15519
sanjar,male,0.98,1957
sanjay,male,0.99,198698
sanjaya,male,0.95,1773
sanjaye,male,0.96,72
sanjeeb,male,0.97,462
sanjeena,female,0.78,7
sanjeev,male,1.0,59530
sanjeevi,male,0.91,158
sanjiang,male,0.67,1
sanjib,male,0.97,3385
sanjiban,male,0.98,46
sanjit,male,0.98,7966
sanjiv,male,0.99,10971
sanjiva,male,0.77,41
sanjoy,male,0.97,3348
sanjukta,female,0.98,391
sankalp,male,1.0,3922
sankalpa,male,0.8,98
sankar,male,0.96,9863
sankaran,male,0.98,359
sankardeep,male,0.67,1
sankarsan,male,0.92,49
sankarshan,male,0.96,25
sanket,male,1.0,21044
sankha,male,0.97,116
sankhaneel,male,0.75,2
sanli,male,0.78,287
sanming,male,0.77,11
sanne,female,0.99,33096
sanoli,female,0.82,9
sanshui,male,0.67,4
sansit,male,0.6,3
sanskriti,female,1.0,1290
santa,female,0.84,28225
santabrata,male,0.67,1
santai,male,0.78,149
santanu,male,0.99,1522
sante,male,0.94,5716
santeri,male,1.0,2674
santhoshini,female,0.91,20
santi,male,0.87,40923
santiago,male,0.99,283790
santo,male,0.98,27152
santos,male,0.91,49878
santosh,male,0.98,141391
santtu,male,0.98,934
santu,male,0.91,2572
sanved,male,0.75,2
sanvesh,,0.0,0
saori,female,0.99,3790
sapna,female,0.98,20370
saptarishi,male,0.88,6
saptarshi,male,0.96,287
saqib,male,0.99,20044
sara,female,0.98,1477473
sarad,male,0.83,281
sarah,female,0.99,1284628
sarai,female,0.99,21398
saraju,male,0.81,76
sarang,male,0.81,1147
sarath,male,0.97,5694
saravanan,male,0.97,10464
saray,female,0.98,23478
sarayoo,male,0.67,1
sarbani,female,0.82,169
sarbari,female,0.91,41
sarben,male,0.56,7
sarbendu,male,0.83,4
sarbeswar,male,0.98,190
sarel,male,0.94,946
sarfraz,male,0.98,7145
sariel,male,0.81,297
sarif,male,0.94,2900
sarik,male,0.83,455
sarika,female,0.99,14275
sarira,female,0.86,61
sarit,female,0.98,5543
sarita,female,0.98,53868
sarka,female,0.99,9735
sarmistha,female,0.99,276
sarnjeet,male,0.7,8
sarod,male,0.75,14
saroj,male,0.73,8946
sarolta,female,0.99,877
saronath,,0.0,0
sarp,male,0.98,4953
sarra,female,0.97,23305
sartaj,male,0.97,4367
sarth,male,0.94,80
sarthak,male,1.0,8843
sarunas,male,0.99,945
sarveshwar,male,0.97,32
sarwar,male,0.96,6882
sary,female,0.71,5425
sasa,male,0.67,31836
sasan,male,0.98,6277
sasanka,male,0.77,332
sasawat,male,0.88,6
sascha,male,0.96,46642
sasha,female,0.59,42990
sashideep,,0.0,0
sashikumaar,,0.0,0
sashwat,male,0.96,21
sasinee,female,0.75,6
sasitharan,male,0.96,202
saskia,female,0.99,49398
sasmita,female,0.92,974
sastry,male,0.92,85
sasu,male,0.68,861
saswata,male,0.96,108
saswati,female,0.98,231
satadal,male,0.96,21
satadeep,male,0.75,2
satadru,male,0.93,38
sateesh,male,0.97,905
satender,male,0.97,476
sathi,female,0.56,2840
sathish,male,0.98,9093
sathwik,male,1.0,599
sathya,male,0.7,3698
sathyanarayana,male,0.93,173
sathyawageeswar,,0.0,0
satish,male,1.0,85808
satishchandra,male,0.95,17
satnam,male,0.96,7093
satoki,male,0.8,28
satoko,female,0.99,2173
satomi,female,0.97,2550
satoru,male,1.0,3026
satoshi,male,1.0,9322
satrajit,male,0.91,33
satvik,male,0.99,993
satvir,male,0.76,481
satwik,male,0.95,100
satya,male,0.83,7262
satyabrata,male,0.99,354
satyajit,male,0.98,1241
satyaki,male,0.99,88
satyam,male,0.99,14058
satyanarayan,male,0.96,831
satyendra,male,0.97,2164
satyesh,male,0.96,21
saubhik,male,0.93,12
saud,male,0.97,30581
saudamini,female,0.96,69
saugata,male,0.98,93
saul,male,0.99,95086
sauli,male,0.98,1047
saulius,male,1.0,4893
saulo,male,1.0,18279
saumen,male,0.9,61
saumik,male,0.98,41
saumil,male,1.0,1448
saumya,female,0.81,1106
saumyadip,male,0.88,6
saumyadipta,male,0.67,1
saumyak,male,0.67,1
saunak,male,0.96,52
saurabh,male,1.0,72526
saurav,male,1.0,18686
saurish,male,0.99,83
sauro,male,0.99,4260
saurya,male,0.95,211
sauvik,male,0.94,30
savan,male,0.98,2766
savannah,female,1.0,33937
savdeep,male,0.58,10
saveliy,male,0.99,228
saverio,male,0.99,31213
savino,male,0.99,6529
savio,male,0.99,11326
savita,female,0.99,12577
savithri,female,0.96,264
saviz,male,0.68,36
savvas,male,1.0,5141
sawani,female,0.61,39
sawood,male,0.96,138
sayak,male,0.96,167
sayaka,female,0.99,3197
sayali,female,1.0,7953
sayan,male,0.97,7656
sayandev,,0.0,0
sayani,female,0.98,1797
sayantan,male,0.97,325
sayantani,female,0.97,116
sayantika,female,0.96,54
sayar,male,0.88,379
sayat,male,0.95,722
sayed,male,0.98,116028
sayeef,male,0.93,27
sayid,male,0.95,2891
sayipjamal,,0.0,0
sazzadur,male,0.97,113
saúl,male,0.99,95086
saül,male,0.99,95086
saša,male,0.67,31836
sašo,female,0.68,6026
schahram,male,0.87,13
schelte,male,0.98,43
schuyler,male,0.81,513
scipio,male,0.99,173
scott,male,1.0,603737
se,male,0.58,9779
se-heon,male,0.75,2
se-ho,male,0.86,5
se-hyeok,,0.0,0
se-hyung,male,0.75,2
se-jin,male,0.64,51
seakweng,,0.0,0
sean,male,1.0,371229
seb,male,0.98,53354
sebabrata,male,0.9,8
sebastiaan,male,1.0,10147
sebastian,male,1.0,498966
sebastiano,male,1.0,38750
sebastien,male,0.99,194327
sebastián,male,1.0,498966
sebin,male,0.92,382
sebouh,male,0.97,102
seddik,male,0.97,4908
sedi,male,0.63,723
sedighe,female,0.99,213
sedona,female,0.96,345
see-hun,,0.0,0
seema,female,0.99,40373
seery,male,0.53,13
sefaattin,male,0.96,22
segev,male,0.97,314
seheon,male,0.9,8
seher,female,0.98,25480
sehmus,male,0.99,4121
seho,male,0.84,191
sehoon,male,0.97,90
sehun,male,0.63,230
sehyun,male,0.75,97
sei,male,0.8,2181
sei-ichiro,,0.0,0
seick,male,0.91,20
seid,male,0.92,7319
seigo,male,1.0,387
seiichi,male,1.0,1047
seiichiro,male,0.99,129
seiji,male,1.0,2883
seiko,female,0.6,747
seikou,male,0.95,81
seishi,male,0.85,38
seishiro,male,0.94,31
seisuke,male,0.97,27
seitaro,male,0.98,58
sejeong,female,0.82,32
sejong,male,0.98,55
sekhar,male,0.97,1753
sekou,male,0.99,8759
sela,female,0.83,3415
selcuk,male,0.99,27556
selda,female,0.98,22766
selim,male,0.98,78036
selma,female,0.99,90821
selman,male,0.98,13444
selomit,female,0.91,21
selvi,female,0.94,6447
selym,male,0.8,43
selçuk,male,0.99,27556
sem,male,0.75,10895
semih,male,0.99,49568
semin,male,0.59,504
semjon,male,0.97,94
semonti,female,0.89,7
semra,female,0.98,35017
semyon,male,1.0,1333
sen,male,0.77,11255
sen-peng,,0.0,0
senbei,male,0.93,13
sencun,,0.0,0
sendy,female,0.91,3944
senfu,male,0.8,3
seng,male,0.87,4779
senlin,male,0.86,34
senne,male,0.92,1210
sennosuke,male,0.75,2
sennur,female,0.98,2612
senrui,male,0.67,1
sense,female,0.56,722
sensong,,0.0,0
senthil,male,0.97,10307
senya,female,0.61,631
senzhang,,0.0,0
seo,male,0.56,1624
seo-hyun,female,0.67,7
seo-won,,0.0,0
seodong,male,0.8,3
seog-jin,,0.0,0
seojeong,female,0.88,14
seok,male,0.74,1074
seok-bae,male,0.67,1
seok-hee,male,0.71,5
seok-hwan,male,0.92,10
seok-jin,male,0.89,7
seok-joo,male,0.8,3
seok-jun,male,0.83,4
seok-kyun,male,0.83,4
seokbeom,male,0.91,9
seokchang,male,0.67,1
seokcheon,male,0.83,4
seokho,male,0.98,53
seokhoon,male,0.74,32
seokjin,male,0.83,116
seoktae,male,0.83,4
seon,male,0.78,2093
seon-hee,female,0.78,7
seong,male,0.85,2106
seong-gon,male,0.8,3
seong-han,male,0.67,1
seong-ho,male,0.96,22
seong-hoon,male,0.93,13
seong-kook,male,0.67,1
seong-lyun,,0.0,0
seong-mi,female,0.8,3
seong-ook,,0.0,0
seong-whan,,0.0,0
seongchan,male,0.94,15
seonghoon,male,0.98,59
seonghyun,male,0.83,46
seongjeon,,0.0,0
seongjeong,,0.0,0
seongjin,male,0.93,101
seongkyu,male,0.92,22
seongmin,male,0.94,161
seongshik,male,0.75,2
seongyeon,male,0.62,27
seonhee,female,0.94,45
seonhwa,female,0.96,50
seonjeong,female,0.88,24
seonwoo,male,0.63,22
seoung,male,0.88,111
seoung-hun,male,0.67,1
seoyeon,female,0.97,477
seoyoung,female,0.92,175
sepanta,male,0.77,84
sepehr,male,0.99,5101
sepideh,female,0.99,8781
seppo,male,0.99,4204
septimiu,male,0.99,115
ser,male,0.83,6964
sera,female,0.83,8290
serafim,male,0.99,3532
serang,male,0.58,24
serap,female,0.97,27492
serban,male,0.64,3137
serdar,male,0.98,108588
serena,female,0.99,135149
serge,male,0.99,133807
sergei,male,1.0,30850
sergej,male,0.99,8274
sergejs,male,0.99,790
sergey,male,1.0,127368
serghei,male,0.99,2532
sergi,male,0.99,28439
sergii,male,0.99,1451
sergij,male,0.99,123
sergio,male,1.0,809338
sergios,male,0.99,351
sergiu,male,0.99,10434
sergiusz,male,1.0,755
sergiy,male,0.99,1739
serguei,male,0.99,801
serhan,male,0.96,6540
serhii,male,1.0,661
serhiy,male,1.0,1022
serik,male,0.99,3361
serikbek,male,0.95,20
serkan,male,0.98,172023
sertac,male,0.98,3573
servet,male,0.92,20926
seshadri,male,0.95,162
seshu,male,0.93,273
sesuai,male,0.67,1
setareh,female,0.99,3077
seth,male,1.0,71481
sethu,male,0.74,2358
setsuko,female,1.0,745
seul,male,0.51,1698
seun,male,0.77,7826
seung,male,0.94,10106
seung-cheol,male,0.88,6
seung-hun,male,0.93,13
seung-hwan,male,0.98,44
seung-hyeok,male,0.8,3
seung-il,male,0.94,15
seung-jo,male,0.75,2
seung-joo,male,0.67,7
seung-lee,,0.0,0
seung-sup,male,0.67,1
seung-woo,male,0.97,30
seung-yeal,,0.0,0
seung-yeop,male,0.91,9
seungbeom,male,0.97,27
seungbum,male,0.98,42
seunghoan,male,0.67,1
seunghoon,male,0.99,122
seunghun,male,0.99,132
seunghwa,male,0.68,38
seunghwan,male,0.99,234
seunghyeok,male,0.89,7
seunghyun,male,0.83,353
seungjae,male,0.96,101
seungjai,male,0.75,2
seungjun,male,0.96,110
seungjung,female,0.6,3
seungki,male,0.97,38
seungmin,male,0.78,274
seungmo,male,0.98,40
seungsang,male,0.83,4
seungsu,male,0.96,21
seungwon,male,0.81,172
seungwoo,male,0.99,163
seungwu,male,0.67,1
seungyeob,male,0.88,6
seva,female,0.71,3300
sevag,male,0.99,728
severian,male,0.98,39
severin,male,0.97,7323
sewook,male,0.9,18
sewoong,male,0.98,40
seyda,female,0.94,5355
seyed,male,1.0,13939
seyed-vahid,,0.0,0
seyedeh,female,0.96,23
seyedreza,male,0.91,52
seyedsina,male,0.88,6
seyit,male,0.98,10310
seyon,male,0.93,181
seyong,male,0.89,36
seyyed,male,0.96,233
seyyedali,male,0.93,13
seyyedesadaf,,0.0,0
sezen,female,0.93,4567
seán,male,1.0,371229
sha,male,0.51,21426
shaaban,male,0.99,3558
shaban,male,0.98,14551
shabbar,male,0.98,182
shabbir,male,0.98,9095
shabnam,female,0.98,14000
shachar,male,0.77,2464
shadab,male,0.96,6285
shaddin,male,0.6,8
shadi,male,0.84,19134
shadia,female,0.98,8630
shadman,male,0.99,1694
shady,male,0.95,27472
shaffique,male,0.87,13
shafi,male,0.97,15680
shafqat,male,0.95,3123
shagnik,male,0.83,4
shagun,female,0.97,3486
shah,male,0.93,42437
shahab,male,0.98,16808
shahaf,male,0.53,800
shahal,male,0.94,193
shahar,male,0.64,4807
shahbaz,male,0.98,23646
shahed,female,0.58,8660
shahid,male,0.98,89623
shahin,male,0.92,31378
shahla,female,0.99,6028
shahn,male,0.93,251
shahnawaz,male,0.99,10296
shahpoor,male,0.95,108
shahram,male,0.99,12742
shahriar,male,0.99,7692
shahrokh,male,0.99,1364
shahroud,male,0.75,2
shahrulniza,male,0.69,14
shahrzad,female,0.99,5271
shai,male,0.66,6069
shaikh,male,0.95,15479
shailendra,male,0.98,3781
shailesh,male,0.98,8004
shaimaa,female,0.99,28214
shaista,female,0.98,4905
shakeel,male,0.98,27786
shakhar,male,0.94,80
shakil,male,0.97,11230
shakti,male,0.79,2227
shaktiranjan,male,0.83,4
shalabh,male,0.98,222
shaleen,female,0.95,1625
shalev,male,0.93,1329
shalom,male,0.63,4747
shaloo,female,0.67,84
shalosh,male,0.67,1
shamashis,,0.0,0
shambel,male,0.9,636
shambhu,male,0.96,4815
shami,female,0.51,3467
shamik,male,0.96,235
shamil,male,0.97,4230
shamim,male,0.59,31586
shamit,male,0.91,92
shamiul,male,0.95,133
shammi,male,0.53,1023
shan,male,0.68,19599
shan-chi,female,0.67,1
shan-gui,,0.0,0
shan-liang,,0.0,0
shan-ming,,0.0,0
shan-qin,,0.0,0
shan-quan,male,0.67,1
shan-shan,female,0.91,32
shan-wen,female,0.67,1
shana,female,0.98,29178
shancai,female,0.86,12
shane,male,0.97,172824
shanfeng,male,0.78,16
shang,male,0.86,3129
shang-fei,,0.0,0
shang-hua,male,0.5,4
shang-jie,,0.0,0
shang-min,male,0.71,5
shang-qiang,,0.0,0
shang-shun,,0.0,0
shang-wei,male,0.89,7
shang-wu,,0.0,0
shangbin,male,0.89,17
shangdi,male,0.56,7
shangguang,male,0.75,2
shanghuo,male,0.67,1
shangjia,female,0.67,4
shangjian,male,0.8,3
shangjie,male,0.75,10
shangkun,male,0.78,7
shangping,male,0.75,6
shangran,male,0.67,1
shangshang,female,0.71,22
shangwei,male,0.71,26
shangwen,male,0.67,10
shangxiong,,0.0,0
shangyou,male,0.8,3
shangyu,male,0.61,16
shanhe,male,0.56,7
shanhui,male,0.5,14
shani,female,0.76,22791
shanika,female,0.99,4905
shanise,female,1.0,872
shanjian,male,0.75,2
shankar,male,0.99,42907
shankara,male,0.9,211
shankari,female,0.82,145
shankey,male,0.93,53
shankha,male,0.93,58
shankhadeep,male,0.88,6
shanmin,male,0.77,11
shanming,male,0.92,11
shannon,female,0.9,52078
shanping,female,0.64,9
shanpu,female,0.67,1
shanqing,male,0.57,5
shanshan,female,0.95,1303
shansong,male,0.67,1
shant,male,0.97,1973
shanta,female,0.82,2659
shantanav,male,0.8,3
shantanu,male,1.0,11870
shantenu,male,0.67,1
shanti,female,0.82,5514
shanto,male,0.93,1688
shanuja,female,0.83,4
shanxiang,male,0.67,4
shany,female,0.91,2560
shanyuan,male,0.67,7
shanyun,male,0.6,3
shanzhi,male,0.5,2
shanzhong,male,0.91,9
shao,male,0.91,4286
shao-chun,,0.0,0
shao-feng,male,0.67,1
shao-jian,,0.0,0
shao-jiang,,0.0,0
shao-jun,,0.0,0
shao-kai,male,0.75,2
shao-liang,,0.0,0
shao-lin,male,0.67,1
shao-long,male,0.67,1
shao-ming,male,0.75,2
shao-peng,male,0.67,1
shao-ping,male,0.5,2
shao-qiang,,0.0,0
shao-qin,,0.0,0
shao-wen,male,0.75,6
shao-xia,,0.0,0
shao-xiong,male,0.67,1
shao-yu,male,0.78,7
shao-ze,,0.0,0
shao-zhou,,0.0,0
shaobin,male,0.85,38
shaobo,male,0.89,86
shaodan,female,0.71,12
shaofang,female,0.9,19
shaofeng,male,0.88,88
shaofu,male,0.91,9
shaohan,female,0.56,16
shaohua,male,0.69,164
shaohui,male,0.75,61
shaojie,male,0.87,66
shaojing,female,0.75,22
shaojun,male,0.8,80
shaokang,male,0.77,11
shaolan,female,0.58,31
shaoli,female,0.68,69
shaoliang,male,0.95,18
shaolin,male,0.79,366
shaolong,male,0.95,39
shaomin,male,0.54,63
shaoming,male,0.94,32
shaon,male,0.96,1456
shaoning,male,0.58,10
shaoping,female,0.59,57
shaoqi,male,0.69,27
shaoqian,male,0.73,9
shaoqin,female,0.62,24
shaoru,female,0.77,11
shaosai,,0.0,0
shaoshan,male,0.54,11
shaosheng,male,0.86,5
shaoshi,male,0.8,8
shaoshuai,male,0.78,7
shaoting,female,0.54,26
shaouly,,0.0,0
shaowei,male,0.77,113
shaowen,male,0.65,41
shaowu,male,0.94,16
shaoxin,male,0.69,24
shaoxiong,male,0.94,32
shaoyang,male,0.76,27
shaoyu,male,0.61,59
shaoyuan,male,0.53,17
shaoyun,female,0.61,34
shaozhi,male,0.71,5
shaozhu,female,0.67,4
sharad,male,1.0,21344
sharan,male,0.61,2298
sharanya,female,1.0,2912
sharareh,female,0.99,1928
sharath,male,1.0,11567
sharayu,female,0.99,933
shardha,female,0.81,118
shari,female,0.98,33554
sharif,male,0.97,29221
shariq,male,1.0,4352
sharjeel,male,0.99,801
sharly,female,0.6,823
sharma,female,0.64,10446
sharmistha,female,0.97,360
sharmodeep,male,0.67,1
sharon,female,0.99,489743
sharvari,female,0.94,128
sharwan,male,0.97,1283
shasha,female,0.91,5690
shashank,male,1.0,30304
shashi,male,0.94,32538
shashikiran,male,0.9,40
shashikumar,male,0.97,191
shashwat,male,1.0,3574
shasvath,male,0.67,1
shau-yu,,0.0,0
shaul,male,0.99,2476
shaull,male,0.92,11
shaun,male,0.98,41054
shaunak,male,1.0,1158
shavkat,male,0.98,819
shawn,male,0.94,50388
shawulienu,,0.0,0
shay,male,0.54,13804
shayan,male,0.96,5921
shaye,female,0.71,503
shayne,male,0.73,3432
shaz,male,0.59,6590
shazhou,male,0.8,3
shazrene,female,0.67,1
she-sheng,,0.0,0
shea,female,0.53,2948
sheean,male,0.64,9
sheehan,male,0.76,93
sheel,male,0.93,1149
sheela,female,0.99,9961
sheelagh,female,0.99,1163
sheena,female,1.0,34621
sheetal,female,0.99,23207
shehar,male,0.74,60
shehrin,female,0.59,25
shehu,male,0.95,7108
shehzad,male,0.99,6230
sheik,male,0.96,5216
sheikh,male,0.95,17956
sheila,female,1.0,219945
sheir,male,0.87,122
shekhar,male,0.98,4199
shelby,female,0.91,11843
sheldon,male,0.99,24829
sheldy,female,0.65,35
shelley,female,1.0,74988
shelly,female,0.97,20497
shen,male,0.88,10352
shen-shi,male,0.67,1
sheng,male,0.72,3405
sheng-bang,,0.0,0
sheng-feng,male,0.86,5
sheng-hong,male,0.67,1
sheng-jie,male,0.67,1
sheng-jun,male,0.75,2
sheng-kai,male,0.9,8
sheng-li,,0.0,0
sheng-qin,,0.0,0
sheng-quan,,0.0,0
sheng-shiuan,,0.0,0
sheng-tai,male,0.67,1
sheng-tao,,0.0,0
sheng-wen,male,0.83,4
sheng-yuan,male,0.78,7
shengbai,male,0.67,1
shengbang,male,0.67,1
shengbin,male,0.9,19
shengbo,male,0.96,25
shengchen,male,0.7,8
shengcheng,male,0.85,11
shengchun,male,0.75,10
shengda,male,0.96,21
shengdong,male,0.96,24
shengfei,male,0.75,6
shengfeng,male,0.97,33
shenggao,male,0.75,2
shenggen,male,0.88,6
shenggui,male,0.86,5
shengguo,male,0.93,12
shenghai,male,0.94,16
shenghao,male,0.95,41
shenghong,male,0.81,24
shenghua,male,0.74,55
shengjian,male,0.93,13
shengjie,male,0.8,117
shengjun,male,0.89,60
shengkai,male,0.93,44
shengkui,male,0.71,5
shengkun,male,0.81,14
shenglan,female,0.81,34
shengli,male,0.73,68
shenglin,male,0.76,31
shengling,female,0.7,8
shenglong,male,0.95,36
shengmao,male,0.75,2
shengmei,female,0.86,20
shengming,male,0.87,29
shengnan,female,0.88,128
shengping,male,0.72,27
shengqi,male,0.81,29
shengqian,male,0.78,7
shengqiang,male,0.95,18
shengquan,male,0.95,19
shengru,male,0.5,4
shengshan,male,0.83,4
shengshi,male,0.89,7
shengtai,male,0.67,4
shengtao,male,0.91,21
shengtong,male,0.63,6
shengwang,male,0.75,10
shengwei,male,0.93,72
shengwen,male,0.81,30
shengxi,male,0.62,27
shengxiang,male,0.96,22
shengxin,male,0.72,16
shengyao,male,0.75,14
shengyi,male,0.73,53
shengying,female,0.78,25
shengyu,male,0.79,69
shengyuan,male,0.69,40
shengze,male,0.94,15
shengzeng,male,0.75,2
shengzhi,male,0.85,24
shenjie,male,0.62,24
shenjin,male,0.75,6
shenshen,female,0.72,51
shensheng,male,0.6,3
shenwei,male,0.88,24
shenxing,male,0.83,4
shenyang,male,0.93,27
shenyu,male,0.62,19
sheperd,male,0.97,199
sherali,male,0.97,998
sheridan,female,0.68,1337
sherif,male,0.99,70294
sherlock,male,0.94,1524
sherri,female,1.0,47283
sherry,female,0.99,129042
shervin,male,0.96,3434
sherwood,male,0.98,1275
sheryl,female,1.0,51438
sheshank,male,0.98,45
shi,female,0.62,7296
shi-bei,male,0.67,1
shi-biao,,0.0,0
shi-dong,,0.0,0
shi-fan,male,0.67,1
shi-feng,,0.0,0
shi-guo,,0.0,0
shi-hai,,0.0,0
shi-hao,male,0.8,3
shi-jie,male,0.75,2
shi-ju,,0.0,0
shi-jun,male,0.8,3
shi-kai,,0.0,0
shi-lei,,0.0,0
shi-liang,,0.0,0
shi-lin,female,0.67,1
shi-long,male,0.67,1
shi-mei,female,0.75,2
shi-min,female,0.71,5
shi-ning,,0.0,0
shi-ping,male,0.5,2
shi-qiang,,0.0,0
shi-sheng,,0.0,0
shi-xin,male,0.67,1
shi-xiong,male,0.67,1
shi-yao,,0.0,0
shi-yuan,female,0.67,1
shi-zeng,,0.0,0
shi-zhong,,0.0,0
shiang,female,0.59,164
shiang-yu,,0.0,0
shibabrat,,0.0,0
shibaji,male,0.94,81
shibashis,male,0.86,26
shibasis,male,0.95,19
shibei,female,0.64,9
shibendu,male,0.96,22
shibing,male,0.88,15
shibo,male,0.86,197
shichao,male,0.85,76
shicheng,male,0.91,44
shichuan,male,0.87,13
shidong,male,0.9,39
shifan,male,0.93,249
shifei,male,0.5,10
shifeng,male,0.88,65
shifra,female,0.99,813
shifu,male,0.79,236
shigang,male,0.94,16
shigehiro,male,0.99,66
shigehisa,male,0.96,23
shigehito,male,0.95,20
shigeki,male,1.0,1345
shigemi,male,0.87,218
shigenobu,male,0.99,191
shigenori,male,0.99,97
shigeo,male,1.0,1052
shigeru,male,1.0,2385
shigetoshi,male,0.99,122
shigeyuki,male,1.0,490
shih,male,0.58,564
shih-chieh,male,0.81,19
shih-chii,,0.0,0
shih-chun,male,0.89,7
shih-han,female,0.7,25
shih-hao,male,0.87,13
shih-hsuan,male,0.63,6
shih-ping,male,0.82,9
shih-si,,0.0,0
shih-yang,male,0.67,1
shih-yen,male,0.67,1
shih-yu,male,0.62,19
shih-yuan,male,0.64,9
shih-yuin,,0.0,0
shih-yun,female,0.83,16
shihan,male,0.78,436
shihang,male,0.65,29
shihao,male,0.96,150
shiheng,male,0.65,15
shiho,female,0.99,1778
shihong,male,0.67,73
shihshu,,0.0,0
shihu,male,0.91,32
shihua,male,0.55,67
shiji,female,0.67,748
shijie,male,0.81,250
shijin,male,0.94,350
shijing,female,0.69,46
shijun,male,0.87,117
shik,male,0.82,627
shikha,female,1.0,22288
shikui,male,0.92,11
shikun,male,0.93,28
shiladitya,male,0.98,82
shile,male,0.68,194
shilei,male,0.62,45
shilian,female,0.79,12
shiliang,male,0.89,45
shilin,male,0.64,113
shilong,male,0.96,54
shilpa,female,1.0,36193
shima,female,0.96,17457
shimaa,female,0.98,56391
shimeng,female,0.6,40
shimiao,female,0.67,7
shimin,female,0.63,217
shiming,male,0.69,91
shimon,male,0.99,6702
shimpei,male,1.0,208
shimrit,female,0.99,595
shimshon,male,0.99,467
shimul,male,0.91,2374
shin,male,0.66,6175
shin'ichi,male,0.97,38
shin'ichiro,male,0.8,3
shin'ichirou,,0.0,0
shin-cheng,male,0.67,1
shin-ichi,male,0.99,150
shin-ichiro,male,0.97,27
shin-itiro,,0.0,0
shin-liang,,0.0,0
shin-ming,,0.0,0
shin-ted,,0.0,0
shin-ya,male,0.8,3
shing,male,0.86,2820
shing-chi,male,0.5,2
shing-tung,,0.0,0
shingo,male,1.0,3179
shinhoo,female,0.6,3
shinibali,,0.0,0
shinichi,male,0.99,3977
shinichiro,male,1.0,458
shining,female,0.61,744
shinji,male,0.99,4244
shinki,male,0.72,38
shinkyu,male,0.93,12
shinnosuke,male,0.99,542
shinobu,female,0.59,540
shinpei,male,0.98,140
shinsaku,male,0.98,62
shinsei,male,0.79,12
shinsuke,male,1.0,474
shinta,female,0.9,1364
shintaro,male,1.0,1946
shintarou,male,0.97,57
shinya,male,0.97,1508
shinyoung,female,0.79,115
shinzo,male,0.91,75
shiori,female,0.99,1700
shiping,male,0.59,81
shipra,female,0.98,1029
shiqi,female,0.77,292
shiqian,male,0.52,23
shiqiang,male,0.96,47
shiqiao,male,0.71,12
shiqing,female,0.56,66
shiquan,male,0.97,133
shira,female,0.99,10557
shirali,male,0.76,115
shiran,female,0.92,5244
shirantha,male,0.97,66
shiraz,male,0.53,3801
shireen,female,0.98,11908
shiri,female,0.95,3606
shirin,female,0.98,17763
shirley,female,1.0,239275
shirly,female,0.99,5343
shiro,male,0.79,2931
shiroman,male,0.94,14
shirou,male,0.86,72
shirshendu,male,0.96,44
shirsho,male,0.89,7
shishao,,0.0,0
shishen,male,0.89,7
shisheng,male,0.95,19
shishi,female,0.74,550
shishir,male,0.98,8031
shishuo,male,0.75,2
shisong,male,0.83,10
shitij,male,0.92,57
shiu-hang,,0.0,0
shiuan-fan,,0.0,0
shiue-yuan,,0.0,0
shiv,male,0.98,36601
shiva,male,0.78,18887
shivakant,male,0.97,86
shivam,male,1.0,44460
shivan,male,0.96,1630
shivangi,female,1.0,10022
shivani,female,1.0,38072
shivaraj,male,0.98,541
shivaram,male,0.97,214
shivaramakrishna,male,0.83,4
shivendra,male,0.98,486
shivesh,male,1.0,1278
shivika,female,1.0,823
shivkumar,male,0.95,1624
shivprasad,male,0.97,210
shiwei,male,0.7,225
shiwen,female,0.66,102
shiwu,male,0.89,16
shixi,female,0.53,15
shixiang,male,0.82,32
shixin,male,0.61,54
shixu,male,0.73,13
shixuan,female,0.54,55
shixun,male,0.82,15
shiyan,female,0.8,373
shiyao,female,0.73,95
shiyi,female,0.81,213
shiyin,female,0.81,62
shiying,female,0.92,150
shiyong,male,0.72,41
shiyou,male,0.75,26
shiyu,female,0.68,365
shiyuan,male,0.5,113
shiyue,female,0.7,51
shiyun,female,0.88,179
shizhang,male,0.6,8
shizhao,male,0.88,15
shizhong,male,0.93,25
shizhuo,male,0.71,5
shizuo,male,0.98,198
shlomi,male,0.99,3930
shlomo,male,0.99,6382
shmuel,male,1.0,4557
sho,female,0.53,10412
shoaib,male,0.99,28130
shobha,female,0.94,2244
shobhit,male,0.98,869
shobita,female,0.89,25
shobu,male,0.88,54
shodai,male,0.97,33
shoeib,male,0.97,147
shogo,male,0.99,1934
shoham,female,0.5,451
shohei,male,1.0,1723
shohini,female,0.92,22
shoichi,male,1.0,1039
shoichiro,male,0.99,100
shojaeddin,male,0.83,4
shoji,male,0.97,1732
shojiro,male,0.94,34
shoken,male,0.96,25
shokhrukh,male,0.98,82
shoki,male,0.61,514
shoko,female,0.94,3044
shokoufe,female,0.94,29
sholom,male,0.99,363
shoma,male,0.74,1241
shonosuke,male,0.92,10
shoo,female,0.74,821
shosaku,male,0.8,3
shosei,male,0.89,7
shota,male,0.99,4053
shotaro,male,1.0,797
shoto,male,0.88,141
shou,male,0.76,1106
shou-cheng,male,0.75,2
shou-fu,,0.0,0
shou-hua,,0.0,0
shou-long,,0.0,0
shou-shu,,0.0,0
shoubaneh,female,0.67,1
shoucun,,0.0,0
shoudong,male,0.89,7
shoufeng,male,0.64,9
shougang,male,0.88,6
shouhang,male,0.75,2
shouhei,male,0.99,96
shouhuai,male,0.67,1
shoukang,,0.0,0
shouleh,female,0.8,3
shouling,female,0.8,3
shounak,male,0.99,98
shouno,male,0.67,1
shourya,male,0.99,1044
shouryya,,0.0,0
shousuke,male,0.88,6
shouvik,male,0.98,155
shouyang,male,0.67,1
shouzheng,male,0.8,3
shovan,female,0.83,928
shoya,male,0.79,152
shoyu,male,0.56,7
shozo,male,0.99,377
shraddha,female,1.0,19764
shradha,female,1.0,5473
shravan,male,1.0,10278
shravas,,0.0,0
shrawan,male,0.96,996
shree,male,0.71,3369
shreshth,male,0.95,40
shreya,female,1.0,26187
shreyansh,male,1.0,2815
shreyas,male,1.0,9674
shreyasi,female,1.0,794
shri,male,0.79,1754
shrihari,male,0.97,85
shriharsh,male,0.87,13
shrijita,female,0.89,7
shrikant,male,0.99,2409
shrikanth,male,0.98,190
shrinivas,male,0.99,602
shrinivasrao,,0.0,0
shriram,male,0.99,4902
shrisha,female,0.84,30
shriya,female,1.0,3495
shrobana,,0.0,0
shruti,female,1.0,36458
shteryo,male,0.93,12
shu,female,0.58,5448
shu-cheng,male,0.67,1
shu-chiuan,,0.0,0
shu-feng,female,0.67,1
shu-hao,male,0.93,12
shu-heng,female,0.67,1
shu-hui,female,0.9,8
shu-ichiro,,0.0,0
shu-jin,,0.0,0
shu-li,female,0.6,3
shu-lin,female,0.67,7
shu-mei,female,0.89,16
shu-min,female,0.8,8
shu-qian,,0.0,0
shu-qing,female,0.67,1
shu-shen,male,0.75,2
shu-sheng,male,0.75,2
shu-wei,male,0.8,23
shu-xu,,0.0,0
shu-yen,male,0.71,5
shu-yi,female,0.63,17
shu-yu,female,0.88,14
shu-ze,,0.0,0
shu-zheng,,0.0,0
shuai,male,0.83,907
shuai-bing,female,0.67,1
shuai-hua,,0.0,0
shuai-xia,,0.0,0
shuaibin,male,0.67,1
shuaibo,male,0.83,4
shuaijie,male,0.75,6
shuailong,male,0.83,4
shuaining,female,0.67,1
shuaishuai,male,0.74,29
shuaiwen,male,0.75,2
shuang,female,0.77,1087
shuang-liang,,0.0,0
shuang-lin,,0.0,0
shuang-nan,,0.0,0
shuang-qiang,,0.0,0
shuang-qing,,0.0,0
shuang-xi,,0.0,0
shuang-yong,male,0.67,1
shuangchen,male,0.5,2
shuangchun,,0.0,0
shuangge,male,0.67,1
shuangjian,male,0.88,6
shuangjie,male,0.94,14
shuanglong,male,0.94,16
shuangnan,,0.0,0
shuangning,female,0.83,4
shuangping,male,0.6,3
shuangqian,female,0.67,1
shuangqing,male,0.75,6
shuangquan,male,0.92,10
shuangyang,male,0.5,8
shuangyi,female,0.6,33
shuangyou,,0.0,0
shuangyu,male,0.55,20
shuangyue,female,0.85,11
shuanhong,,0.0,0
shuay-pwu,,0.0,0
shubh,male,0.98,3313
shubhadeep,male,0.98,39
shubhajyoti,male,0.8,3
shubhalaxmi,female,0.82,9
shubham,male,1.0,89438
shubhang,male,0.96,49
shubhangi,female,0.98,924
shubhankar,male,0.97,297
shubhanshu,male,0.97,78
shubhayan,male,0.83,4
shubhayu,male,0.89,7
shubhendra,male,0.97,27
shubhrangshu,male,0.9,8
shubin,male,0.71,54
shubo,male,0.89,215
shuchao,male,0.86,12
shucheng,male,0.73,28
shuchi,female,0.99,2011
shuchin,female,0.75,14
shuchita,female,0.97,64
shude,male,0.59,25
shufang,female,0.9,86
shugo,male,0.83,82
shugong,male,0.67,1
shuguan,male,0.75,2
shuguang,male,0.93,52
shuhang,male,0.64,26
shuhao,male,0.8,58
shuhei,male,1.0,1580
shuhong,female,0.75,50
shuhua,female,0.77,139
shuhuang,male,0.67,1
shui,male,0.53,537
shui-qing,,0.0,0
shuib,male,0.96,320
shuichi,male,1.0,1470
shuichiro,male,0.98,87
shuigang,,0.0,0
shuige,male,0.67,1
shuiguang,,0.0,0
shuijin,female,0.58,10
shuinai,,0.0,0
shuiyang,female,0.67,1
shuiyao,,0.0,0
shujaat,male,0.97,484
shuji,male,0.99,1470
shujie,female,0.72,81
shujing,female,0.91,66
shujun,female,0.74,131
shukai,male,0.91,33
shuki,male,0.83,651
shukui,male,0.6,3
shukun,male,0.71,29
shulabh,male,0.8,3
shulamit,female,1.0,889
shulei,male,0.55,20
shuliang,male,0.81,29
shulin,female,0.65,125
shuman,male,0.72,269
shumei,female,0.93,133
shumin,female,0.84,149
shuming,male,0.71,111
shumon,male,0.95,691
shumpei,male,0.98,86
shun,male,0.83,3121
shun'ya,female,0.67,1
shun-cai,,0.0,0
shun-jen,male,0.5,2
shun-li,female,0.67,1
shun-qing,,0.0,0
shun-sheng,male,0.67,1
shun-yao,,0.0,0
shunbo,male,0.75,2
shunchuan,,0.0,0
shunda,female,0.96,415
shunfa,male,0.92,10
shung-ichi,,0.0,0
shunhong,male,0.67,4
shunhua,female,0.6,28
shunichi,male,1.0,209
shunichiro,male,0.98,46
shuning,female,0.86,55
shunji,male,0.92,206
shunke,,0.0,0
shunli,male,0.77,45
shunliu,male,0.67,1
shunqing,male,0.79,12
shunquan,male,0.67,1
shunsaku,male,0.96,25
shunsuke,male,1.0,2521
shuntaro,male,0.98,95
shunya,female,0.58,344
shunye,female,0.75,2
shunyu,female,0.63,30
shuo,male,0.66,778
shuoguang,,0.0,0
shuolong,male,0.67,1
shuoming,male,0.6,3
shuonan,male,0.57,5
shuopei,male,0.75,2
shuowen,female,0.6,3
shupeng,male,0.79,26
shuping,female,0.52,206
shuqi,female,0.87,139
shuqiang,male,0.85,11
shuran,female,0.68,39
shurik,male,0.98,368
shuro,male,0.7,18
shusaku,male,0.99,108
shusen,male,0.88,24
shushi,female,0.68,108
shushu,female,0.81,644
shusu,female,0.75,2
shusuke,male,0.98,100
shuta,male,0.91,91
shutang,male,0.65,18
shutaro,male,0.98,40
shutian,female,0.52,21
shuting,female,0.97,211
shuto,male,0.98,87
shuvendu,male,0.98,58
shuvojit,male,0.97,60
shuvrangshu,male,0.6,3
shuwang,male,0.71,5
shuwen,female,0.83,154
shuxi,male,0.55,9
shuxia,female,0.89,42
shuxian,female,0.93,89
shuxiang,male,0.57,19
shuxin,female,0.74,99
shuxing,male,0.58,17
shuxuan,female,0.72,23
shuxun,male,0.9,8
shuya,male,0.53,191
shuyang,female,0.54,100
shuyu,female,0.68,181
shuyuan,female,0.71,89
shuyue,female,0.93,52
shuyun,female,0.93,81
shuzhe,male,0.67,7
shuzhen,female,0.95,106
shuzhong,male,0.86,5
shweta,female,1.0,48237
shwetak,male,0.8,3
shy,female,0.63,2299
shy-jay,female,0.67,1
shyam,male,0.99,52558
shyamal,male,0.97,1737
shyamnath,male,0.96,25
shyamsunder,male,0.97,191
shynaray,female,0.8,3
shyue,male,0.68,17
shyuichi,male,0.75,2
shōta,male,0.99,4053
si,male,0.62,32131
si-cong,,0.0,0
si-hui,,0.0,0
si-hyeon,male,0.75,2
si-ioi,,0.0,0
si-jiang,,0.0,0
si-na,female,0.67,1
si-qi,,0.0,0
si-qiang,,0.0,0
si-ran,,0.0,0
si-wen,,0.0,0
si-xue,,0.0,0
si-yu,female,0.63,6
si-yuan,male,0.86,5
si-yue,,0.0,0
siamak,male,0.99,2675
sian,female,0.93,8388
siani,female,0.88,487
siarhei,male,1.0,282
siavash,male,0.99,6691
sibai,male,0.67,16
sibasish,male,0.94,32
sibei,male,0.5,20
sibel,female,0.98,66128
sibin,male,0.98,578
sibnath,male,0.98,44
sibo,male,0.52,646
sibren,male,0.99,76
sibylle,female,0.99,3793
sichen,male,0.51,68
sicheng,male,0.79,69
sichun,male,0.67,13
sicong,male,0.68,70
sicun,male,0.86,5
sid,male,0.97,36759
sida,female,0.52,1106
siddarth,male,1.0,2851
siddhant,male,1.0,9235
siddhardh,male,0.86,5
siddharth,male,1.0,38310
siddhartha,male,1.0,10352
siddhi,female,0.98,5189
siddique,male,0.97,2476
sidhant,male,1.0,2275
sidhanth,male,0.99,161
sidharta,male,0.97,72
sidharth,male,1.0,8201
sidi,male,0.95,13358
sidney,male,0.78,13699
sidra,female,0.97,13022
siegfried,male,1.0,16181
siep,male,0.92,337
sieun,female,0.94,75
sifan,female,0.67,1153
sigal,female,0.99,4101
sigang,female,0.65,15
sigbjørn,male,0.99,173
sigmund,male,0.99,2336
sigmundur,male,0.96,21
signe,female,0.99,9861
sigrid,female,0.99,21389
sigrun,female,1.0,2575
sigtryggur,male,0.92,10
siguang,male,0.71,5
sigurd,male,1.0,3502
sigurdur,male,1.0,423
siham,female,0.95,76579
sihan,female,0.53,339
sihao,male,0.91,75
sihem,female,0.97,16902
siheng,male,0.65,15
siheon,male,0.86,5
sihong,female,0.53,55
sihua,female,0.55,47
sihuang,,0.0,0
sihui,female,0.91,139
sijie,female,0.69,160
sijin,male,0.79,233
sijing,female,0.84,65
sijme-jan,,0.0,0
sijo,male,0.95,1379
sijong,male,0.67,1
silang,male,0.71,22
silas,male,0.99,23165
sile,male,0.55,1210
sili,female,0.64,910
siliang,male,0.66,39
silja,female,0.99,3095
silke,female,0.99,39698
silpa,female,0.99,2084
silvan,male,0.97,5044
silvana,female,0.99,159875
silvania,female,0.98,2404
silvano,male,1.0,34293
silvere,male,0.97,550
silverio,male,0.99,10543
silvia,female,1.0,693980
silvio,male,1.0,97822
silviu,male,0.99,6342
silviu-iulian,male,0.67,1
silvius,male,0.91,140
silvère,male,0.97,550
sima,female,0.92,25554
simchon,male,0.67,4
simen,male,0.94,1163
simeng,female,0.76,87
simeon,male,0.99,18763
simge,female,0.97,6980
simha,female,0.52,533
simin,female,0.97,5246
simina,female,0.95,1089
siming,male,0.57,113
simion,male,0.88,4086
simo,male,0.94,298734
simon,male,0.99,530211
simon-pierre,male,0.99,216
simona,female,0.99,230177
simone,female,0.57,462814
simonetta,female,1.0,22429
simppa,male,0.88,23
simran,female,0.8,8011
simranjeet,male,0.66,341
simão,male,0.98,6864
simón,male,0.99,530211
sin,female,0.52,9760
sina,female,0.54,24017
sinai,female,0.77,1689
sinan,male,0.98,102472
sincheol,male,0.75,2
sinclaire,female,0.76,151
sindre,male,0.99,836
sinead,female,1.0,20451
sinem,female,0.98,41282
sining,female,0.63,61
sinisa,male,0.99,4465
sinong,male,0.5,14
sinya,female,0.59,203
sinéad,female,1.0,20451
sione,male,0.65,300
siqi,female,0.95,1995
siqian,female,0.67,19
siqing,female,0.67,37
sira,female,0.88,6015
sirachak,,0.0,0
siraj,male,0.96,26419
siramas,male,0.67,1
siran,male,0.68,827
sirichok,male,0.78,7
sirio,male,0.94,1924
sirshendu,male,0.91,20
sirui,female,0.64,89
sishu,male,0.79,37
sisi,female,0.88,22123
sissi,female,0.98,15507
sitabhra,,0.0,0
sitai,male,0.67,7
sitaram,male,0.95,2823
sitian,female,0.8,18
siting,female,0.85,76
siu,male,0.5,3712
siu-cheong,male,0.8,3
siu-hung,male,0.8,3
siu-wing,male,0.67,1
siuli,female,0.91,76
siva,male,0.97,72262
sivaguru,male,0.97,187
sivaji,male,0.97,525
sivakumar,male,0.96,3595
sivan,female,0.63,5010
sivaprasad,male,0.97,407
sivaramakrishnan,male,0.99,88
sivaraman,male,0.97,394
sivasankaran,male,0.97,100
siwei,female,0.51,177
siwen,female,0.77,123
sixia,female,0.82,9
sixiang,male,0.76,15
sixie,female,0.64,9
sixuan,female,0.92,48
siyang,male,0.51,138
siyao,female,0.78,128
siye,female,0.57,81
siyi,female,0.81,274
siyu,female,0.77,612
siyuan,male,0.92,1791
sizheng,male,0.8,3
siân,female,0.93,8388
sjaak,male,0.97,4409
sjard,male,0.9,18
sjoerd,male,0.99,5880
sjoert,male,0.96,51
sjouke,male,0.91,341
sk,male,0.88,43572
skip,male,0.99,14527
sky,male,0.7,20759
slava,male,0.9,9933
slavche,male,0.9,8
slavek,male,0.99,817
slaven,male,0.99,1139
slavka,female,0.93,1939
slavko,male,0.99,5472
slavomir,male,0.99,762
slavomír,male,0.99,762
slawomir,male,1.0,10894
sleiman,male,0.95,836
slim,male,0.96,28222
slimane,male,0.98,12799
slinger,male,0.76,23
sloane,female,0.83,625
slobodan,male,0.99,5033
smadar,female,0.99,1141
smail,male,0.97,47812
smarajit,male,0.94,51
smarak,male,0.94,16
smita,female,1.0,21397
smitha,female,1.0,9291
smriti,female,1.0,7914
sneh,female,0.77,1594
sneha,female,1.0,46647
snehajit,male,0.67,1
snehal,female,0.6,1933
snehalata,female,0.99,103
snehanshu,male,0.92,22
snehasish,male,0.99,107
sneihil,,0.0,0
snezana,female,0.99,11178
snezhana,female,0.99,2362
snežana,female,0.99,11178
snigdha,female,1.0,4678
snir,male,0.95,820
snorri,male,0.98,125
so,female,0.74,42455
sobhan,male,0.91,1520
sobhit,male,0.93,118
sodai,male,0.9,8
soebur,male,0.75,2
soeren,male,0.99,541
sofia,female,0.99,388781
sofia-paraskevi,,0.0,0
sofian,male,0.97,21999
sofiane,male,0.98,58760
sofie,female,0.99,41731
sofiene,male,0.99,4674
sofiya,female,0.96,6398
sofya,female,0.96,6660
sofyan,male,0.96,14171
sofía,female,0.99,388781
sogo,male,0.84,305
soh,male,0.6,4523
soham,male,0.98,5937
sohan,male,0.95,11649
sohee,female,0.95,414
sohei,male,0.93,105
soheil,male,0.99,9277
soheyla,female,0.97,385
sohini,female,1.0,1996
sohrab,male,0.98,7980
sohyun,female,0.96,290
soichi,male,0.99,362
soichiro,male,0.99,301
sokbae,,0.0,0
soko,male,0.53,721
sokol,male,0.99,5502
sokrates,male,0.97,189
sol,female,0.88,36491
soledad,female,0.99,68251
solenne,female,0.99,3778
solesne,female,0.89,7
solmar,female,0.6,198
solmaz,female,0.92,3218
solofo,male,0.94,106
solomia,female,0.99,297
solomiia,female,0.97,35
solomon,male,0.98,62238
solon,male,0.99,1554
solène,female,0.99,12322
som,male,0.81,10949
soma,female,0.88,36490
somabha,male,0.67,1
somaditya,male,0.88,6
somak,male,0.96,45
somanath,male,0.97,429
somayeh,female,0.98,2008
sombuddha,male,0.83,4
some,male,0.72,954
somenath,male,0.99,136
somendra,male,0.97,85
somer,female,0.78,1819
somesh,male,0.98,803
somnath,male,0.98,3057
somphong,male,0.93,128
somrita,female,0.92,11
somshubhro,male,0.67,1
somshubra,male,0.67,1
somya,female,0.96,6017
son,male,0.69,10966
sona,female,0.85,29784
sondre,male,0.99,750
soner,male,0.98,34348
song,male,0.65,6176
song-bo,,0.0,0
song-chun,,0.0,0
song-hai,,0.0,0
song-hyok,,0.0,0
song-jin,,0.0,0
song-kyoo,male,0.75,2
song-nam,,0.0,0
songbai,male,0.75,10
songbin,male,0.81,14
songbo,male,0.93,26
songci,male,0.6,3
songhu,male,0.9,8
songky,male,0.8,3
songlin,male,0.9,77
songling,female,0.52,23
songliu,,0.0,0
songnian,male,0.83,4
songpon,male,0.93,39
songtao,male,0.94,60
songtian,male,0.75,6
songxiang,male,0.78,7
songxiao,male,0.67,1
songxue,male,0.5,4
songyan,female,0.52,25
songyang,male,0.72,23
songyoun,,0.0,0
songyuan,male,0.79,22
songze,male,0.78,7
songül,female,0.98,23769
sonia,female,0.99,639360
sonika,female,0.99,5000
sonja,female,0.99,112146
sonjoy,male,0.96,867
sonmez,male,0.86,1054
sonny,male,0.92,17457
sonu,male,0.9,44972
soo,female,0.7,12353
soo-chang,,0.0,0
soo-jong,male,0.8,3
soo-min,female,0.83,27
soobin,female,0.9,492
soogang,male,0.75,2
soogil,male,0.8,8
soohyun,female,0.71,321
soohyung,male,0.75,34
soojean,female,0.83,4
soojin,female,0.98,1349
soojong,male,0.91,20
soojoon,male,0.83,4
soon,male,0.75,5652
soon-gil,male,0.67,1
soon-jo,male,0.67,1
soon-seo,,0.0,0
soon-tae,male,0.75,2
soon-wook,,0.0,0
soong-geun,,0.0,0
soonkeon,,0.0,0
soonmin,male,0.79,27
soonsang,male,0.75,6
soonsik,male,0.89,7
soonwon,male,0.79,17
sooran,male,0.68,29
soorya,male,0.91,1282
sooryansh,,0.0,0
sopheak,male,0.95,1033
sophia,female,0.99,142897
sophiane,male,0.84,661
sophie,female,0.99,402301
sophocles,male,0.97,30
soran,male,0.97,2446
soren,male,0.99,9338
sorin,male,0.99,15194
sorin-mihai,male,0.86,5
sorina,female,0.99,6612
soroush,male,0.99,4710
sorrachai,male,0.86,5
soshi,male,0.59,133
sosuke,male,0.98,225
sota,male,0.94,611
sotaro,male,0.99,87
soteris,male,0.97,110
sotiria,female,1.0,1331
sotirios,male,1.0,1574
sotiris,male,1.0,6591
soubhik,male,0.96,53
soudeep,male,0.75,2
soufian,male,0.97,23424
soufiane,male,0.98,57047
sougata,male,0.88,191
sougato,male,0.9,8
souheila,female,0.98,509
souheyb,male,0.91,20
soulaimane,male,0.96,1252
souma,female,0.9,11210
soumajyoti,male,0.67,1
soumak,male,0.92,23
soumalya,male,0.97,37
soumangsu,,0.0,0
soumavo,male,0.9,8
soumaya,female,0.98,17431
soumen,male,0.98,1301
soumendra,male,0.96,73
soumendu,male,0.98,51
soumi,female,0.81,1225
soumik,male,0.99,332
soumitra,male,0.95,562
soummya,male,0.5,4
soumya,female,0.96,23721
soumyabrata,male,0.97,30
soumyadeep,male,0.99,120
soumyadip,male,0.98,92
soumyadipta,male,0.83,16
soumyajit,male,0.98,196
soumyajyoti,male,0.94,16
soumyarup,male,0.92,11
soumyashant,,0.0,0
soumyottam,,0.0,0
sounak,male,0.98,101
soung,male,0.6,222
soung-chul,male,0.67,1
souptik,male,0.93,26
sourabh,male,0.99,2427
souradeep,male,0.98,43
sourangshu,male,0.83,4
sourangsu,male,0.8,3
sourath,male,0.57,5
sourav,male,0.98,5207
sourendu,male,0.67,1
sourin,male,0.88,32
sourish,male,1.0,665
sourov,male,0.97,452
sousuke,male,0.95,54
soutir,male,0.67,1
souvik,male,0.99,939
sowgat,male,0.83,4
sowmya,female,1.0,13719
sownak,male,0.67,1
soyi,female,0.76,65
spandan,male,0.99,936
spencer,male,0.96,17047
spenta,female,0.62,11
sphesihle,male,0.64,3778
spiro,male,0.99,2877
spiros,male,1.0,9257
spring,female,0.7,3005
spyridon,male,1.0,1465
spyros,male,1.0,8001
sravani,female,1.0,7159
srdjan,male,0.99,4660
sree,female,0.79,18182
sreedevi,female,0.92,389
sreeja,female,0.99,3673
sreejith,male,0.99,3633
sreekanth,male,0.99,1339
sreemanti,female,0.75,2
sreenath,male,0.99,618
sreenatha,male,0.86,5
sreenivas,male,0.99,808
sreeraj,male,0.99,530
sreeram,male,0.99,2280
sreeraman,male,0.94,14
sreetama,female,0.96,25
sreevani,female,0.88,38
sreevatsa,male,0.63,6
sridhar,male,1.0,21358
sridip,male,0.92,10
srihari,male,1.0,3606
srijan,male,0.99,1786
srijani,female,0.91,32
srijit,male,0.96,75
srijita,female,0.95,58
srijon,male,0.93,84
srikant,male,0.97,944
srikanta,male,0.97,733
srikanth,male,1.0,31018
srilakshmi,female,1.0,2288
srilena,female,0.67,1
srilok,,0.0,0
srimanta,male,0.95,328
srimat,male,0.63,6
srimoy,male,0.8,8
srimoyee,female,0.77,20
srinivas,male,1.0,53723
srinivasa,male,0.99,1530
srinivasan,male,0.97,2302
sriram,male,1.0,13851
sriramkrishnan,male,0.67,1
srishti,female,1.0,6953
sristy,female,0.88,80
srivatsa,male,1.0,655
srivatsan,male,1.0,762
srivatsav,male,0.89,17
srubabati,,0.0,0
srujan,male,1.0,1799
srutarshi,male,0.75,2
sruthi,female,0.99,7884
srđan,male,1.0,419
ssohrab,,0.0,0
staas,male,0.83,10
stacey,female,0.96,35052
stacy,female,0.93,27109
stafford,male,0.98,1716
stam,male,0.92,942
stan,male,0.98,81555
stanimir,male,0.99,1030
stanislas,male,0.98,4471
stanislav,male,1.0,43666
stanislaw,male,0.99,13199
stanisław,male,0.99,13199
stanley,male,0.99,95031
stark,male,0.95,1406
stasja,female,0.98,61
stasys,male,0.98,524
staszek,male,0.98,1189
stathis,male,0.99,2138
statia,female,0.98,141
stav,female,0.62,2363
stavros,male,1.0,11815
steen,male,1.0,10491
stef,male,0.7,33233
stefaan,male,0.99,3324
stefan,male,0.99,365043
stefania,female,1.0,197590
stefanie,female,0.99,111257
stefano,male,1.0,399957
stefanos,male,1.0,8657
steffen,male,1.0,51812
stefi,female,0.87,3698
stefka,female,0.98,1173
stein,male,0.99,7494
steinn,male,0.95,19
stela,female,0.99,15344
stelian,male,0.99,1737
stelios,male,1.0,12181
stella,female,0.99,194408
sten,male,0.99,7729
stepan,male,0.99,11093
steph,female,0.71,66740
stephan,male,1.0,110965
stephane,male,0.98,148189
stephanie,female,1.0,725257
stephen,male,1.0,562690
stephon,male,0.99,2948
stergios,male,1.0,851
stevan,male,0.99,9060
stevanus,male,0.99,120
steve,male,1.0,865347
steven,male,1.0,623298
stevo,male,0.99,2374
stewart,male,1.0,41057
sthitadhi,male,0.6,3
stian,male,1.0,8478
stig,male,1.0,14006
stijn,male,0.99,11016
stilian,male,0.98,206
stine,female,0.98,3810
stiven,male,0.99,27923
stjepan,male,0.99,3551
stoichko,male,0.93,12
stoyan,male,0.99,1728
stoyanka,female,0.96,158
stoytcho,male,0.9,8
stratis,male,0.98,246
stuart,male,1.0,146945
stylianos,male,1.0,1494
stéphan,male,1.0,110965
stéphane,male,0.98,148189
stéphanie,female,1.0,725257
su,female,0.75,23531
su-chan,male,0.67,1
su-di,,0.0,0
su-fei,,0.0,0
su-huai,,0.0,0
su-jie,,0.0,0
su-juan,,0.0,0
su-kuan,female,0.67,1
su-peng,,0.0,0
su-su,female,0.92,10
su-yang,male,0.67,1
su-yong,male,0.67,7
suad,female,0.72,6364
suash,male,0.63,6
suat,male,0.97,28396
suayb,male,0.96,130
suban,male,0.57,951
subenoy,,0.0,0
subha,female,0.63,1585
subhabrata,male,0.99,132
subhadeep,male,0.99,211
subhadip,male,0.99,245
subhaditya,male,0.83,4
subhajeet,male,0.96,26
subhajit,male,0.99,725
subham,male,0.97,2166
subhamoy,male,0.95,64
subhanjoy,,0.0,0
subhanka,male,0.5,2
subhankar,male,0.99,983
subhanshu,male,0.96,21
subharthi,female,0.56,7
subhas,male,0.96,1342
subhash,male,0.97,11072
subhashis,male,0.99,109
subhashish,male,0.96,83
subhasis,male,0.99,400
subhasish,male,0.99,372
subhasmita,female,0.95,134
subhayan,male,0.97,29
subhendra,male,0.86,19
subhendu,male,0.99,437
subhojit,male,0.99,244
subhojoy,male,0.75,2
subhonmesh,,0.0,0
subhra,female,0.62,331
subhradip,male,0.89,17
subhrajit,male,0.99,133
subhrakanti,male,0.71,5
subhro,male,0.98,90
subhroneel,male,0.67,1
subhroshekhar,male,0.67,1
subikash,male,0.86,5
subin,male,0.87,2081
subinoy,male,0.97,56
subir,male,0.98,1222
subo,male,0.82,287
subodh,male,0.97,3076
subong,male,0.87,13
subrahmanyam,male,0.92,223
subramanian,male,0.97,1698
subramanya,male,0.99,177
subrata,male,0.97,3663
subrato,male,0.95,256
subroto,male,0.98,524
suchandan,male,0.95,18
suchandrima,female,0.9,8
sucharit,male,0.91,9
sucheol,male,0.89,7
sucheta,female,0.99,290
suchetan,male,0.83,4
suchetana,female,0.71,12
suchetha,female,0.88,23
suchira,female,0.8,38
suchismita,female,0.98,249
suchita,female,0.99,3990
suchitra,female,0.95,864
suchuan,male,0.71,5
suda,female,0.78,1262
sudan,male,0.89,1777
sudarshan,male,0.99,11338
suddhasattwa,male,0.86,5
sudeb,male,0.95,311
sudeep,male,1.0,10036
sudeepa,female,0.78,61
sudeshna,female,0.98,338
sudev,male,0.97,157
sudha,female,0.95,20356
sudhakantha,,0.0,0
sudhakar,male,0.98,4694
sudhaker,male,0.96,75
sudhan,male,0.96,543
sudhanshu,male,0.99,1352
sudhansu,male,0.95,389
sudhanwa,male,0.9,8
sudheer,male,0.98,4544
sudhir,male,0.99,39099
sudin,male,0.96,779
sudip,male,0.99,11975
sudipan,male,0.8,3
sudipta,male,0.7,1039
sudipto,male,0.99,559
sudong,male,0.83,16
suelen,female,0.99,3366
suen,male,0.71,1037
sufen,female,0.91,108
sug,male,0.61,150
sugandha,female,0.95,305
sugata,male,0.85,65
sugato,male,0.73,13
suguman,female,0.67,1
sugumi,female,0.8,3
suguru,male,0.99,356
suh-ryung,,0.0,0
suhail,male,0.96,9566
suhan,male,0.88,1686
suhang,male,0.66,36
suhas,male,1.0,12936
suhasini,female,0.98,305
suho,male,0.74,122
suhwan,male,0.98,41
suhyoung,female,0.83,10
suhyun,female,0.77,236
sui,female,0.83,3496
sui-chung,,0.0,0
suihua,female,0.75,6
suijian,,0.0,0
suja,female,0.91,3704
sujan,male,0.97,13941
sujata,female,0.99,14369
sujay,male,0.99,6864
sujeet,male,0.95,2917
suji,female,0.62,1764
sujin,female,0.83,3703
sujit,male,0.99,22177
sujoy,male,0.98,1139
suk,male,0.64,1936
suk-jin,male,0.5,4
sukannya,female,0.92,10
sukanta,male,0.96,1349
sukanya,female,1.0,8305
sukhdeep,male,0.75,1169
sukhendu,male,0.96,169
sukhpal,male,0.85,582
sukin,male,0.76,68
sukit,male,0.94,97
sukjin,male,0.81,41
sukla,female,0.84,329
sukrit,male,0.99,142
sukriti,female,0.9,207
sukru,male,0.99,20336
sukumar,male,0.96,2178
sukyoung,female,0.81,56
sulaiman,male,0.97,33442
sulan,female,0.65,203
sultan,male,0.78,111135
sultana,female,0.96,7612
sultim,male,0.86,5
suma,female,0.93,11275
sumaia,female,0.98,1945
suman,male,0.7,24661
sumana,female,0.97,3947
sumanjit,male,0.56,30
sumanta,male,0.96,954
sumathi,female,0.94,1749
sumati,female,0.92,236
sumedha,female,0.96,2951
sumeet,male,0.94,1955
sumeetpal,male,0.86,5
sumei,female,0.93,101
sumeru,male,0.81,19
sumesh,male,0.99,2710
sumilan,male,0.86,5
sumio,male,0.99,288
sumiran,male,0.78,78
sumit,male,1.0,85685
sumito,male,0.95,42
sumiyoshi,male,0.88,6
sumner,male,0.81,205
sumudu,male,0.54,497
sun,female,0.52,20989
sun-goo,,0.0,0
sun-ho,male,0.94,15
sun-ju,female,0.91,9
sun-sig,,0.0,0
sun-yong,male,0.8,3
sun-yung,,0.0,0
sunan,male,0.64,441
sunandan,male,0.9,39
sunando,male,0.95,18
sunao,male,0.94,279
sunay,male,0.6,5938
sunayana,female,0.99,156
sundar,male,0.96,5486
sundaram,male,0.95,875
sundararajan,male,0.98,119
sundeep,male,0.93,1060
sunder,male,0.93,1608
sune,male,0.77,1690
sunetra,female,0.96,80
sung,male,0.82,5364
sung-chul,male,0.95,18
sung-eui,,0.0,0
sung-ho,male,0.98,48
sung-hong,male,0.67,1
sung-il,male,0.94,31
sung-jin,male,0.97,58
sung-ju,male,0.77,11
sung-kwan,male,0.8,3
sung-kyun,male,0.91,9
sung-sik,male,0.93,13
sung-soo,male,0.94,16
sungbin,male,0.92,61
sungguen,male,0.75,2
sunghan,male,0.96,43
sungho,male,0.99,397
sunghoon,male,0.99,267
sunghun,male,0.97,131
sunghwan,male,0.98,190
sunghyuk,male,0.94,16
sunghyun,male,0.92,225
sungjay,male,0.75,2
sungjin,male,0.94,359
sungjong,male,0.94,30
sungjoon,male,0.99,68
sungkyun,male,0.96,26
sungkyung,female,0.79,31
sungmin,male,0.89,521
sungmun,male,0.9,8
sungroh,,0.0,0
sungryong,male,0.91,9
sungsoo,male,0.98,160
sungsoon,male,0.69,14
sungtae,male,0.99,67
sungwoo,male,0.99,252
sungwook,male,0.98,172
sungwoon,male,0.92,36
sungyong,male,0.99,103
sunho,male,0.93,163
sunil,male,0.99,207071
sunita,female,0.98,35883
sunjae,male,0.78,49
sunjay,male,0.99,773
sunjin,female,0.64,70
sunjung,female,0.85,71
sunkyu,male,0.89,34
sunkyung,female,0.91,77
sunmin,female,0.57,117
sunny,male,0.76,58266
sunoo,male,0.75,22
sunra,female,0.55,9
sunseng,male,0.75,2
sunsoo,male,0.78,7
sunwoo,male,0.74,190
sunyoung,female,0.91,556
sunčica,female,0.98,661
suo,female,0.61,273
suoqing,,0.0,0
suotang,,0.0,0
supachai,male,0.98,265
supakchai,male,0.75,2
supanat,male,0.86,26
supantha,male,0.7,8
supanut,male,0.89,33
supatsara,female,0.93,12
supeng,male,0.57,21
suprabh,male,0.8,3
suprajo,male,0.67,1
supranta,male,0.67,1
suprateek,male,0.82,9
supratik,male,0.99,81
supratim,male,0.99,166
suprit,male,0.87,61
supriya,female,0.99,24957
supriyo,male,0.97,324
suprovat,male,0.92,11
supurna,female,0.63,6
surabhi,female,1.0,7914
suraj,male,0.99,83234
surajit,male,0.98,1570
suranga,male,0.95,1157
suratna,female,0.55,9
suratno,male,0.96,55
surekha,female,0.98,1372
suren,male,0.98,7153
surender,male,0.97,3042
surendra,male,0.97,11747
suresh,male,0.99,169739
surhud,,0.0,0
suriyanarayanan,male,0.93,13
surjeet,male,0.93,1753
surojit,male,0.97,793
suruj,male,0.93,929
surya,male,0.86,14821
suryanarayana,male,0.87,190
suryaprakash,male,0.96,150
susama,female,0.95,131
susan,female,1.0,661486
susana,female,0.99,286020
susanna,female,0.99,66088
susanne,female,1.0,138285
susanta,male,0.95,2201
susarla,male,0.75,6
susely,female,0.97,87
susha,female,0.82,124
sushant,male,1.0,19371
sushanta,male,0.98,1187
susheng,male,0.6,3
sushil,male,0.99,38939
sushma,female,0.99,19516
sushmita,female,0.99,7256
susi,female,0.98,41978
susmita,female,0.91,2918
susobhan,male,0.93,28
susovan,male,0.92,62
susumu,male,1.0,1793
sut-ieng,,0.0,0
sutanu,male,0.91,45
sutapa,female,0.9,319
suthee,male,0.9,58
suvajit,male,0.97,95
suvankar,male,0.97,317
suvendu,male,0.97,357
suvi,female,0.98,7096
suvikranth,,0.0,0
suvodip,male,0.97,27
suvra,female,0.72,98
suvrat,male,0.94,30
suvrath,male,0.5,2
suvrit,male,0.6,3
suwon,male,0.77,58
suyash,male,1.0,4610
suyi,female,0.83,361
suyong,male,0.83,82
suyoun,female,0.93,39
suyu,female,0.8,80
suzan,female,0.98,47215
suzanne,female,1.0,188937
suzhi,female,0.84,17
suzuka,female,0.85,135
suzy,female,0.99,39688
svante,male,0.99,638
svea,female,0.98,1666
svein,male,0.99,2010
sven,male,1.0,120547
sven-ake,male,0.99,87
sven-erik,male,1.0,349
sven-olaf,male,0.97,36
svend-age,male,0.75,2
svenja,female,0.98,10577
svetlana,female,0.99,123070
svetlozar,male,0.99,205
svetozar,male,0.99,503
sviatoslav,male,0.99,230
svitlana,female,0.99,5656
svjetlana,female,0.98,1189
svyatoslav,male,1.0,648
swades,male,0.88,15
swadesh,male,0.98,265
swagat,male,0.96,169
swagata,female,0.83,191
swagato,male,0.92,36
swami,male,0.68,2005
swanand,male,0.99,112
swann,male,0.73,1320
swapan,male,0.97,3206
swapnamay,male,0.67,1
swapnil,male,1.0,38345
swaprava,male,0.75,2
swara,female,0.92,1485
swarat,male,0.86,5
swarnabha,male,0.89,7
swarnadeep,male,0.95,20
swarnadip,male,0.88,6
swarnajit,male,0.86,5
swarnapratim,,0.0,0
swarnava,male,0.86,26
swarnendu,male,0.97,56
swaroop,male,0.97,620
swarun,male,0.9,8
swarup,male,0.97,880
swastik,male,0.99,1852
swatantra,male,0.96,133
swati,female,1.0,50949
swayamshree,female,0.75,2
swayamtrupta,,0.0,0
swee,female,0.58,1922
swellam,male,0.67,1
swen,male,0.98,4694
sweta,female,0.99,15519
swetamber,,0.0,0
swetaprovo,,0.0,0
swetha,female,1.0,17036
swetlana,female,0.99,2433
sy-david,,0.0,0
syamal,male,0.88,58
syamantak,male,0.93,12
syamsundar,male,0.93,28
sybrand,male,0.98,219
sydney,female,0.68,17979
syed,male,0.99,240287
syksy,female,0.75,2
sylvain,male,0.99,125784
sylvester,male,0.99,23905
sylvestre,male,0.98,4402
sylvia,female,1.0,196436
sylvie,female,0.99,250729
sylvio,male,1.0,4942
sylvy,female,0.95,209
sylwia,female,0.99,87237
symeon,male,0.99,517
symon,male,0.96,1609
synge,male,0.5,10
syo,male,0.84,237
sytze,male,0.99,295
syu,female,0.62,456
syu-siang,,0.0,0
syuhei,male,0.98,49
syunta,male,0.89,7
szabolcs,male,1.0,6356
szczepan,male,1.0,1905
sze,female,0.71,2790
szilard,male,0.99,1138
szilvia,female,0.99,10910
szilárd,male,0.99,1138
szu-chao,,0.0,0
szu-wei,male,0.83,4
szymon,male,1.0,41195
sándor,male,0.98,12566
sávio,male,0.99,11326
säm,male,0.9,647976
sébastien,male,0.99,194327
sérgio,male,1.0,809338
séverin,male,0.97,7323
séverine,female,0.99,53990
síle,male,0.55,1210
sílvio,male,1.0,97822
sönke,male,0.95,832
sören,male,0.99,9338
sølve,male,0.76,107
søren,male,0.99,9338
süleyman,male,0.99,70107
sümeyra,female,0.98,2769
sümeyye,female,0.98,7641
sławek,male,1.0,9111
sławomir,male,1.0,10894
ta,male,0.59,15928
ta-hsin,,0.0,0
taavi,male,1.0,881
tabaré,male,0.98,396
tabea,female,0.98,4193
tabetha,female,1.0,1603
tabish,male,0.99,3894
tachporn,,0.0,0
tad,male,0.99,6616
tadafumi,male,0.96,24
tadahiro,male,0.99,147
tadahisa,male,0.95,19
tadakatsu,male,0.93,13
tadao,male,0.99,507
tadas,male,0.99,1977
tadashi,male,0.99,3293
tadatomo,male,0.83,4
tadayasu,male,0.86,5
tadayoshi,male,1.0,214
tadayuki,male,0.99,101
taddäus,male,0.75,2
tadeas,male,0.99,1043
tadej,male,0.99,1160
tadele,male,0.95,373
tadeusz,male,1.0,18034
tae,male,0.74,4876
tae-geun,male,0.67,1
tae-hoon,male,0.97,36
tae-hwan,male,0.92,10
tae-soo,male,0.88,6
taegyu,male,0.98,48
taeho,male,1.0,291
taehun,male,0.98,92
taehyun,male,0.98,578
taejin,male,0.92,170
taejoon,male,0.96,53
taek,male,0.92,246
taekyun,male,0.93,28
taesoo,male,0.96,78
taewoo,male,0.98,162
taeyoung,male,0.83,246
taha,male,0.97,91355
tahani,female,0.98,8791
tahina,female,0.84,1055
tahir,male,0.98,67734
tahl,male,0.67,19
tai,male,0.65,8171
tai-chang,male,0.67,1
tai-fu,male,0.67,1
tai-peng,male,0.67,1
tai-shuang,,0.0,0
tai-yu,male,0.75,6
taiane,female,0.99,607
taichi,male,0.99,1399
taige,male,0.8,33
taigen,female,0.59,15
taiichi,male,0.95,18
taiji,male,0.96,173
taikan,male,0.94,14
taiki,male,0.99,1013
taimur,male,0.99,2599
taina,female,0.99,12951
tainã,female,0.99,12951
taira,female,0.92,1423
taisei,male,0.99,230
taishi,male,0.99,527
taisir,male,0.68,316
taissa,female,0.99,1060
taisuke,male,1.0,280
taito,male,0.96,201
taiwang,male,0.86,5
taixia,,0.0,0
taizan,male,0.93,12
taizo,male,0.99,364
tajdar,male,0.96,96
tajron,male,0.8,3
tak,male,0.77,4131
tak-san,,0.0,0
taka-hisa,,0.0,0
takaaki,male,1.0,684
takafumi,male,1.0,599
takaharu,male,0.99,135
takahide,male,0.98,99
takahiko,male,1.0,229
takahiro,male,1.0,6534
takahisa,male,0.99,212
takahito,male,1.0,203
takaki,male,0.96,130
takako,female,0.99,2953
takamasa,male,0.99,221
takami,male,0.54,108
takamichi,male,0.99,77
takamitsu,male,0.99,134
takanobu,male,0.99,191
takanori,male,1.0,1753
takao,male,1.0,2434
takasada,,0.0,0
takashi,male,1.0,14948
takashige,male,0.93,25
takasumi,male,0.86,5
takato,male,0.98,133
takatoshi,male,0.99,188
takatsugu,male,0.98,44
takaya,male,0.94,340
takayasu,male,0.97,62
takayoshi,male,0.99,317
takayuki,male,1.0,5152
takeaki,male,0.99,87
takefumi,male,0.99,108
takeharu,male,0.98,51
takehiko,male,0.99,239
takehiro,male,1.0,358
takehisa,male,0.97,63
takehito,male,0.99,111
takekazu,male,0.83,4
takemi,male,0.71,70
takemichi,male,0.93,13
takenori,male,0.99,113
takeo,male,0.99,1638
takeru,male,0.99,694
takeshi,male,0.99,3944
taketo,male,0.98,85
takeyuki,male,0.99,76
takis,male,0.99,3368
takol,male,0.79,12
taksu,male,0.5,4
taku,male,0.94,2992
takuji,male,0.99,203
takuma,male,1.0,1729
takumi,male,0.99,3054
takuro,male,0.99,377
takuto,male,1.0,478
takuya,male,1.0,5878
takuzo,male,0.94,16
takéo,male,0.99,1638
tal,male,0.58,13763
talal,male,0.98,37582
talat,male,0.96,12887
taleana,female,0.8,3
talgar,male,0.9,39
talha,male,0.98,30307
tali,female,0.82,5730
talieh,female,0.79,60
talvikki,female,0.98,39
talwinder,male,0.93,418
talya,female,0.98,3645
tamaghna,male,0.89,7
tamaki,female,0.87,625
tamal,male,0.99,2709
tamar,female,0.9,8324
tamara,female,0.99,242757
tamas,male,0.98,17078
tame,female,0.57,827
tameem,male,0.97,2010
tamer,male,0.98,75410
tamim,male,0.96,8691
tamio,male,0.96,182
tamir,male,0.96,4062
tamiro,male,0.81,30
tamitake,,0.0,0
tamiya,female,0.9,359
tamoghna,male,0.93,28
tamás,male,0.98,17078
tan,male,0.61,66580
tanaji,male,0.98,447
tanay,male,0.75,771
tanda,female,0.75,601
tandy,female,0.7,449
tane,male,0.56,598
tanel,male,0.96,525
taneli,male,0.99,717
taner,male,0.99,45547
tang,female,0.71,20220
tanguy,male,0.99,10452
tania,female,0.99,265981
tanio,male,0.95,328
tanish,male,0.89,381
taniya,female,0.96,4778
tanja,female,0.99,112855
tanjung,male,0.71,163
tankut,male,0.98,440
tanmay,male,1.0,10810
tanmoy,male,0.98,1357
tanner,male,0.97,6458
tanniemola,,0.0,0
tansu,female,0.59,2393
tanujit,male,0.89,7
tanuka,female,0.89,34
tanumoy,male,0.81,35
tanushree,female,0.99,485
tanusri,female,0.94,63
tanveer,male,0.96,16338
tanvi,female,0.99,11416
tanvir,male,0.96,7785
tanweer,male,0.93,1571
tanwi,female,0.67,43
tanya,female,1.0,170758
tao,male,0.83,5258
tao-chung,male,0.75,2
tao-zhi,,0.0,0
taolue,male,0.67,1
taoran,female,0.53,28
taotao,male,0.63,220
taouba,female,0.91,124
taoufik,male,0.98,15632
taous-meriem,,0.0,0
tapabrata,male,0.94,14
tapajit,male,0.83,4
tapan,male,0.99,13809
tapani,male,1.0,1483
tapas,male,0.97,2868
tapash,male,0.97,853
tapio,male,1.0,2789
tapobrata,male,0.9,8
tapoja,female,0.67,1
tapomayukh,male,0.67,1
tapomoy,male,0.83,4
taqwa,female,0.97,600
tara,female,0.97,154649
tarak,male,0.98,8515
tarakanta,male,0.96,26
taran,male,0.76,1384
tarapada,male,0.9,50
taras,male,0.99,9997
tarek,male,0.99,163911
tareq,male,0.99,24965
tarig,male,0.99,5634
tarik,male,0.98,107186
tariq,male,0.99,75423
tarmo,male,0.99,1098
taro,male,0.97,3999
tarraneh,female,0.67,1
tarun,male,1.0,43204
tasawar,male,0.97,1921
tashalee,female,0.99,83
tashi,male,0.6,1740
tasho,male,0.91,72
tasio,male,0.98,347
taskin,male,0.95,2480
tasneem,female,0.98,21418
tasos,male,0.99,9414
tassos,male,0.99,833
tasuki,male,0.65,15
tasuku,male,0.99,149
tat,male,0.59,2755
tatehiro,,0.0,0
tathagata,male,0.98,128
tathamay,,0.0,0
tatiana,female,0.99,300747
tatjana,female,0.99,39749
tatsu,male,0.96,365
tatsu-hiko,,0.0,0
tatsuaki,male,0.98,49
tatsuhiko,male,0.99,157
tatsuhiro,male,0.99,113
tatsuji,male,0.95,41
tatsuki,male,0.98,427
tatsuma,male,0.96,43
tatsumi,male,0.94,347
tatsuo,male,1.0,1186
tatsuro,male,1.0,649
tatsushi,male,0.97,63
tatsuya,male,1.0,4906
tatu,male,0.74,2731
tatyana,female,1.0,58704
taufik,male,0.98,3843
tauhid,male,0.98,1693
taushif,male,0.97,90
tawan,male,0.69,611
tay-rong,,0.0,0
tayana,female,0.99,1366
tayeb,male,0.98,15420
taylor,female,0.6,44655
tayssir,female,0.76,1202
taysun,male,0.9,19
tayyab,male,0.99,9451
tayyaba,female,1.0,3022
tchilabalo,male,0.82,9
te,female,0.66,9998
tea,female,0.94,17232
teague,male,0.86,141
ted,male,1.0,108078
tee-how,,0.0,0
teemu,male,1.0,8579
teena,female,0.99,9974
teerapong,male,0.97,196
tegawendé,male,0.8,3
teguh,male,0.97,1716
teiji,male,0.98,49
teiko,female,0.6,78
teimuraz,male,0.98,144
tej,male,0.96,7947
tej-eddine,male,0.75,2
tejas,male,1.0,20716
tejaswi,female,0.51,291
tejaswin,male,0.8,3
tejin,male,0.94,15
tejinder,male,0.81,909
tejs,male,0.86,33
tekin,male,0.98,13091
telalo,male,0.67,1
telex,male,0.95,63
telikepalli,,0.0,0
temple,male,0.82,1110
tena,female,0.96,7537
teng,male,0.79,7477
teng-fei,male,0.67,1
teng-yun,,0.0,0
tengchao,male,0.86,5
tengfei,male,0.92,97
tenghua,male,0.5,4
tenghui,male,0.88,15
tengpeng,male,0.6,3
tengren,,0.0,0
tengteng,female,0.8,78
tengyao,male,0.75,2
teo,male,0.85,47199
teodora,female,0.99,21601
teodoro,male,0.99,18134
teppei,male,1.0,767
teppo,male,0.99,918
tere,female,0.98,44845
tereasa,female,1.0,631
terence,male,1.0,39975
teresa,female,1.0,543545
terese,female,0.99,5757
tereza,female,0.99,64541
terhi,female,0.98,2538
tero,male,0.98,5707
terrance,male,1.0,19929
terrence,male,1.0,28122
terri,female,1.0,105145
terry,male,0.75,89986
tertuliano,male,0.97,70
teruaki,male,0.98,117
terufumi,male,0.94,14
teruhiko,male,0.98,88
teruhisa,male,0.99,82
terumasa,male,0.97,32
teruo,male,1.0,605
teruto,male,0.88,6
teruya,male,0.69,34
teruyoshi,male,0.93,39
teruyuki,male,0.99,115
teseo,male,0.98,347
tesfa,male,0.88,986
tesla,male,0.53,567
tessa,female,1.0,48316
tesshu,male,0.8,3
tessio,male,0.9,27
tetiana,female,0.99,1848
tetsu,male,0.99,952
tetsufumi,male,0.92,11
tetsuhiro,male,0.99,66
tetsuichi,male,0.75,2
tetsuji,male,0.99,177
tetsunao,,0.0,0
tetsuo,male,1.0,1665
tetsuro,male,1.0,960
tetsushi,male,0.98,80
tetsutaro,male,0.96,21
tetsuya,male,1.0,4383
tetu,male,0.71,221
tevfik,male,0.99,7939
tevong,male,0.67,1
tezcan,male,0.81,2404
thabet,male,0.95,2847
thach,male,0.95,1416
thaddeus,male,0.99,5959
thai,male,0.74,4121
thaisa,female,1.0,3899
thaleia,female,0.99,265
thanasis,male,1.0,3659
thanassis,male,0.99,258
thang,male,0.89,2480
thanh,male,0.6,7260
thanh-nhan,male,0.5,2
thanh-son,male,0.88,6
thanhvu,male,0.73,9
thanja,female,0.83,21
thao,female,0.82,3319
tharaka,male,0.85,352
tharindu,male,0.98,531
tharmalingam,male,0.91,130
thatchaphol,,0.0,0
thavisha,female,0.86,5
thawatchai,male,0.99,304
thayer,male,0.85,148
thayne,male,0.92,704
thaís,female,1.0,71168
thaísa,female,1.0,3899
thaíse,female,0.98,627
the,male,0.76,40736
the-anh,male,0.5,2
thea,female,0.99,30759
thed,male,0.9,132
theerawit,male,0.8,3
theja,male,0.58,149
thejs,male,0.67,4
thekla,female,0.99,1150
thembelihle,female,0.91,3041
themis,male,0.78,1507
themistocles,male,0.98,39
themistoklis,male,0.98,122
themiya,male,0.86,20
theo,male,0.98,70053
theocharis,male,0.98,107
theodor,male,0.99,4912
theodora,female,0.99,9591
theodore,male,0.99,29238
theodoros,male,1.0,5689
theodosios,male,0.96,65
theodosis,male,0.99,263
theofanis,male,1.0,699
theophilus,male,0.99,7649
theresa,female,1.0,169894
therese,female,0.99,61715
thereza,female,1.0,2614
theron,male,0.99,3280
thi,female,0.57,3213
thi-nga,female,0.83,4
thi-thao-phuong,,0.0,0
thiago,male,1.0,161151
thiam-guan,,0.0,0
thibaud,male,0.99,6905
thibault,male,0.99,41305
thibaut,male,0.99,18609
thiem,male,0.66,87
thien,male,0.74,1871
thien-minh,male,0.75,2
thierry,male,0.99,134668
thijs,male,1.0,18322
thilina,male,0.97,490
thilo,male,0.99,5129
thinh,male,0.98,3677
thiparat,female,0.6,3
thippa,male,0.76,15
thippur,,0.0,0
thirumalai,male,0.96,339
thirupathi,male,0.97,2076
tho,male,0.91,5916
thomas,male,1.0,1246668
thomy,male,0.96,1035
thomás,male,1.0,1246668
thor,male,0.98,11978
thorben,male,1.0,1635
thordis,female,1.0,261
thore,male,0.99,860
thorsten,male,1.0,38489
thotsaporn,male,0.77,11
thrasyvoulos,male,0.95,19
thu,female,0.7,6242
thuc,male,0.69,276
thudiyangal,,0.0,0
thushara,male,0.77,1004
thuy,female,0.92,5180
thuy-duong,female,0.86,5
thyrso,male,0.8,8
thái,male,0.74,4121
théau,male,0.98,335
théo,male,0.98,70053
théophile,male,0.99,4654
tiago,male,1.0,161127
tian,male,0.65,4250
tian-cheng,,0.0,0
tian-ci,,0.0,0
tian-gang,,0.0,0
tian-jun,,0.0,0
tian-long,male,0.67,1
tian-min,male,0.67,1
tian-peng,,0.0,0
tian-sheng,,0.0,0
tian-shu,male,0.67,1
tian-wei,,0.0,0
tian-xiang,,0.0,0
tian-xiao,,0.0,0
tian-you,male,0.67,1
tian-yu,male,0.67,4
tian-yue,,0.0,0
tianbai,male,0.57,5
tianbao,male,0.87,28
tianbo,male,0.94,31
tiancai,male,0.91,31
tianchen,male,0.73,39
tiancheng,male,0.88,70
tianchi,male,0.71,46
tianci,male,0.7,45
tiancong,male,0.76,15
tiandong,male,0.86,5
tianfang,male,0.73,24
tianfeng,male,0.77,29
tiangang,male,0.89,7
tiange,female,0.69,62
tianhao,male,0.97,118
tianhe,male,0.82,31
tianheng,male,0.77,11
tianhong,male,0.73,42
tianjian,male,0.89,16
tianjiao,female,0.8,85
tianjing,female,0.68,20
tianju,male,0.71,5
tianjun,male,0.81,30
tiankai,male,0.88,14
tiankuan,,0.0,0
tianli,male,0.52,54
tianling,female,0.6,13
tianlu,male,0.5,22
tianlv,,0.0,0
tianmeng,female,0.75,6
tianming,male,0.91,63
tiannan,male,0.91,9
tianpei,male,0.8,8
tianping,male,0.68,17
tianqi,male,0.5,185
tianqing,male,0.55,20
tianran,female,0.52,42
tianren,male,0.85,24
tianrong,male,0.67,10
tianrui,male,0.71,32
tianshi,male,0.67,73
tianshu,female,0.57,110
tianshui,male,0.8,3
tiantian,female,0.81,383
tianwei,male,0.84,66
tianwen,male,0.78,25
tianxi,male,0.53,15
tianxiang,male,0.92,74
tianxiao,male,0.55,31
tianxing,male,0.7,28
tianyang,male,0.79,73
tianyao,male,0.57,28
tianyi,male,0.92,1994
tianyin,male,0.6,13
tianyou,male,0.9,38
tianyu,male,0.69,353
tianyuan,male,0.63,77
tianyue,female,0.65,41
tianzhang,male,0.75,2
tianzheng,male,0.75,2
tiara,female,0.99,17206
tiberiu,male,0.99,1809
tibor,male,1.0,29650
tibério,male,0.99,2576
tie,female,0.58,1335
tie-cheng,,0.0,0
tie-feng,,0.0,0
tie-fu,,0.0,0
tie-jiun,,0.0,0
tie-jun,male,0.67,1
tiefeng,male,0.89,7
tiejun,male,0.88,40
tiemo,male,0.91,168
tien,male,0.62,2894
tien-cuong,,0.0,0
tien-hao,male,0.83,4
tien-hsueh,,0.0,0
tien-lam,,0.0,0
tien-lin,male,0.83,4
tien-son,,0.0,0
tien-tien,female,0.71,5
ties,male,0.95,1164
tieshan,male,0.8,3
tiexiang,,0.0,0
tiexin,male,0.75,6
tieyong,male,0.83,4
tiezheng,male,0.8,8
tifenn,female,0.86,722
tiff,female,0.93,2114
tiffany,female,1.0,212430
tiger,male,0.92,15803
tigran,male,0.99,5103
tijana,female,0.99,7981
tijani,male,0.87,7386
tijl,male,0.99,370
tijmen,male,1.0,1152
tijs,male,0.99,1025
til,male,0.8,1085
tilak,male,0.98,7768
tilen,male,0.99,549
till,male,0.99,6414
tillmann,male,0.96,224
tilman,male,1.0,1967
tilmann,male,0.99,184
tilo,male,0.96,2155
tim,male,1.0,566236
tim-oliver,male,0.97,30
tim-torben,,0.0,0
timea,female,0.99,9453
timesh,male,0.92,10
timjan,female,0.6,3
timm,male,0.99,4046
timo,male,0.99,64499
timofey,male,0.99,2050
timon,male,0.98,5027
timoteo,male,0.99,5288
timothee,male,0.99,5035
timotheus,male,1.0,410
timothy,male,1.0,226625
timothée,male,0.99,5035
timour,male,0.98,323
timur,male,0.99,25979
tin,male,0.82,16644
tin-lun,,0.0,0
tin-yau,male,0.8,3
tina,female,0.99,428887
tindaro,male,0.99,972
tine,female,0.97,19426
ting,female,0.66,10595
ting-chi,male,0.5,2
ting-jung,male,0.67,4
ting-kam,,0.0,0
ting-kuo,,0.0,0
ting-ting,female,0.96,50
ting-wai,male,0.67,1
ting-wan,,0.0,0
ting-wen,male,0.8,3
ting-yi,female,0.59,15
ting-yun,female,0.88,6
tingbin,male,0.75,6
tingchao,male,0.67,1
tingge,male,0.75,2
tingguang,male,0.67,1
tinggui,female,0.75,2
tingjun,male,0.62,24
tingli,female,0.74,25
tingtao,male,0.75,2
tingting,female,0.96,1929
tingwei,male,0.62,90
tingxiang,male,0.5,4
tingxin,female,0.63,6
tingxuan,female,0.58,22
tingyu,female,0.67,128
tingzeng,male,0.67,1
tinkal,male,0.62,72
tino,male,0.99,38385
tirth,male,0.98,1399
tirtha,male,0.91,942
tirthankar,male,0.99,106
tirthendu,male,0.75,2
tirza,female,0.99,2232
titas,male,0.87,440
titiksha,female,0.87,21
tito,male,0.97,79327
titouan,male,0.99,2659
titus,male,0.98,17068
tiwei,male,0.5,2
tixian,male,0.57,5
tixiao,,0.0,0
tiziana,female,1.0,91397
tiziano,male,0.99,31941
tj,male,0.96,34687
tjaart,male,0.99,171
tjark,male,0.99,365
tjerk,male,0.99,796
tjitske,female,1.0,710
tjonnie,male,0.67,1
to,male,0.58,14964
toan,male,0.97,5117
tobias,male,1.0,127574
toby,male,0.91,16973
tod,male,0.99,6323
todd,male,1.0,179595
todor,male,0.96,3310
toeno,male,0.5,4
toghrul,male,0.98,54
tohid,male,0.96,1950
tohru,male,0.91,177
toke,male,0.52,743
tokiro,male,0.71,5
toktam,female,0.97,280
toktarkhan,,0.0,0
tokuji,male,0.95,18
tokuro,male,0.93,13
tokushi,male,0.89,7
tolga,male,0.98,75438
tolkynay,female,0.94,16
tolulope,female,0.63,3782
tom,male,0.99,842109
toma,male,0.57,12731
tomas,male,0.99,232130
tomaso,male,0.99,1333
tomasz,male,1.0,174379
tomaz,male,0.99,4409
tomaž,male,0.99,4409
tome,male,0.87,3141
tomer,male,0.98,11070
tomi,male,0.88,18328
tomislav,male,1.0,21556
tommaso,male,1.0,69578
tommi,male,0.96,7911
tommy,male,0.99,181781
tomo,male,0.93,4888
tomoaki,male,1.0,1419
tomoe,female,0.95,981
tomofumi,male,0.98,109
tomoharu,male,0.99,113
tomohide,male,0.99,96
tomohiko,male,1.0,351
tomohiro,male,1.0,3446
tomohisa,male,0.97,177
tomohito,male,0.99,118
tomoka,female,0.98,449
tomokage,male,0.75,2
tomokatsu,male,0.9,19
tomokazu,male,1.0,302
tomoki,male,0.99,1509
tomoko,female,0.99,8241
tomomi,female,0.97,3525
tomonari,male,0.96,104
tomonori,male,0.99,376
tomoo,male,0.96,122
tomotada,male,0.86,5
tomotaka,male,0.99,107
tomotake,male,0.96,26
tomoteru,male,0.83,4
tomotoshi,male,0.9,8
tomotsugu,male,0.95,18
tomoya,male,0.99,2061
tomoyuki,male,1.0,2368
tomás,male,0.99,232130
tomáš,male,0.99,232130
ton,male,0.98,38779
tonatiuh,male,1.0,1512
tong,male,0.85,16375
tong-jie,,0.0,0
tong-pu,,0.0,0
tong-tong,male,0.75,2
tong-xing,,0.0,0
tong-yi,male,0.5,2
tong-zhi,,0.0,0
tongcang,,0.0,0
tonghai,male,0.92,11
tonghe,male,0.63,6
tonghua,male,0.59,15
tongjia,male,0.75,2
tongjiang,male,0.75,2
tongkeun,,0.0,0
tongou,male,0.5,4
tongqi,female,0.67,1
tongseok,,0.0,0
tongshuai,male,0.75,2
tongsuo,,0.0,0
tongtong,female,0.63,268
tongxin,female,0.56,37
tongxing,male,0.67,4
tongyan,female,0.71,15
tongyang,male,0.8,8
toni,female,0.54,251988
tonia,female,0.99,33142
toniann,female,1.0,731
tonica,female,0.93,406
tonima,female,0.91,161
tonio,male,0.99,14784
tonny,male,0.91,21569
tony,male,0.99,753949
toomas,male,0.99,539
toon,male,0.93,5869
tooru,male,0.92,186
tor,male,0.97,15556
torben,male,1.0,19977
torbjörn,male,1.0,1978
torbjørn,male,1.0,1978
tord,male,0.98,694
tore,male,0.98,7167
torgeir,male,0.99,415
torrance,male,0.92,253
torstein,male,1.0,1953
torsten,male,1.0,38269
toru,male,0.99,4589
toryn,male,0.69,33
toshi,male,0.85,1175
toshiaki,male,1.0,1788
toshifumi,male,0.99,141
toshihiko,male,0.99,364
toshihiro,male,1.0,584
toshihito,male,0.97,35
toshikaze,,0.0,0
toshikazu,male,0.98,250
toshiki,male,1.0,1125
toshimasa,male,0.99,69
toshimichi,male,0.96,26
toshimitsu,male,0.99,121
toshinao,male,0.88,24
toshinari,male,0.96,51
toshinobu,male,0.99,66
toshinori,male,0.99,187
toshio,male,1.0,2595
toshiro,male,0.98,1088
toshishige,male,0.8,3
toshitaka,male,0.99,93
toshiya,male,0.98,403
toshiyasu,male,0.98,44
toshiyuki,male,1.0,2641
tosiron,,0.0,0
toufik,male,0.98,40242
touheed,male,0.94,137
touraj,male,0.98,259
tousif,male,0.96,762
tousik,male,0.75,6
tout,male,0.66,945
toya,female,0.96,6208
toyofumi,male,0.92,10
toyohiro,male,0.96,23
toyokazu,male,0.98,45
toyotaro,male,0.83,4
tra,male,0.56,1308
traci,female,1.0,31887
tracy,female,0.94,71365
traian,male,0.98,1736
trajan,male,1.0,355
tram,female,0.97,4814
trambak,male,0.92,11
tran,male,0.55,5933
trang,female,0.91,3502
travis,male,1.0,128037
trent,male,1.0,30450
trenton,male,1.0,7818
trevor,male,1.0,127501
trey,male,0.99,27360
tri,male,0.91,29109
tridib,male,0.99,113
trieu,male,0.94,1649
trifce,male,0.67,1
trifon,male,0.98,1015
trilochan,male,0.98,454
trinanjan,male,0.91,9
trinh,female,0.95,8156
triparno,,0.0,0
trisha,female,1.0,41198
tristan,male,0.98,33815
tristano,male,0.98,580
tristin,male,0.75,638
tristram,male,0.99,616
trithep,,0.0,0
trivikram,male,0.98,40
troels,male,0.99,935
trond,male,1.0,10685
troy,male,1.0,101125
truell,male,0.67,1
trung,male,0.99,12072
truong,male,0.96,8465
truong-huy,male,0.67,1
truong-son,male,0.67,1
truyen,male,0.79,99
trygve,male,1.0,2305
tryphon,male,0.95,62
tsachik,,0.0,0
tsachy,male,0.86,5
tsampikos,male,0.97,73
tsao-hsien,,0.0,0
tse-chun,male,0.67,1
tsechun,female,0.75,2
tseleung,,0.0,0
tselil,,0.0,0
tsevi,male,0.75,6
tshegofalang,female,0.6,3
tso-chien,,0.0,0
tsong,male,0.77,51
tsu-chien,,0.0,0
tsubasa,male,0.92,1373
tsuguo,male,0.93,13
tsukasa,male,0.93,1005
tsunefumi,,0.0,0
tsuneharu,male,0.92,10
tsunehide,,0.0,0
tsunehiro,male,0.97,28
tsuneya,male,0.8,3
tsuneyoshi,male,0.93,12
tsung-cheng,,0.0,0
tsung-fang,,0.0,0
tsung-han,male,0.97,27
tsung-hui,male,0.67,4
tsung-ju,,0.0,0
tsutomu,male,1.0,2192
tsuyoshi,male,1.0,3674
tsvetan,male,0.99,542
tsvi,male,0.98,98
tsz,male,0.56,1045
tuan,male,0.96,24263
tucker,male,0.99,7541
tudor,male,0.93,12437
tufan,male,0.97,11067
tugce,female,0.97,14802
tuguldur,male,0.89,43
tuhin,male,0.93,3499
tuhina,female,0.96,140
tuhtasin,male,0.88,6
tulasi,female,0.85,3187
tulga,male,0.95,141
tulika,female,0.99,428
tulin,female,0.98,4957
tulja,male,0.5,16
tulkin,male,0.99,76
tullia,female,1.0,1264
tullio,male,0.99,6000
tulun,female,0.72,229
tuna,male,0.82,10003
tunahan,male,0.98,8310
tuncay,male,0.98,37054
tuncer,male,0.99,5997
tung,male,0.9,11028
tunna,male,0.84,230
tunrayo,female,0.96,560
tunçar,male,0.95,38
tuo,male,0.83,372
tuoc,male,0.83,27
tuomas,male,1.0,5782
tuomo,male,1.0,2455
turab,male,0.94,511
turan,male,0.98,34393
turgay,male,0.98,23076
turgut,male,0.98,20087
turlough,male,0.97,112
turmoli,,0.0,0
tushar,male,1.0,50467
tusharkanti,male,0.85,11
tusheng,male,0.63,6
tuson,male,0.95,36
tuukka,male,0.99,1447
tuure,male,0.99,155
tuvi,male,0.81,75
tuyen,female,0.61,1178
tuğrulcan,male,0.96,22
tuğçe,female,0.97,14802
twan,male,0.98,3660
twinkle,female,0.98,5642
twisha,female,0.99,376
ty,male,0.94,37071
tye,male,0.79,1362
tyler,male,0.99,216513
tyrel,male,0.99,1330
tyrone,male,1.0,33684
tyrus,male,0.99,984
tyson,male,0.99,20333
tzanio,,0.0,0
tzay-ming,,0.0,0
tze,male,0.6,1052
tzihong,female,0.67,1
tzonelih,,0.0,0
tzu-chen,male,0.71,5
tzu-chiang,male,0.8,3
tzu-chieh,male,0.73,13
tzu-ching,female,0.75,6
tzu-han,female,0.67,7
tzu-hao,male,0.9,8
tzu-hsiang,male,0.71,5
tzu-ming,male,0.67,4
tzula,male,0.67,1
tânia,female,0.99,265981
tôru,male,0.99,4589
tõnu,male,0.78,516
tønnes,male,0.95,20
tünde,male,0.88,24518
türker,male,0.98,2137
türkü,male,0.53,232
tınaz,male,0.55,51
ualbai,,0.0,0
uday,male,0.99,33244
udayan,male,0.98,728
udaysinh,male,0.96,21
uddipan,male,0.96,23
udi,male,0.93,1733
udit,male,1.0,6524
udo,male,0.97,12241
uduakobong,female,0.69,218
ue-li,,0.0,0
uendert,,0.0,0
uffe,male,0.99,1000
ufuk,male,0.96,33320
ugne,female,0.99,1137
ugo,male,0.97,35288
ugur,male,0.98,66689
uhi,male,0.56,48
ui,male,0.63,528
ujjal,male,0.95,2764
ujjwal,male,1.0,9297
ujué,female,0.89,17
ujwal,male,0.96,484
ulderico,male,0.99,797
ulf,male,0.99,7940
uli,female,0.57,10554
ulises,male,1.0,40413
ulisse,male,0.98,2409
ulisses,male,1.0,7509
ulla,female,0.99,23704
ullrich,male,0.98,362
ulrich,male,0.99,37015
ulrik,male,1.0,5114
ulrike,female,0.99,31613
ulugbek,male,0.99,1746
ulya,female,0.95,815
ulysse,male,0.97,3280
uma,female,0.93,34488
umaa,female,0.74,130
umair,male,0.99,24127
umakant,male,0.97,646
umananda,male,0.89,25
umang,male,0.97,7579
umar,male,0.97,95452
umberto,male,1.0,51888
umesh,male,0.99,60917
umeshkumar,male,0.92,223
umin,male,0.63,46
umit,male,0.96,41077
umut,male,0.97,71665
un-gi,male,0.67,1
una,female,0.96,12198
una-may,,0.0,0
unai,male,0.98,6313
unal,male,0.98,13121
ung-il,,0.0,0
unjong,male,0.63,6
unnikrishnan,male,0.98,1082
upamanyu,male,0.96,21
upanshu,male,0.91,9
upasak,male,0.86,5
upayan,male,0.88,6
upendra,male,0.97,5115
upulee,female,0.67,1
urban,male,0.9,3602
urbashi,female,0.82,37
urbasi,female,0.69,11
uri,male,0.95,6526
uria,male,0.83,357
uriel,male,0.99,41132
uriya,male,0.9,118
urjit,male,0.93,26
urko,male,0.99,1186
urmas,male,0.98,298
urmila,female,0.98,5517
urmimala,female,0.94,15
urna,female,0.72,30
uros,male,0.99,2744
uroš,male,0.99,2744
urs,male,0.96,5679
ursula,female,0.99,59812
urtzi,male,0.99,409
usha,female,0.99,27521
ushak,male,0.6,3
usham,male,0.94,31
ushnish,male,0.93,12
usman,male,0.97,103047
ustim,male,0.82,9
usuf,male,0.94,614
uta,female,0.96,6973
utane,male,0.5,2
ute,female,0.99,26092
uthman,male,0.94,3070
utkan,male,0.98,353
utkarsh,male,1.0,11563
utku,male,0.96,8361
utsav,male,1.0,4893
utso,male,0.85,24
uttam,male,0.96,7769
uttar,male,0.88,124
uttara,female,0.88,150
uttaran,male,0.95,18
uwe,male,1.0,61133
uwe-jens,male,0.96,21
uyen,female,0.99,4125
uzi,male,0.93,1262
uéverton,male,0.98,41
uğur,male,0.98,66689
uǧis,male,0.98,179
vaclav,male,0.99,15321
vadim,male,1.0,40034
vadym,male,0.99,1077
vaggos,male,0.99,212
vagif,male,0.99,402
vahab,male,0.97,895
vahagn,male,1.0,344
vahan,male,0.99,1693
vahe,male,0.99,3167
vahid,male,0.99,32282
vahideh,female,0.97,318
vahram,male,1.0,654
vahur,male,0.98,114
vahé,male,0.99,3167
vaibhav,male,1.0,54021
vaidehi,female,1.0,2977
vaidotas,male,1.0,423
vaidy,male,0.81,24
vaios,male,0.99,376
vaishak,male,0.99,139
vaiva,female,0.98,645
vakhid,male,0.97,30
vakhtang,male,0.99,207
val,female,0.72,36577
valay,male,0.71,33
valdemar,male,0.99,9718
valdo,male,0.99,4612
valenti,male,0.76,740
valentijn,male,0.98,765
valentin,male,0.99,140908
valentina,female,0.99,411735
valentina-mira,,0.0,0
valentine,female,0.68,20035
valentino,male,0.99,38710
valentinus,male,0.99,78
valentyn,male,0.98,722
valentí,male,0.76,740
valer,male,0.85,865
valera,male,0.72,6670
valeri,female,0.68,10342
valeria,female,0.99,298157
valeriano,male,0.99,5429
valerie,female,0.99,302686
valerii,male,0.88,1088
valerij,male,0.98,900
valerio,male,0.99,76790
valeriu,male,0.99,2735
valeriy,male,0.99,8343
valeriya,female,1.0,8164
valery,female,0.77,34870
valeska,female,1.0,11322
valia,female,0.99,2983
valla,female,0.69,409
vallia,female,0.92,36
valter,male,0.99,20759
valtteri,male,1.0,2655
valérian,male,0.97,1856
valérie,female,0.99,302686
valério,male,0.99,76790
vamshi,male,0.92,1056
vamsi,male,1.0,13960
van,male,0.65,22067
van-dang,,0.0,0
van-dinh,,0.0,0
van-sang,male,0.67,1
van-truong,,0.0,0
vance,male,0.99,9103
vanda,female,0.99,27998
vandana,female,1.0,22824
vanderlei,male,1.0,18265
vanderson,male,1.0,1072
vandita,female,0.93,133
vandna,female,0.96,389
vaneet,male,0.78,137
vanesa,female,0.99,86558
vanessa,female,0.99,681851
vangelis,male,0.98,1404
vania,female,0.98,61001
vanik,male,0.97,190
vanina,female,0.99,4905
vanja,female,0.89,10918
vanlin,female,0.75,2
vanni,male,0.91,4846
vanshika,female,0.99,3188
vanya,female,0.74,6761
varda,female,0.97,1518
vardan,male,1.0,2745
vardarajan,female,0.67,1
vardha,female,0.61,29
vardit,female,0.99,186
varghese,male,0.99,2436
varinder,male,0.9,1907
varoujan,male,0.97,68
varsha,female,1.0,30102
varun,male,1.0,51996
vasant,male,0.97,1142
vasanthan,male,0.94,398
vasco,male,0.99,21172
vashti,female,1.0,1485
vasil,male,0.99,9199
vasile,male,0.97,34748
vasileios,male,0.99,753
vasili,male,0.99,2278
vasilii,male,0.99,963
vasiliki,female,1.0,7208
vasilios,male,1.0,2127
vasilis,male,1.0,16402
vasilisa,female,0.99,2058
vasiliy,male,1.0,6631
vasily,male,1.0,6293
vasos,male,0.9,181
vassil,male,0.99,241
vassili,male,0.98,749
vassiliki,female,0.98,460
vassilios,male,1.0,1169
vassilis,male,0.99,1766
vassily,male,0.97,215
vassos,male,0.99,133
vasu,male,0.97,13311
vasudev,male,1.0,3225
vasudevan,male,0.97,644
vasudevarao,male,0.95,19
vasyl,male,0.99,3047
vatche,male,1.0,531
vatsal,male,1.0,3810
vatshal,female,0.67,1
vaughan,male,0.95,1069
vaughn,male,0.96,2031
veacheslav,male,0.95,18
ved,male,0.99,7562
vedad,male,0.99,695
vedang,male,0.99,70
vedant,male,1.0,4674
vedika,female,0.99,1465
vedran,male,0.99,2858
vee-liem,,0.0,0
veekesh,male,0.91,21
veerabhadran,male,0.67,1
veeraruna,female,0.67,1
veerle,female,1.0,5892
vegard,male,1.0,1030
vei,male,0.65,122
veit,male,0.98,779
velaga,male,0.76,19
veli,male,0.97,26250
veli-matti,male,1.0,827
velichka,female,0.99,280
veljko,male,1.0,1623
venanzio,male,0.99,700
venera,female,0.99,5833
venkat,male,0.99,37752
venkata,male,0.96,3273
venkataramana,male,0.93,377
venkatasubramanian,male,0.97,28
venkatesa,male,0.93,26
venkatesan,male,0.97,1632
venkatesh,male,0.98,7501
venkatesh-prasad,,0.0,0
venkatessh,male,0.89,7
venkateswaran,male,0.98,123
venkatraman,male,0.98,187
venkatramana,male,0.96,76
venkitesh,male,0.97,36
venktesh,male,0.96,126
veno,male,0.63,326
venu,male,0.95,3841
venugopal,male,0.98,1152
venus,female,0.95,21349
vera,female,0.99,207375
vered,female,0.99,2271
verena,female,0.99,35964
vern,male,0.88,1465
verne,male,0.77,355
vernesa,female,0.99,153
vernon,male,1.0,24641
veronica,female,0.99,513353
veronika,female,0.99,129527
veronique,female,0.99,120228
verònica,female,0.99,513353
verónica,female,0.99,513353
vesa,female,0.51,8425
vesal,male,0.71,109
veselin,male,0.99,1879
veselina,female,0.99,785
vesko,male,0.99,745
vesna,female,0.99,29009
vesselin,male,0.99,150
vestislav,,0.0,0
vi,female,0.66,8856
viacheslav,male,1.0,1441
vianey,female,0.96,11662
vianney,female,0.74,9269
viatcheslav,male,0.99,190
vibha,female,1.0,6372
vibhav,male,1.0,1332
vibhor,male,0.99,370
vibhuti,female,0.79,341
vibor,male,0.95,39
vic,male,0.89,42622
vicent,male,0.98,8990
vicente,male,0.99,152230
vicentiu,male,0.97,253
vicenç,male,0.99,700
vicenţiu,male,0.97,253
vickram,male,0.98,355
vicky,female,0.9,219737
victor,male,1.0,942372
victor-emmanuel,male,0.97,29
victoria,female,0.99,481390
victoriano,male,0.99,5443
victorita,female,0.98,404
vid,male,0.86,951
vida,female,0.89,21702
vidar,male,0.99,1433
vidas,male,0.93,680
vidhi,female,0.99,7134
vidhya,female,0.99,8504
vidit,male,1.0,1663
vidushi,female,1.0,1946
vidvuds,male,0.67,1
vidya,female,0.97,22969
vidyasagar,male,0.96,265
viera,female,0.96,5973
vieri,male,0.98,835
viet,male,0.9,1935
viet-hung,male,0.86,5
viggo,male,0.99,2013
vignesh,male,1.0,24684
vignon,male,0.75,103
vihang,male,0.98,57
vijay,male,0.99,207735
vijaya,female,0.9,25152
vijayakumar,male,0.96,2108
vijaylaxmi,female,0.83,80
vijaysankar,male,0.93,13
vijith,male,0.99,472
vik,male,0.76,4653
vikas,male,1.0,95489
vikash,male,0.99,38470
vikesh,male,0.99,3269
vikram,male,1.0,57545
vikramjeet,male,0.98,164
vikrant,male,1.0,14728
viktar,male,0.98,122
viktor,male,1.0,84098
viktoria,female,0.99,44236
viktoriia,female,0.99,1148
viktoriya,female,0.99,12664
viktória,female,0.99,44236
viliam,male,0.99,960
vilius,male,1.0,819
viljami,male,1.0,490
ville,male,0.99,19757
vilmar,male,0.97,3218
vilmos,male,0.99,943
vilppu,male,0.96,47
vilson,male,0.99,3480
vimal,male,0.99,25045
vina,female,0.97,10079
vinay,male,1.0,77980
vinayak,male,1.0,21783
vince,male,0.99,74766
vincent,male,0.99,434655
vincentas,male,0.97,33
vincenzo,male,1.0,274667
vineet,male,1.0,20926
vineeth,male,1.0,6763
vinesh,male,0.99,4941
vinicius,male,1.0,76171
vinit,male,1.0,10617
vinitha,female,0.94,572
vinko,male,0.99,1590
vinod,male,0.99,111473
vinothan,male,0.99,132
vinícius,male,1.0,76171
viola,female,0.99,59208
violeta,female,0.99,62682
violetta,female,0.99,16560
viorel,male,0.99,10703
vipin,male,0.98,7720
vipul,male,1.0,27812
viqar,male,0.88,84
vir,female,0.59,4881
viraj,male,0.99,9533
viral,male,0.98,8436
virendra,male,0.98,4074
viresh,male,0.99,488
virgile,male,0.98,2860
virgilio,male,1.0,23340
virginia,female,1.0,228529
virginie,female,0.99,151173
virgélot,male,0.67,1
visa,male,0.65,1132
visar,male,0.98,1718
vishaal,male,1.0,927
vishal,male,1.0,139013
vishesh,male,1.0,4039
vishnu,male,0.99,55475
vishnudath,male,0.8,3
vishrant,male,0.87,13
vishvas,male,0.98,103
vishvesh,male,0.97,99
vishwa,male,0.86,1024
vishwanath,male,0.98,1338
vishwas,male,0.99,930
vissarion,male,0.97,37
visu,male,0.91,424
viswanath,male,0.88,508
viswanathan,male,0.98,759
vit,male,0.95,4268
vitali,male,0.98,7533
vitalii,male,0.99,2577
vitalik,male,0.99,2917
vitaliy,male,1.0,18038
vitaly,male,1.0,14684
vitalyi,male,0.96,72
vithal,male,0.97,346
vito,male,0.99,93681
vitonofrio,male,0.89,7
vitor,male,1.0,100199
vittoria,female,0.99,31455
vittorino,male,0.99,903
vittorio,male,1.0,65884
viv,female,0.91,8618
vivak,male,0.92,130
vivas,male,0.74,154
viveck,male,0.95,41
vivek,male,1.0,113776
viveka,female,0.96,1942
vivekanand,male,0.98,389
vivekananda,male,0.96,161
vivian,female,0.98,160104
viviana,female,1.0,156147
viviane,female,1.0,95524
vivien,female,0.84,35989
vivienne,female,1.0,15475
vivina,female,0.97,240
vivishek,,0.0,0
vjekoslav,male,0.99,600
vlad,male,0.98,54743
vlada,female,0.63,9896
vladan,male,0.99,3060
vladas,male,0.99,475
vladimir,male,1.0,176628
vladimiro,male,0.99,1831
vladimír,male,1.0,176628
vladislav,male,1.0,26729
vladko,male,0.94,195
vladlen,male,0.97,317
vlady,male,0.94,1478
vladyslav,male,1.0,4455
vlas,male,0.78,280
vlastimil,male,0.99,5013
vlatko,male,0.99,902
vo,male,0.66,1453
voja,male,0.96,242
vojtech,male,0.99,4767
vojtěch,male,0.99,4767
volkan,male,0.98,53256
volker,male,1.0,14055
volkmar,male,0.99,875
vollrath,male,0.5,4
volodymyr,male,1.0,2959
vratislav,male,0.99,1141
vrushabh,male,0.99,117
vsevolod,male,1.0,1926
vu,male,0.95,15836
vu-hieu,,0.0,0
vudtiwat,,0.0,0
vuk,male,0.99,2726
vuong,male,0.96,2843
vyacheslav,male,1.0,10217
vyas,male,0.98,1550
vygantas,male,0.99,223
vygintas,male,0.98,112
vyron,male,0.98,187
vyshnav,male,0.96,43
vytautas,male,1.0,5960
vytautė,female,0.98,125
václav,male,0.99,15321
véronique,female,0.99,120228
víctor,male,1.0,942372
vít,male,0.95,4268
vítor,male,1.0,100199
vítězslav,male,0.99,929
wade,male,0.99,36322
wadii,male,0.98,1349
wadim,male,0.99,677
wael,male,0.98,108357
wafaa,female,0.98,59814
wageesh,male,0.67,1
wagner,male,0.99,60393
wahab,male,0.96,15351
wahib,male,0.95,3693
wai,male,0.72,14414
wai-chee,male,0.5,4
wai-keong,male,0.67,1
wai-kit,male,0.86,5
wai-kwong,male,0.75,2
wai-tian,,0.0,0
wai-tong,male,0.67,1
wai-yee,female,0.7,8
waixiang,male,0.67,1
wajiha,female,0.99,2051
wakana,female,0.98,582
wako,male,0.75,235
wakutaka,,0.0,0
walaa,female,0.96,47294
waldemar,male,1.0,30659
waldimar,male,0.95,40
waldo,male,1.0,11678
waleed,male,0.99,101678
wali,male,0.95,11247
walid,male,0.98,222048
walker,male,0.98,10899
wallace,male,0.99,26176
walner,male,0.98,333
walter,male,1.0,348626
walterio,male,0.99,122
wan,male,0.63,49438
wan-il,,0.0,0
wan-jian,,0.0,0
wan-li,male,0.5,4
wan-su,male,0.67,1
wan-tong,,0.0,0
wan-zhe,,0.0,0
wanchun,female,0.69,27
wander,female,0.76,6468
wandong,male,0.63,6
wang,male,0.9,58005
wang-chien,,0.0,0
wang-kong,,0.0,0
wanggi,male,0.5,2
wanghua,male,0.59,15
wangjian,male,0.93,13
wangjun,male,0.95,39
wangmei,female,0.86,5
wangtao,male,0.92,11
wangyou,male,0.86,5
wanjun,female,0.69,88
wankai,male,0.9,8
wanlei,male,0.5,8
wanli,male,0.72,161
wanlin,female,0.81,133
wanling,female,0.98,125
wanming,male,0.71,22
wanpeng,male,0.58,22
wanqi,female,0.88,65
wanxiang,male,0.75,2
wanxin,female,0.83,81
wanying,female,0.99,174
wanyu,female,0.72,189
wanyue,female,0.91,31
wanzhou,female,0.6,3
waqar,male,0.99,23247
waqas,male,0.99,37758
ward,male,0.77,18287
warintorn,female,0.84,23
warit,male,0.8,59
warner,male,0.99,4280
warren,male,1.0,76306
warrick,male,1.0,1299
warut,male,0.97,69
warwick,male,1.0,4159
waseem,male,0.98,52296
washington,male,1.0,28441
wasif,male,0.99,5569
wasilij,male,0.96,70
wasim,male,0.98,36878
wassim,male,0.96,43863
wataru,male,1.0,2461
wathan,male,0.75,46
watse,male,0.86,19
wayan,male,0.82,702
wayes,male,0.88,23
wayesh,male,0.8,3
wayne,male,1.0,210961
we-fu,,0.0,0
wee,male,0.71,5674
wei,male,0.69,20650
wei-bang,,0.0,0
wei-bo,,0.0,0
wei-chang,male,0.83,4
wei-chen,male,0.67,25
wei-cheng,male,0.95,37
wei-chi,female,0.67,10
wei-chih,male,0.88,23
wei-chun,male,0.77,20
wei-feng,male,0.8,3
wei-guan,male,0.67,1
wei-han,male,0.7,21
wei-hao,male,0.91,9
wei-hong,male,0.9,8
wei-hsuan,female,0.63,17
wei-hua,male,0.67,7
wei-jia,male,0.67,1
wei-jian,,0.0,0
wei-jiang,male,0.67,1
wei-jie,male,0.8,8
wei-jun,male,0.86,5
wei-kun,,0.0,0
wei-kuo,male,0.6,3
wei-li,male,0.6,18
wei-liang,male,0.88,6
wei-lin,female,0.53,17
wei-lun,male,0.9,28
wei-min,male,0.9,8
wei-ming,male,0.88,23
wei-ning,female,0.57,12
wei-ping,male,0.5,6
wei-qiang,male,0.8,3
wei-ren,male,0.8,3
wei-shu,,0.0,0
wei-tao,male,0.67,1
wei-tian,male,0.67,1
wei-tin,male,0.67,1
wei-ting,male,0.68,77
wei-tou,,0.0,0
wei-wei,female,0.59,32
wei-xi,female,0.6,3
wei-xiang,male,0.67,1
wei-xing,,0.0,0
wei-yang,male,0.92,10
wei-yue,female,0.67,1
wei-zhen,female,0.67,1
wei-zhong,,0.0,0
wei-zhou,,0.0,0
weibin,male,0.91,183
weibing,male,0.81,25
weibo,male,0.92,69
weicai,male,0.96,23
weichang,male,0.93,25
weichao,male,0.93,72
weichen,male,0.69,103
weicheng,male,0.95,129
weichi,male,0.67,37
weichun,male,0.81,65
weichung,male,0.95,19
weicong,male,0.89,44
weida,female,0.81,314
weidang,,0.0,0
weidong,male,0.96,272
weifan,male,0.76,35
weifeng,male,0.94,235
weigang,male,0.95,59
weige,male,0.9,19
weiguang,male,0.99,65
weiguo,male,0.94,107
weihao,male,0.99,211
weiheng,male,0.93,55
weihua,male,0.66,194
weijia,female,0.58,199
weijiao,female,0.7,8
weijie,male,0.89,520
weijin,male,0.81,65
weijun,male,0.87,275
weikai,male,0.98,46
weikang,male,0.97,101
weike,male,0.64,54
weikui,male,0.86,5
weikun,male,0.86,26
weile,male,0.81,35
weili,female,0.53,293
weiliang,male,0.97,178
weilin,female,0.52,227
weilong,male,0.96,141
weilu,female,0.63,22
weimin,male,0.84,235
weiming,male,0.94,324
weina,female,0.96,149
weinan,male,0.82,60
weinian,male,0.77,11
weining,male,0.55,67
weipeng,male,0.84,65
weiping,male,0.64,199
weiqi,female,0.53,204
weiqiang,male,0.98,167
weiqiao,male,0.56,16
weiqing,male,0.65,107
weiqiu,male,0.67,10
weiqun,male,0.55,20
weiran,female,0.58,60
weiren,male,0.91,41
weirong,male,0.73,75
weisen,male,0.86,35
weishan,female,0.7,64
weisheng,male,0.96,124
weishi,female,0.53,28
weishu,male,0.61,16
weishuang,female,0.56,7
weisi,male,0.58,46
weisong,male,0.9,40
weitao,male,0.89,82
weitian,male,0.65,24
weiting,female,0.65,224
weiwei,female,0.7,1487
weiwen,male,0.65,174
weixia,female,0.9,19
weixiao,female,0.58,43
weixin,male,0.62,152
weixiong,male,0.95,76
weixu,male,0.73,13
weixuan,male,0.52,88
weiyang,male,0.86,121
weiyao,male,0.72,30
weiyi,female,0.54,278
weiyin,female,0.79,40
weiying,female,0.94,107
weiyong,male,0.9,48
weiyu,male,0.55,130
weizhang,male,0.78,7
weizhe,male,0.85,44
weizhen,female,0.6,103
weizheng,male,0.93,43
weizhi,male,0.76,68
weizhou,male,0.77,20
weizhu,male,0.56,16
weizi,male,0.63,14
welles,male,0.99,174
wen,female,0.62,11031
wen-ai,,0.0,0
wen-an,female,0.67,1
wen-biao,,0.0,0
wen-bing,,0.0,0
wen-bo,,0.0,0
wen-chen,female,0.8,3
wen-chi,female,0.76,15
wen-chin,male,0.62,11
wen-cong,,0.0,0
wen-di,female,0.83,4
wen-du,,0.0,0
wen-fai,,0.0,0
wen-fan,male,0.67,1
wen-fei,male,0.5,2
wen-feng,male,0.75,2
wen-gan,,0.0,0
wen-ge,,0.0,0
wen-han,male,0.5,6
wen-hao,male,0.89,7
wen-hong,male,0.8,3
wen-hua,male,0.6,3
wen-jia,female,0.67,1
wen-jie,male,0.71,5
wen-jing,male,0.5,2
wen-juan,,0.0,0
wen-jun,male,0.8,3
wen-kai,male,0.75,2
wen-lei,,0.0,0
wen-li,female,0.67,7
wen-ling,female,0.85,11
wen-long,male,0.8,3
wen-mei,female,0.67,4
wen-pei,male,0.5,2
wen-ping,female,0.6,3
wen-qi,,0.0,0
wen-qiang,,0.0,0
wen-sheng,male,0.78,7
wen-tao,male,0.83,4
wen-te,male,0.75,2
wen-wei,male,0.73,9
wen-xi,female,0.67,1
wen-xiang,,0.0,0
wen-xin,female,0.67,1
wen-xuan,,0.0,0
wen-yi,male,0.5,10
wen-yu,female,0.67,10
wen-yuan,male,0.75,6
wen-zhao,,0.0,0
wenan,male,0.75,14
wenbin,male,0.95,368
wenbing,male,0.86,42
wenbo,male,0.85,310
wencai,male,0.89,35
wencan,male,0.56,16
wenceslao,male,1.0,4095
wenchang,male,0.85,37
wenchao,male,0.85,114
wenchen,male,0.61,26
wencheng,male,0.88,54
wenchi,male,0.53,53
wenchuan,male,0.84,17
wenda,female,0.92,1950
wende,female,0.9,1423
wendelin,male,0.86,249
wendong,male,0.93,40
wendy,female,0.99,388215
wenfan,male,0.73,9
wenfei,male,0.58,71
wenfu,male,0.94,31
weng-hang,,0.0,0
wengang,male,0.93,42
wenge,male,0.63,65
wengen,male,0.83,4
wengu,female,0.7,8
wenguang,male,0.98,52
wenhan,male,0.72,103
wenhao,male,0.94,281
wenhe,male,0.62,35
wenhong,female,0.55,47
wenhui,female,0.55,305
wenjamin,male,0.8,3
wenjia,female,0.79,163
wenjian,male,0.91,76
wenjiang,male,0.85,25
wenjiao,female,0.97,28
wenjie,male,0.7,586
wenjin,male,0.52,122
wenjing,female,0.93,459
wenju,female,0.58,24
wenjuan,female,0.98,176
wenjun,male,0.54,459
wenkai,male,0.97,112
wenke,female,0.95,520
wenkun,male,0.88,14
wenlan,female,0.72,16
wenle,male,0.69,30
wenli,female,0.8,274
wenlian,female,0.67,7
wenliang,male,0.9,85
wenlin,female,0.63,98
wenling,female,0.86,77
wenlong,male,0.99,219
wenmin,female,0.62,58
wenming,male,0.91,76
wennan,male,0.74,17
wenpin,male,0.87,21
wenping,male,0.53,86
wenpo,male,0.86,5
wenqi,female,0.69,252
wenqian,female,0.84,133
wenqiang,male,0.97,87
wenqing,female,0.51,181
wenquan,male,0.88,39
wenrui,male,0.54,81
wenshan,female,0.6,53
wenshen,male,0.88,22
wensheng,male,0.93,90
wenshuai,male,0.78,7
wenshuo,male,0.67,16
wensi,female,0.68,88
wenston,male,0.97,30
wentao,male,0.93,271
wenting,female,0.96,393
wentu,male,0.5,8
wenwei,male,0.76,136
wenwen,female,0.88,618
wenwu,male,0.89,52
wenxi,female,0.67,125
wenxia,female,0.83,56
wenxian,male,0.56,46
wenxiang,male,0.76,53
wenxiao,male,0.61,36
wenxin,female,0.78,247
wenxing,male,0.73,54
wenxiong,male,0.92,23
wenxiu,female,0.72,52
wenxuan,male,0.61,151
wenyang,male,0.72,51
wenyao,male,0.65,55
wenyi,female,0.76,307
wenying,female,0.89,126
wenyong,male,0.96,51
wenyu,female,0.64,274
wenyuan,male,0.67,91
wenzer,male,0.75,2
wenzhe,male,0.81,67
wenzhen,female,0.75,38
wenzhi,male,0.7,42
wenzhong,male,0.96,49
wenzhuo,male,0.63,28
weonjong,,0.0,0
werner,male,1.0,69228
wernfried,male,0.97,34
weronika,female,0.99,35079
wesley,male,1.0,122302
wessam,male,0.65,10281
wessel,male,0.99,2934
westley,male,1.0,2168
whitney,female,0.96,11914
wibe,male,0.9,59
wibowo,male,0.97,162
wicak,male,0.89,17
wided,female,0.97,4225
wiebke,female,0.98,2898
wieland,male,0.96,302
wieslaw,male,1.0,6860
wiesław,male,1.0,6860
wiesława,female,0.99,4705
wietse,male,0.99,909
wiktor,male,1.0,12389
wil,male,0.84,30957
wilbur,male,1.0,3961
wilder,male,0.99,15326
wilfred,male,0.99,20404
wilfredo,male,1.0,43050
wilfrid,male,0.99,6626
wilfried,male,0.99,29624
wilhelm,male,0.99,13747
wiliam,male,0.99,11004
wilk,male,0.91,161
wilke,female,0.51,224
will,male,0.99,168330
willard,male,1.0,5729
willem,male,0.99,53349
willem-jan,male,0.99,386
willi,male,0.99,19046
william,male,1.0,916147
willian,male,1.0,53860
willie,male,0.91,22646
willow,female,0.87,4907
willy,male,0.92,62747
wilma,female,0.99,59675
wilmer,male,0.99,37231
wilson,male,0.99,206730
wilton,male,1.0,11037
wim,male,0.99,30351
winfried,male,1.0,5664
wing,male,0.54,11367
wing-huen,,0.0,0
wing-kin,male,0.8,3
wing-kit,male,0.75,2
winnifried,female,0.75,2
winston,male,0.99,29771
wioletta,female,0.99,13180
wiphu,male,0.83,4
wisdom,male,0.93,8470
wissam,male,0.77,20611
wissem,male,0.86,16126
witlef,,0.0,0
witold,male,1.0,9568
wladimir,male,1.0,11109
wladyslaw,male,1.0,2283
wlodek,male,0.99,891
wlodzimierz,male,1.0,1936
wojciech,male,1.0,63244
wojtek,male,1.0,30319
wolf,male,0.96,16614
wolf-peter,male,0.96,24
wolf-rainer,male,0.89,7
wolfango,male,0.97,64
wolfgang,male,1.0,95661
wolfger,male,0.8,3
wolfhard,male,0.99,102
wolfram,male,1.0,4800
wolter,male,0.98,659
wompherdeiki,,0.0,0
won,male,0.79,2175
won-kee,,0.0,0
won-kwang,,0.0,0
won-yong,male,0.88,6
wonhee,male,0.5,126
wonho,male,0.95,137
wonjae,male,0.95,97
wonjun,male,0.99,142
wonjune,male,0.93,12
wonki,male,0.95,58
wonmin,male,0.91,32
wonse,male,0.57,5
wonseok,male,0.99,145
wonshik,male,0.85,11
wonsuk,male,0.9,94
wontae,male,0.98,55
wontaek,male,0.95,19
wonwoo,male,0.93,87
woo,male,0.85,6983
woo-ram,male,0.91,9
woo-sung,male,0.91,9
woochan,male,0.97,28
woochang,male,0.96,26
woocheol,male,0.96,21
woohyun,male,0.85,92
woojin,male,0.97,1009
wook-shin,,0.0,0
woon-seng,,0.0,0
woong-seob,male,0.67,1
woong-tae,,0.0,0
woowon,male,0.75,6
wooyeon,female,0.59,15
wooyeong,male,0.71,5
wotao,male,0.67,1
woun,male,0.56,7
wout,male,0.99,3508
wouter,male,1.0,15376
wrick,male,0.92,10
wrya,male,0.97,77
wu,male,0.58,7340
wu-hao,,0.0,0
wu-long,,0.0,0
wu-ming,male,0.67,1
wu-sheng,male,0.67,1
wu-zhong,,0.0,0
wuchao,male,0.89,7
wuchen,male,0.6,3
wuhao,male,0.95,19
wuhong,male,0.5,12
wui,male,0.74,243
wujie,male,0.71,15
wujun,male,0.82,26
wulayimu,,0.0,0
wulf,male,0.99,352
wulfram,male,0.94,16
wuliang,male,0.92,10
wulin,female,0.53,17
wuming,male,0.84,41
wung-hong,,0.0,0
wuxin,male,0.75,18
wuyang,male,0.72,27
wuzheng,male,0.88,6
wyatt,male,1.0,14105
wylie,male,0.74,362
wynn,male,0.63,574
włodek,male,0.99,891
włodzimierz,male,1.0,1936
xabier,male,1.0,7367
xander,male,0.99,9739
xavier,male,0.99,188753
xavier-lewis,,0.0,0
xenia,female,0.99,16835
xenofon,male,0.99,160
xenofontas,male,0.95,17
xerxes,male,0.97,802
xhek,male,0.92,131
xi,female,0.88,9310
xi-bin,,0.0,0
xi-feng,,0.0,0
xi-guang,,0.0,0
xi-jing,,0.0,0
xi-jun,male,0.5,2
xi-le,,0.0,0
xi-liang,,0.0,0
xi-lin,,0.0,0
xi-long,,0.0,0
xi-wang,,0.0,0
xi-wen,female,0.67,1
xia,female,0.92,7131
xia-ji,,0.0,0
xia-qing,,0.0,0
xian,male,0.64,2294
xian'an,,0.0,0
xian-hui,,0.0,0
xian-lei,female,0.67,1
xian-li,male,0.5,2
xian-min,,0.0,0
xian-ming,,0.0,0
xian-ru,,0.0,0
xian-wei,,0.0,0
xian-yu,,0.0,0
xianbiao,male,0.83,4
xianbin,male,0.91,31
xianchang,male,0.6,3
xianchao,male,0.9,8
xiancheng,male,0.94,16
xiancong,male,0.67,10
xiande,male,0.82,9
xiandong,male,0.88,23
xianfa,male,0.92,11
xianfei,male,0.68,17
xianfeng,male,0.86,68
xianfu,male,0.82,15
xiang,male,0.9,9605
xiang-bin,,0.0,0
xiang-dong,male,0.67,1
xiang-feng,male,0.67,1
xiang-gan,,0.0,0
xiang-gao,,0.0,0
xiang-gen,,0.0,0
xiang-guo,,0.0,0
xiang-hua,,0.0,0
xiang-jun,,0.0,0
xiang-ke,,0.0,0
xiang-kun,,0.0,0
xiang-pei,,0.0,0
xiang-peng,,0.0,0
xiang-ping,,0.0,0
xiang-sheng,,0.0,0
xiang-shui,,0.0,0
xiang-xiang,male,0.6,3
xiang-yang,female,0.67,1
xiang-you,,0.0,0
xiang-yu,male,0.8,3
xiang-yun,,0.0,0
xiangang,male,0.86,12
xiangbin,male,0.88,24
xiangbo,male,0.92,23
xiangchan,,0.0,0
xiangcheng,male,0.83,16
xiangchong,male,0.67,1
xiangcun,,0.0,0
xiangde,male,0.86,5
xiangdong,male,0.94,83
xiangfan,male,0.67,7
xiangfeng,male,0.77,41
xianggang,male,0.71,5
xiangguo,male,0.95,20
xianghan,female,0.67,4
xianghao,male,0.87,13
xianghui,male,0.8,48
xiangjie,male,0.71,39
xiangjun,male,0.7,78
xiangke,male,0.89,7
xiangkun,male,0.92,10
xiangliang,male,0.82,9
xianglin,male,0.71,49
xiangmin,male,0.57,28
xiangming,male,0.88,57
xiangning,female,0.7,21
xiangpeng,male,0.94,15
xiangping,male,0.58,36
xiangqian,male,0.97,28
xiangqiang,male,0.75,2
xiangqun,male,0.92,11
xiangrong,male,0.65,63
xiangru,male,0.5,18
xiangsheng,male,0.81,24
xiangwei,male,0.75,59
xiangwen,male,0.58,24
xiangxi,male,0.78,7
xiangxiang,female,0.75,120
xiangxin,male,0.52,21
xiangxing,male,0.58,10
xiangxiong,male,0.75,2
xiangyan,female,0.68,26
xiangyang,male,0.84,81
xiangyao,male,0.64,9
xiangyi,female,0.73,91
xiangying,female,0.75,26
xiangyong,male,0.93,12
xiangyu,male,0.69,280
xiangyue,female,0.57,21
xiangyun,female,0.66,51
xiangzhen,female,0.59,15
xiangzhou,male,0.79,12
xiangzhuo,,0.0,0
xiangzun,,0.0,0
xianhao,male,0.93,12
xianhui,female,0.54,50
xianji,female,0.57,12
xianjie,male,0.68,23
xianjing,female,0.71,19
xiankai,male,0.83,10
xianlin,male,0.83,22
xianmang,,0.0,0
xianmin,male,0.84,17
xianming,male,0.88,40
xianping,male,0.52,23
xianqing,male,0.56,16
xiansheng,male,0.94,83
xiansong,male,0.9,8
xiantao,male,0.74,21
xianwen,male,0.61,34
xianxin,male,0.6,8
xianyang,male,0.77,11
xianyong,male,0.92,22
xianyu,female,0.55,51
xianzhe,male,0.9,27
xianzheng,male,0.75,6
xianzhi,male,0.56,25
xianzhong,male,0.95,20
xiao,female,0.56,10119
xiao-bin,female,0.67,1
xiao-bo,female,0.67,1
xiao-chuan,,0.0,0
xiao-dan,,0.0,0
xiao-dian,,0.0,0
xiao-dong,male,0.71,5
xiao-fan,,0.0,0
xiao-feng,male,0.71,5
xiao-gang,,0.0,0
xiao-guang,male,0.8,3
xiao-hai,,0.0,0
xiao-hong,female,0.75,2
xiao-hua,,0.0,0
xiao-hui,female,0.8,3
xiao-ji,,0.0,0
xiao-jia,,0.0,0
xiao-jie,,0.0,0
xiao-jing,male,0.6,3
xiao-jun,male,0.5,2
xiao-kan,,0.0,0
xiao-lan,male,0.67,1
xiao-lei,male,0.67,1
xiao-li,female,0.6,3
xiao-liang,male,0.67,1
xiao-lin,female,0.67,1
xiao-ling,,0.0,0
xiao-long,male,0.75,2
xiao-mei,female,0.89,7
xiao-min,male,0.5,2
xiao-ming,,0.0,0
xiao-na,,0.0,0
xiao-nan,female,0.67,1
xiao-ping,female,0.6,3
xiao-qi,,0.0,0
xiao-qiang,,0.0,0
xiao-qin,female,0.75,2
xiao-qiong,male,0.67,1
xiao-ran,female,0.67,1
xiao-shan,female,0.75,2
xiao-shu,,0.0,0
xiao-song,male,0.67,1
xiao-tao,,0.0,0
xiao-tian,male,0.67,1
xiao-wei,male,0.67,1
xiao-wu,,0.0,0
xiao-xiao,male,0.6,3
xiao-xiong,,0.0,0
xiao-xu,,0.0,0
xiao-yan,female,0.67,1
xiao-ye,,0.0,0
xiao-yong,,0.0,0
xiao-yu,female,0.67,7
xiao-yun,female,0.75,2
xiao-ze,,0.0,0
xiaobai,male,0.53,75
xiaobao,male,0.76,107
xiaobin,male,0.88,212
xiaobing,male,0.72,164
xiaobo,male,0.82,275
xiaocan,male,0.5,10
xiaochang,female,0.52,19
xiaochao,male,0.82,37
xiaochen,male,0.51,235
xiaochi,female,0.57,12
xiaochuan,male,0.85,90
xiaochun,female,0.51,141
xiaocong,male,0.68,39
xiaodai,male,0.75,6
xiaodan,female,0.89,271
xiaodi,male,0.5,101
xiaodian,female,0.57,5
xiaoding,female,0.56,16
xiaodong,male,0.87,554
xiaofan,female,0.57,144
xiaofang,female,0.89,232
xiaofei,female,0.56,372
xiaofen,female,0.98,162
xiaofeng,male,0.75,616
xiaofu,male,0.65,32
xiaogang,male,0.99,146
xiaoguang,male,0.92,129
xiaohai,male,0.93,68
xiaohan,female,0.73,255
xiaohang,male,0.56,79
xiaohao,male,0.82,43
xiaohong,female,0.89,442
xiaohu,male,0.92,99
xiaohua,female,0.68,366
xiaohuang,male,0.56,7
xiaohui,female,0.66,547
xiaoji,male,0.63,22
xiaojia,female,0.71,67
xiaojian,male,0.78,87
xiaojiang,male,0.78,44
xiaojie,female,0.55,286
xiaojin,female,0.6,79
xiaojing,female,0.92,368
xiaojuan,female,0.99,203
xiaojue,female,0.67,7
xiaojun,male,0.68,483
xiaokai,male,0.81,46
xiaokang,male,0.89,69
xiaoke,male,0.51,72
xiaokui,male,0.71,5
xiaokun,male,0.69,56
xiaolai,male,0.5,18
xiaolan,female,0.94,241
xiaole,female,0.54,59
xiaolei,male,0.58,326
xiaoli,female,0.92,714
xiaoliang,male,0.87,149
xiaolin,female,0.63,439
xiaoling,female,0.93,492
xiaolong,male,0.97,474
xiaolu,female,0.78,218
xiaolun,male,0.7,8
xiaoman,female,0.88,87
xiaomei,female,0.98,478
xiaomeng,female,0.75,208
xiaomiao,female,0.85,37
xiaomin,female,0.7,391
xiaoming,male,0.79,519
xiaomu,female,0.52,23
xiaonan,female,0.55,146
xiaoni,female,0.91,30
xiaoning,female,0.52,119
xiaoniu,male,0.58,10
xiaonu,female,0.67,7
xiaoou,female,0.57,42
xiaopeng,male,0.87,148
xiaoping,female,0.63,437
xiaoqi,female,0.74,194
xiaoqian,female,0.9,173
xiaoqiang,male,0.97,143
xiaoqin,female,0.94,214
xiaoqing,female,0.82,426
xiaoquan,male,0.7,52
xiaoqun,female,0.71,54
xiaoran,female,0.66,90
xiaorong,female,0.68,150
xiaorui,female,0.62,77
xiaosen,male,0.81,19
xiaoshan,female,0.69,79
xiaoshen,male,0.8,13
xiaosheng,male,0.8,42
xiaoshuai,male,0.84,23
xiaoshuang,female,0.87,44
xiaosi,female,0.7,31
xiaosong,male,0.75,77
xiaotao,male,0.71,63
xiaotian,male,0.74,172
xiaotie,male,0.83,4
xiaoting,female,0.91,224
xiaotong,female,0.82,266
xiaowei,female,0.52,684
xiaowen,female,0.8,281
xiaowu,male,0.81,92
xiaoxi,female,0.8,210
xiaoxia,female,0.96,289
xiaoxian,female,0.7,77
xiaoxiang,male,0.65,79
xiaoxiao,female,0.82,757
xiaoxiong,male,0.94,34
xiaoxu,female,0.58,113
xiaoxuan,female,0.84,174
xiaoxue,female,0.96,171
xiaoya,female,0.91,148
xiaoyan,female,0.95,936
xiaoyang,male,0.58,243
xiaoyao,male,0.55,71
xiaoye,female,0.66,90
xiaoyi,female,0.64,360
xiaoying,female,0.94,476
xiaoyong,male,0.93,137
xiaoyu,female,0.69,1114
xiaoyuan,female,0.61,133
xiaoyue,female,0.9,163
xiaoyun,female,0.86,303
xiaoyutao,,0.0,0
xiaozhe,female,0.54,37
xiaozhi,male,0.65,38
xiaozhou,male,0.69,76
xiaozhu,female,0.72,76
xiaping,female,0.79,22
xiapu,,0.0,0
xiaqing,female,0.78,16
xiaxin,female,0.7,8
xiaying,female,0.84,17
xiayu,female,0.55,31
xichao,male,0.82,9
xicheng,male,0.9,29
xichun,male,0.5,20
xidong,male,0.92,22
xie,female,0.51,1646
xie-gang,,0.0,0
xiequan,,0.0,0
xieyu,male,0.71,5
xieyuanli,,0.0,0
xifan,female,0.6,18
xifeng,male,0.73,47
xihan,male,0.68,23
xihe,male,0.71,12
xiheng,male,0.82,9
xihong,male,0.63,30
xijie,male,0.71,29
xijun,male,0.8,28
xikui,male,0.8,8
xilei,female,0.54,11
xilian,male,0.57,21
xiliang,male,0.71,22
xilin,female,0.51,69
xilong,male,0.92,35
xilu,female,0.62,19
ximeng,female,0.68,39
xin,female,0.64,8137
xin-biao,,0.0,0
xin-chang,,0.0,0
xin-chuan,male,0.67,1
xin-chun,,0.0,0
xin-fu,female,0.67,1
xin-gang,,0.0,0
xin-guang,,0.0,0
xin-he,,0.0,0
xin-heng,,0.0,0
xin-lei,,0.0,0
xin-li,male,0.67,1
xin-lin,,0.0,0
xin-long,,0.0,0
xin-nian,,0.0,0
xin-qi,,0.0,0
xin-qiang,,0.0,0
xin-she,,0.0,0
xin-shuai,,0.0,0
xin-wei,female,0.6,3
xin-xin,male,0.6,3
xin-yang,,0.0,0
xin-ying,female,0.75,2
xin-you,,0.0,0
xin-yu,female,0.89,7
xin-yun,,0.0,0
xin-zhen,,0.0,0
xin-zheng,,0.0,0
xin-zhou,,0.0,0
xinan,male,0.77,46
xinbing,male,0.5,2
xinbo,male,0.81,41
xincheng,male,0.85,51
xinchi,female,0.68,17
xinchou,,0.0,0
xinchu,male,0.5,6
xinda,male,0.63,44
xindi,female,0.86,64
xinfang,female,0.73,28
xinfeng,male,0.72,37
xinfu,male,0.65,18
xing,male,0.59,2224
xing-bin,,0.0,0
xing-bo,,0.0,0
xing-can,,0.0,0
xing-gang,,0.0,0
xing-hua,female,0.67,1
xing-jiang,,0.0,0
xing-liang,,0.0,0
xing-qiang,,0.0,0
xing-qiu,,0.0,0
xing-xiang,,0.0,0
xing-xing,female,0.67,1
xing-yan,,0.0,0
xing-yu,male,0.67,1
xingang,male,0.98,39
xingbo,male,0.85,25
xingchen,male,0.66,88
xingcheng,male,0.83,21
xingchuan,,0.0,0
xingdan,female,0.67,1
xingdong,male,0.82,15
xinggong,male,0.67,1
xinghan,male,0.87,21
xinghao,male,0.96,24
xinghong,male,0.68,23
xinghua,male,0.66,69
xingjian,male,0.84,48
xingjiang,male,0.86,5
xingjie,male,0.7,31
xingjun,male,0.86,19
xingkang,male,0.5,2
xingkun,male,0.88,6
xingliang,male,0.76,19
xinglong,male,0.98,44
xingpeng,male,0.83,10
xingqin,male,0.5,4
xingquan,male,0.93,13
xingran,male,0.67,4
xingsen,male,0.67,1
xingshu,male,0.6,3
xingshun,female,0.67,1
xingtao,male,0.88,14
xingting,female,0.73,9
xinguo,male,0.92,34
xingwang,male,0.88,23
xingwu,male,0.88,15
xingxiao,male,0.5,2
xingxing,female,0.55,185
xingyang,male,0.78,16
xingyao,female,0.54,24
xingye,male,0.61,29
xingyu,male,0.61,222
xingyuan,male,0.71,43
xingyue,female,0.82,37
xingze,male,0.85,11
xingzhao,male,0.5,4
xingzhi,male,0.62,27
xingzhong,male,0.89,7
xingzhou,male,0.81,14
xingzhuo,female,0.67,4
xinhan,male,0.59,15
xinhang,male,0.56,25
xinheng,male,0.79,12
xinhong,female,0.57,51
xinhua,male,0.7,147
xining,female,0.62,32
xinjian,male,0.92,47
xinjun,male,0.79,31
xinkai,male,0.82,38
xinlei,male,0.5,90
xinliang,male,0.88,40
xinlin,female,0.57,75
xinloong,,0.0,0
xinlu,female,0.84,53
xinlun,female,0.67,1
xinmao,male,0.8,3
xinmei,female,0.98,56
xinmin,male,0.63,54
xinming,male,0.7,77
xinnan,male,0.58,31
xinning,female,0.75,42
xinpan,female,0.8,3
xinpeng,male,0.92,34
xinping,female,0.53,84
xinran,female,0.96,819
xinrong,female,0.56,66
xinrui,female,0.95,533
xinrun,female,0.6,3
xinshang,male,0.67,1
xinsheng,male,0.89,33
xinting,female,0.91,54
xintong,female,0.84,164
xinwei,male,0.5,200
xinwen,female,0.74,66
xinwu,male,0.64,9
xinxin,female,0.73,575
xinxing,male,0.5,46
xinyang,male,0.57,85
xinyao,female,0.72,106
xinyi,female,0.98,4403
xinyu,female,0.92,3299
xinyuan,female,0.66,183
xinyue,female,0.98,1731
xinzhen,female,0.71,12
xinzhi,male,0.57,47
xinzhong,male,0.91,20
xiong,male,0.93,3027
xiong-jun,,0.0,0
xiong-ying,,0.0,0
xiongbang,,0.0,0
xiongbo,male,0.92,10
xiongfei,male,0.89,33
xiongfeng,male,0.77,11
xionggui,,0.0,0
xiongping,,0.0,0
xiongtao,male,0.8,3
xiongwei,male,0.95,37
xiongying,female,0.57,12
xiongzhi,male,0.83,4
xipeng,male,0.95,19
xiqi,female,0.65,24
xiqin,male,0.54,11
xiqu,,0.0,0
xirui,female,0.66,33
xisheng,male,0.78,16
xitong,female,0.61,29
xiu,female,0.79,984
xiu-bin,,0.0,0
xiu-cai,,0.0,0
xiu-hao,,0.0,0
xiu-lei,,0.0,0
xiu-min,,0.0,0
xiu-ping,,0.0,0
xiu-wu,male,0.67,1
xiu-xiu,,0.0,0
xiu-yi,,0.0,0
xiucai,male,0.86,5
xiudi,female,0.89,7
xiufeng,female,0.58,72
xiuhong,female,0.85,51
xiuhua,female,0.92,90
xiujuan,female,0.96,91
xiulai,,0.0,0
xiuli,female,0.98,130
xiulin,female,0.74,36
xiumei,female,0.97,132
xiumin,female,0.69,96
xiunian,male,0.75,2
xiuqiang,male,0.83,10
xiuwen,female,0.72,52
xiuxian,female,0.58,17
xiuxiong,,0.0,0
xiuying,female,0.96,97
xiuzhang,male,0.83,4
xiuzhen,female,0.96,71
xiwang,female,0.53,13
xiwei,male,0.57,51
xiwen,female,0.7,113
xixia,female,0.84,17
xixiang,male,0.75,10
xiyan,female,0.68,55
xiying,female,0.89,34
xiyu,female,0.57,95
xiyuan,female,0.58,75
xiyue,female,0.82,48
xizhi,male,0.59,20
xu,male,0.91,21672
xu-bo,,0.0,0
xu-chang,,0.0,0
xu-cun,,0.0,0
xu-dong,male,0.75,2
xu-fang,,0.0,0
xu-fei,,0.0,0
xu-guang,,0.0,0
xu-jia,,0.0,0
xu-jie,,0.0,0
xu-liang,,0.0,0
xu-ping,,0.0,0
xu-qian,,0.0,0
xu-yang,male,0.67,1
xuan,female,0.61,4616
xuancheng,male,0.67,4
xuanhua,female,0.67,4
xuankai,male,0.88,6
xuanlong,male,0.8,3
xuantong,female,0.71,12
xuanyao,male,0.57,5
xuanyuan,male,0.92,10
xuanzhe,male,0.75,2
xuanzhong,male,0.5,2
xubiao,male,0.75,2
xubin,male,0.86,33
xubo,male,0.86,35
xuchen,male,0.52,23
xucun,male,0.67,1
xuding,male,0.67,1
xudong,male,0.98,265
xue,female,0.81,2856
xue-bing,female,0.75,2
xue-feng,male,0.8,3
xue-jian,male,0.67,1
xue-juan,,0.0,0
xue-ke,male,0.67,1
xue-lu,,0.0,0
xue-mei,,0.0,0
xue-ning,,0.0,0
xue-qian,,0.0,0
xue-wen,,0.0,0
xue-xiang,,0.0,0
xue-yang,,0.0,0
xue-yi,,0.0,0
xue-ying,,0.0,0
xuebo,male,0.88,15
xuechao,male,0.95,18
xuecheng,male,0.89,33
xueda,male,0.75,2
xuedong,male,0.8,38
xuefang,female,0.94,49
xuefei,female,0.71,159
xuefeng,male,0.84,242
xueguang,male,0.82,9
xuehai,male,0.9,18
xuehua,female,0.88,142
xuejian,male,0.85,18
xuejiao,female,0.97,89
xuejie,female,0.52,25
xuejun,male,0.62,122
xuekai,male,0.93,12
xueke,female,0.67,16
xuekui,male,0.86,5
xuelei,male,0.69,37
xueli,female,0.87,186
xueliang,male,0.94,62
xuelin,female,0.66,71
xuemai,,0.0,0
xuemei,female,0.98,306
xuemeng,female,0.8,42
xuemiao,female,0.73,9
xuemin,male,0.55,64
xuening,female,0.69,46
xuepeng,male,0.74,25
xueqi,female,0.86,90
xueqin,female,0.92,104
xueqing,female,0.83,98
xuequan,male,0.89,7
xuerong,female,0.71,43
xueshan,male,0.65,15
xueshang,,0.0,0
xueshi,male,0.56,14
xueshuang,male,0.6,3
xuesong,male,0.76,113
xuesu,female,0.75,2
xuetao,male,0.77,37
xueting,female,0.95,150
xuewei,female,0.69,116
xuewen,female,0.51,92
xuexi,male,0.5,14
xuexiu,male,0.8,3
xuexue,female,0.79,36
xueyan,female,0.92,163
xueyang,female,0.55,56
xueyi,female,0.8,99
xueying,female,0.97,259
xueyuan,female,0.58,46
xueyun,female,0.91,51
xuezeng,male,0.67,1
xuezhang,male,0.88,6
xuezheng,male,0.83,10
xuezhi,male,0.7,25
xufang,female,0.68,17
xufen,female,0.94,14
xufeng,male,0.93,78
xugang,male,0.8,8
xuguang,male,0.95,38
xuhang,male,0.82,9
xuhao,male,0.89,26
xuheng,male,0.75,6
xuhua,female,0.54,39
xuhui,male,0.7,90
xujia,male,0.62,11
xujun,male,0.77,54
xukai,male,0.96,24
xulai,male,0.67,1
xuliang,male,0.97,29
xulin,male,0.68,42
xumin,male,0.61,26
xuming,male,0.87,60
xun,male,0.72,716
xun-chuan,,0.0,0
xun-jiang,,0.0,0
xun-jie,,0.0,0
xun-wang,,0.0,0
xun-wei,,0.0,0
xunchuan,,0.0,0
xunda,male,0.82,9
xunhua,male,0.5,6
xunlong,male,0.83,4
xunying,male,0.67,1
xunyu,male,0.67,10
xuping,male,0.72,30
xuqiang,male,0.86,12
xuqing,male,0.5,18
xurong,male,0.53,13
xusheng,male,0.94,34
xuwen,female,0.58,34
xuxu,female,0.61,262
xuyang,male,0.78,85
xuyuan,male,0.67,19
xuzhe,male,0.9,8
xuzong,male,0.5,2
ya,male,0.54,23068
ya'acov,male,0.95,20
ya-bin,,0.0,0
ya-dong,,0.0,0
ya-fei,female,0.75,2
ya-fen,female,0.86,5
ya-feng,,0.0,0
ya-guang,,0.0,0
ya-hui,female,0.91,21
ya-jie,female,0.8,3
ya-jin,,0.0,0
ya-juan,female,0.67,1
ya-lin,female,0.88,15
ya-min,male,0.71,5
ya-ning,female,0.75,2
ya-peng,female,0.6,3
ya-ping,female,0.92,11
ya-qi,,0.0,0
ya-qian,female,0.67,1
ya-qin,,0.0,0
ya-qing,female,0.67,1
ya-wen,female,0.97,27
ya-xiang,,0.0,0
yaakov,male,1.0,2317
yaar,male,0.96,12387
yabin,male,0.75,108
yabo,male,0.68,176
yachao,male,0.72,23
yachin,male,0.86,56
yachong,male,0.75,2
yachun,female,0.85,25
yacin,male,0.97,6248
yacine,male,0.95,54214
yackolley,,0.0,0
yacouba,male,0.99,5842
yacov,male,0.99,925
yadan,male,0.52,88
yadav,male,0.93,5890
yadira,female,0.99,45707
yadong,male,0.88,110
yadu,male,0.89,269
yael,female,0.72,14987
yafei,male,0.54,138
yafeng,male,0.74,60
yafis,male,0.96,21
yaghoub,male,0.98,209
yagiz,male,0.97,4350
yago,male,0.99,11957
yaguang,male,0.86,27
yaguo,male,0.83,4
yahao,male,0.94,16
yahav,male,0.73,576
yahia,male,0.97,35395
yahui,female,0.74,170
yahya,male,0.96,110906
yair,male,0.99,21112
yairon,male,0.96,119
yaiza,female,0.99,10977
yajie,female,0.87,138
yajin,female,0.65,21
yajing,female,0.94,136
yajnaseni,female,0.75,2
yajuan,female,0.9,59
yajue,female,0.75,2
yajun,male,0.57,184
yakine,female,0.66,1136
yakir,male,0.99,1649
yakov,male,1.0,5676
yakui,male,0.67,4
yakun,female,0.56,61
yalchin,male,0.95,63
yalcin,male,0.99,15920
yale,male,0.82,1718
yali,female,0.72,1377
yaliang,male,0.64,12
yalin,male,0.83,1573
yalong,male,0.89,25
yamato,male,0.95,645
yamila,female,0.99,13664
yamini,female,1.0,7863
yamir,male,0.94,2345
yan,male,0.58,38993
yan-bin,male,0.67,1
yan-bing,male,0.67,1
yan-chao,,0.0,0
yan-cheng,male,0.75,2
yan-chuan,,0.0,0
yan-cong,,0.0,0
yan-fei,male,0.75,2
yan-feng,male,0.8,3
yan-gang,,0.0,0
yan-guang,,0.0,0
yan-hong,male,0.67,1
yan-ji,,0.0,0
yan-jun,male,0.83,4
yan-lei,,0.0,0
yan-ling,female,0.67,1
yan-ping,female,0.6,3
yan-qing,,0.0,0
yan-quan,,0.0,0
yan-rong,male,0.5,2
yan-rui,,0.0,0
yan-wei,male,0.67,1
yan-xia,female,0.67,1
yan-yang,,0.0,0
yan-zhi,male,0.75,2
yana,female,0.98,48504
yanan,female,0.75,596
yanbang,male,0.89,7
yanbao,male,0.57,5
yanbei,female,0.63,6
yanbiao,male,0.91,9
yanbin,male,0.77,114
yanbing,male,0.53,62
yanbo,male,0.74,107
yanchao,male,0.79,51
yanchen,male,0.56,59
yancheng,male,0.78,38
yanchong,male,0.6,3
yanchun,female,0.69,70
yancy,female,0.76,1436
yandi,female,0.53,703
yandong,male,0.88,48
yaneer,male,0.83,4
yanett,female,1.0,2632
yanfa,male,0.65,15
yanfang,female,0.97,148
yanfei,female,0.73,174
yanfeng,male,0.76,158
yang,male,0.58,16025
yang-hui,,0.0,0
yang-ting,male,0.67,1
yang-yang,female,0.69,14
yang-yu,male,0.67,1
yang-zhi,,0.0,0
yanga,male,0.74,2368
yangfan,male,0.68,57
yangfu,male,0.86,5
yanggon,male,0.67,1
yanghai,male,0.89,7
yanghe,male,0.75,6
yangheng,male,0.67,4
yanghua,male,0.52,23
yangjin,male,0.79,17
yangkun,male,0.95,17
yangle,male,0.6,8
yanglin,male,0.63,22
yangmu,male,0.75,2
yangping,female,0.63,14
yangqian,,0.0,0
yangqiu,,0.0,0
yangquan,male,0.75,2
yangrui,male,0.5,8
yangsen,male,0.83,4
yangshuai,male,0.67,4
yangsong,male,0.88,6
yanguang,male,0.81,19
yangwen,male,0.55,9
yangwenxiao,,0.0,0
yangyang,female,0.66,603
yangyao,male,0.83,4
yangyu,male,0.68,23
yangzhe,male,0.8,3
yanhao,male,0.82,42
yanhong,female,0.91,233
yanhua,female,0.85,225
yanhui,female,0.55,149
yanick,male,0.84,3369
yanina,female,1.0,25717
yanir,male,0.79,417
yanitsa,female,0.98,127
yaniv,male,1.0,8279
yanji,female,0.62,50
yanjie,female,0.57,134
yanjing,female,0.76,64
yanju,male,0.61,57
yanjun,male,0.52,241
yanke,male,0.78,141
yanki,male,0.64,762
yanko,male,0.98,1879
yanlai,male,0.53,17
yanli,female,0.9,300
yanlin,female,0.63,170
yanlu,female,0.54,24
yanmei,female,0.98,178
yanmeng,female,0.6,8
yanmin,female,0.67,82
yanming,male,0.69,119
yann,male,0.99,87040
yann-gaël,male,0.95,20
yann-michel,male,0.67,1
yannai,male,0.54,33
yannan,female,0.57,78
yanni,male,0.53,2301
yannic,male,0.94,1412
yannick,male,0.98,98894
yannig,male,0.97,185
yannik,male,0.99,4166
yanning,female,0.66,63
yannis,male,0.94,8935
yanou,male,0.77,567
yanpei,male,0.54,22
yanpeng,male,0.81,40
yanping,female,0.84,342
yanqi,female,0.74,93
yanqiang,male,0.88,15
yanqin,female,0.84,55
yanqing,female,0.66,183
yanqiu,female,0.92,60
yanrong,female,0.78,58
yansha,female,0.65,15
yanshen,male,0.9,19
yansheng,male,0.84,35
yanshuai,male,0.83,4
yansong,male,0.86,57
yansun,female,0.75,6
yantao,male,0.8,57
yanting,female,0.89,214
yantong,female,0.78,39
yanwei,male,0.61,118
yanwen,female,0.65,136
yanwu,male,0.65,29
yanxia,female,0.98,113
yanxiang,male,0.68,39
yanxin,female,0.73,93
yanxing,male,0.53,32
yanxue,female,0.83,10
yanxun,male,0.63,6
yanyan,female,0.82,1649
yanying,female,0.97,89
yanyong,male,0.8,39
yanyu,female,0.81,136
yanyuan,female,0.7,8
yanzeng,male,0.75,2
yanzhao,male,0.85,25
yanzhen,female,0.83,58
yanzhi,female,0.55,51
yanzhu,female,0.85,31
yao,male,0.9,19541
yao-bei,,0.0,0
yao-lun,male,0.67,1
yao-qiang,,0.0,0
yao-yuan,,0.0,0
yao-zhong,,0.0,0
yaobo,male,0.75,6
yaocheng,male,0.93,12
yaochu,male,0.75,2
yaodong,male,0.93,53
yaofeng,male,0.89,34
yaoguang,male,0.92,10
yaohua,male,0.81,45
yaohui,male,0.8,64
yaojia,female,0.79,12
yaojiang,male,0.83,4
yaolong,male,0.87,13
yaomin,male,0.9,18
yaoming,male,0.93,59
yaonan,male,0.77,24
yaoqing,male,0.63,6
yaovi,male,0.99,278
yaowen,male,0.84,43
yaoxin,male,0.58,22
yaoxiong,male,0.83,4
yaoxue,female,0.67,1
yaoyi,female,0.54,22
yaoyu,male,0.62,27
yaoyun,female,0.78,7
yaozhong,male,0.88,23
yapeng,male,0.93,41
yaping,female,0.84,200
yaqian,female,0.92,51
yaqiao,female,0.8,13
yaqing,female,0.87,74
yaqiong,female,0.78,48
yara,female,0.97,71553
yarden,female,0.66,2774
yariv,male,0.99,713
yaron,male,0.99,7026
yarong,female,0.85,18
yaroslav,male,1.0,10888
yaryna,female,0.98,126
yasaman,female,0.99,3885
yasamin,female,0.97,1817
yasar,male,0.96,53184
yaseen,male,0.94,22753
yasen,male,0.86,5134
yaser,male,0.98,40554
yash,male,0.99,48866
yasha,male,0.71,999
yashan,male,0.61,57
yashar,male,0.99,4495
yashaswini,female,1.0,1274
yashraj,male,0.99,1455
yashuai,male,0.6,3
yashvi,female,0.99,874
yashwant,male,1.0,6297
yasin,male,0.97,137342
yasir,male,0.98,49609
yasmine,female,0.98,80284
yasna,female,0.99,7848
yassamin,female,0.95,97
yasser,male,0.98,116408
yassine,male,0.98,194355
yassir,male,0.96,22660
yasuaki,male,1.0,278
yasufumi,male,0.97,110
yasuharu,male,0.98,130
yasuhiko,male,0.99,276
yasuhiro,male,1.0,3977
yasuhito,male,0.99,166
yasujiro,male,0.8,3
yasuki,male,0.94,80
yasumasa,male,0.99,140
yasumichi,male,0.97,27
yasumitsu,male,0.95,38
yasunari,male,0.91,130
yasunobu,male,1.0,284
yasunori,male,0.99,371
yasuo,male,0.98,2244
yasuro,male,0.96,21
yasusada,,0.0,0
yasushi,male,1.0,763
yasutada,male,0.88,6
yasutaka,male,0.99,277
yasutomo,male,0.98,55
yasuyoshi,male,0.96,44
yasuyuki,male,1.0,600
yat,male,0.65,1060
yat-hin,,0.0,0
yateendra,male,0.86,5
yatharth,male,1.0,984
yatian,male,0.5,8
yatindra,male,0.9,50
yating,female,0.98,263
yatir,male,0.9,46
yavar,male,0.97,296
yavdat,male,0.8,3
yavuz,male,0.99,51626
yawen,female,0.92,314
yaxian,female,0.93,28
yaxiang,male,0.56,7
yaxing,female,0.57,28
yayaati,male,0.67,1
yayoi,female,0.99,1042
yayu,female,0.79,335
yayun,female,0.74,91
yazan,male,0.98,26840
yazeed,male,0.98,10805
yazhen,female,0.85,38
yazhou,male,0.81,41
yaé,female,0.77,631
yaël,female,0.72,14987
yaşar,male,0.96,53184
ydan,male,0.78,16
yde,male,0.66,131
ye,male,0.57,6819
ye-chao,,0.0,0
ye-fei,female,0.67,1
ye-hong,,0.0,0
ye-kai,,0.0,0
ye-lin,female,0.75,2
ye-ling,,0.0,0
ye-zhao,,0.0,0
yeansu,female,0.75,2
yecheng,male,0.95,18
yee,female,0.66,9848
yefan,male,0.71,15
yefei,male,0.63,36
yefeng,male,0.82,32
yeganeh,female,0.94,349
yegor,male,1.0,1546
yehao,male,0.71,12
yehia,male,0.98,13628
yehiam,male,0.94,16
yehonatan,male,1.0,826
yehuda,male,1.0,5442
yehyun,female,0.62,11
yeinzon,male,0.88,6
yeisson,male,0.99,1988
yejun,male,0.91,156
yekan,male,0.93,13
yekaterina,female,1.0,2205
yelena,female,1.0,12973
yemi,male,0.58,5777
yemliha,male,0.96,500
yemon,male,0.71,26
yen,female,0.78,9161
yen-an,male,0.6,3
yen-chen,male,0.5,14
yen-chi,female,0.57,5
yen-chia,male,0.5,6
yen-hsiang,male,0.83,4
yen-hsun,male,0.88,6
yen-jen,male,0.67,4
yen-kheng,,0.0,0
yen-lin,male,0.59,15
yen-ting,male,0.63,30
yen-tsung,male,0.67,1
yen-wei,male,0.88,6
yeojun,male,0.85,11
yeon,female,0.67,1021
yeon-han,,0.0,0
yeon-koo,,0.0,0
yeong,male,0.64,1528
yeong-cherng,male,0.67,1
yeong-nan,,0.0,0
yeongrak,male,0.67,1
yeongseong,male,0.86,5
yeonjeong,female,0.98,40
yeor,male,0.64,12
yeou,male,0.83,33
yeow,male,0.68,957
yepang,,0.0,0
yepeng,male,0.83,4
yeping,female,0.68,20
yequan,male,0.67,4
yerko,male,0.99,1686
yerlan,male,0.99,826
yermek,male,0.97,279
yerong,male,0.64,9
yerra,male,0.84,60
yeshaiahu,male,0.67,1
yeshasvi,male,0.5,2
yet-ming,,0.0,0
yetkin,male,0.96,1389
yetli,male,0.5,16
yeunhwan,,0.0,0
yevgeni,male,0.98,191
yevgeniy,male,1.0,3399
yevgeny,male,0.99,441
yevhen,male,1.0,299
yevhenii,male,0.99,132
yevheniy,male,0.98,106
yew,male,0.71,2800
yexin,female,0.54,35
yeyao,male,0.6,8
yezekael,male,0.5,2
yi,female,0.57,11109
yi'an,female,0.57,5
yi-bin,male,0.6,3
yi-bo,female,0.67,1
yi-cai,,0.0,0
yi-chao,male,0.75,6
yi-chen,female,0.8,63
yi-cheng,male,0.96,109
yi-chiao,male,0.5,4
yi-cong,,0.0,0
yi-de,female,0.67,1
yi-fan,male,0.51,33
yi-fei,female,0.6,3
yi-feng,male,0.8,8
yi-fu,male,0.8,3
yi-han,female,0.84,17
yi-hao,male,0.83,4
yi-hong,male,0.82,9
yi-hsiang,male,0.73,13
yi-hsin,female,0.58,17
yi-hsuan,female,0.76,49
yi-huang,male,0.67,1
yi-hui,female,0.94,14
yi-jehng,,0.0,0
yi-jheng,,0.0,0
yi-jian,male,0.67,1
yi-jun,female,0.63,6
yi-jung,female,0.82,9
yi-kuan,male,0.83,4
yi-lei,,0.0,0
yi-long,male,0.75,2
yi-lun,male,0.59,15
yi-min,male,0.62,11
yi-ming,male,0.99,65
yi-nan,male,0.67,4
yi-peng,male,0.8,3
yi-ping,female,0.75,18
yi-pu,female,0.75,2
yi-qing,female,0.8,8
yi-sheng,male,0.82,9
yi-shuai,,0.0,0
yi-si,,0.0,0
yi-tao,,0.0,0
yi-ting,female,0.85,100
yi-wen,female,0.7,41
yi-xian,male,0.5,4
yi-xiang,female,0.67,1
yi-xin,female,0.92,10
yi-xiu,female,0.67,1
yi-yan,,0.0,0
yi-yu,male,0.6,3
yi-zen,,0.0,0
yi-zheng,,0.0,0
yi-zhi,male,0.67,1
yi-zhong,male,0.8,3
yi-zhuang,,0.0,0
yia-chung,,0.0,0
yian,male,0.81,793
yiannis,male,1.0,6808
yibei,female,0.82,32
yibin,male,0.86,142
yibing,female,0.57,119
yibo,male,0.79,220
yicao,female,0.6,3
yichao,male,0.79,142
yichen,female,0.52,387
yicheng,male,0.96,866
yichong,male,0.67,10
yichul,male,0.75,2
yida,male,0.79,572
yidan,female,0.81,202
yiding,male,0.72,59
yidong,male,0.84,73
yidu,male,0.53,15
yidun,male,0.67,1
yier,female,0.67,31
yifan,male,0.56,1150
yifang,female,0.77,130
yifei,female,0.52,621
yifeng,male,0.84,309
yiftach,male,0.99,149
yiftah,male,0.98,52
yifu,male,0.93,107
yigal,male,0.99,648
yigit,male,0.97,19156
yiguang,male,0.81,25
yigui,male,0.63,17
yih,male,0.59,301
yih-chun,,0.0,0
yih-fang,,0.0,0
yihan,female,0.77,352
yihang,male,0.73,108
yihao,male,0.94,153
yiheng,male,0.75,103
yihong,female,0.51,188
yihua,female,0.64,164
yihui,female,0.65,245
yijia,female,0.75,181
yijian,male,0.94,51
yijie,male,0.6,258
yijin,female,0.7,86
yijing,female,0.91,220
yijun,female,0.54,384
yijung,female,0.85,11
yik,male,0.69,718
yik-chung,,0.0,0
yik-man,,0.0,0
yikai,male,0.92,106
yikan,male,0.57,5
yikang,male,0.9,40
yike,female,0.56,68
yikun,male,0.7,35
yilang,male,0.76,23
yilber,male,0.99,1143
yildiray,male,0.99,4788
yili,female,0.82,424
yilin,female,0.95,2285
yiling,female,0.93,411
yilmaz,male,0.98,46223
yilong,male,0.93,120
yilu,female,0.69,91
yilun,male,0.71,129
yimei,female,0.98,130
yimeng,female,0.73,171
yimin,male,0.6,332
yiming,male,0.93,2788
yimo,male,0.73,58
yimu,male,0.61,31
yin,female,0.83,19165
yin-bi,,0.0,0
yin-chen,female,0.6,8
yin-hai,,0.0,0
yin-jie,male,0.67,1
yin-zhe,,0.0,0
yin-zhen,,0.0,0
yin-zou,,0.0,0
yinan,female,0.54,262
yinchu,female,0.53,15
yinchuan,male,0.91,9
yindi,female,0.79,60
yinfei,female,0.63,44
yinfeng,male,0.64,40
ying,female,0.88,14972
ying-chang,male,0.75,2
ying-cheng,male,0.5,2
ying-dan,,0.0,0
ying-fen,,0.0,0
ying-hai,male,0.67,1
ying-hao,male,0.75,2
ying-hsuan,female,0.86,5
ying-jen,male,0.83,4
ying-jer,male,0.67,1
ying-jie,male,0.67,1
ying-jun,male,0.67,1
ying-ke,,0.0,0
ying-ming,male,0.83,4
ying-nan,,0.0,0
ying-qi,,0.0,0
ying-ru,female,0.75,2
ying-shuang,,0.0,0
ying-tung,female,0.86,5
ying-xun,,0.0,0
ying-ying,female,0.97,31
yingbin,male,0.64,20
yingbo,male,0.77,46
yingcai,male,0.71,5
yingchao,male,0.54,50
yingchen,female,0.68,36
yingcheng,male,0.92,10
yingchun,female,0.57,88
yingda,male,0.7,21
yingdong,male,0.81,14
yingfei,female,0.79,36
yingfen,female,0.92,10
yinghao,male,0.9,86
yinghe,female,0.72,16
yinghua,female,0.82,142
yinghui,female,0.68,144
yingji,female,0.83,45
yingjie,male,0.51,240
yingjin,male,0.6,8
yingjiu,female,0.67,1
yingjun,male,0.67,79
yingkai,male,0.93,27
yingkang,male,0.64,9
yingkun,female,0.63,6
yingli,female,0.71,63
yingna,female,0.95,20
yingpeng,male,0.56,14
yingping,female,0.63,28
yingqi,female,0.82,86
yingqiu,female,0.76,19
yingru,female,0.95,19
yingrui,female,0.56,25
yingsheng,male,0.8,8
yinguang,male,0.78,7
yingui,male,0.6,3
yingwen,female,0.85,37
yingxiang,male,0.75,14
yingxun,male,0.8,3
yingyang,male,0.6,50
yingying,female,0.98,1329
yingyu,female,0.86,111
yingyue,female,0.86,26
yingzhao,male,0.5,14
yingzhi,female,0.69,57
yingzhou,male,0.71,12
yingzhuo,male,0.5,10
yinhan,female,0.67,19
yinhong,male,0.53,28
yinhua,female,0.82,69
yini,female,0.9,442
yining,female,0.81,240
yink,male,0.59,20
yinliang,male,0.81,14
yinnian,,0.0,0
yinon,male,1.0,585
yinong,female,0.68,26
yinqian,male,0.71,5
yinqiao,female,0.6,3
yinqiu,female,0.77,11
yinren,male,0.67,1
yinxiang,female,0.69,14
yinxing,female,0.65,15
yinyu,female,0.76,57
yinzhan,male,0.67,1
yiou,female,0.59,30
yipeng,male,0.87,119
yipin,female,0.59,20
yiping,female,0.63,298
yipu,male,0.81,14
yiqi,female,0.65,187
yiqiang,male,0.92,46
yiqin,female,0.71,78
yiqing,female,0.94,1054
yiqiu,female,0.73,31
yiqun,female,0.52,103
yiran,female,0.68,443
yirong,female,0.64,94
yirui,female,0.68,60
yiseul,female,0.96,51
yishay,male,0.98,274
yishen,male,0.72,41
yisheng,male,0.88,101
yishi,female,0.53,77
yishu,female,0.69,103
yishuai,male,0.67,1
yisong,male,0.81,35
yisu,female,0.53,62
yithsbey,male,0.67,1
yitian,female,0.5,105
yiting,female,0.94,487
yitong,female,0.95,681
yitzhak,male,0.99,917
yiu-tung,,0.0,0
yiwei,male,0.52,413
yiwen,female,0.71,759
yixi,female,0.66,108
yixian,female,0.7,94
yixiang,male,0.79,103
yixiao,male,0.5,98
yixin,female,0.92,1737
yixing,male,0.64,107
yixiong,male,0.9,40
yixiu,female,0.79,27
yixuan,female,0.93,1708
yixue,female,0.88,32
yiyan,female,0.72,110
yiyang,male,0.9,928
yiyao,female,0.61,59
yiyin,female,0.66,110
yiying,female,0.9,208
yiyu,female,0.58,140
yiyuan,male,0.52,91
yiyue,female,0.72,27
yizao,female,0.67,1
yize,male,0.7,44
yizhang,male,0.73,20
yizhao,male,0.75,18
yizhar,male,0.95,38
yizhe,male,0.85,77
yizheng,male,0.51,39
yizhi,male,0.58,98
yizhou,male,0.73,171
yizhu,female,0.88,38
yizhuang,male,0.8,3
yizun,male,0.75,2
yjan,male,0.86,12
yliès,male,0.95,452
ylona,female,0.99,418
ylva,female,0.99,1500
yo,female,0.51,38713
yo-sub,male,0.75,2
yoann,male,0.99,37065
yoav,male,1.0,6338
yoel,male,0.99,15192
yogesh,male,1.0,86258
yogiro,,0.0,0
yoh,male,0.84,920
yohai,male,1.0,246
yohan,male,0.99,30681
yohann,male,0.99,20585
yohei,male,1.0,2305
yohichi,male,0.91,9
yohji,male,0.85,57
yohko,female,0.9,50
yohsuke,male,0.99,160
yoichi,male,1.0,2098
yoichiro,male,1.0,199
yoji,male,0.86,350
yoko,female,0.94,12223
yolanda,female,0.99,263649
yonadav,male,0.94,14
yonah,male,0.91,737
yonatan,male,0.99,14258
yonathan,male,0.99,10107
yonder,male,0.94,270
yong,male,0.73,18716
yong-bin,male,0.75,2
yong-bo,,0.0,0
yong-chang,male,0.75,2
yong-chull,,0.0,0
yong-chun,,0.0,0
yong-fan,,0.0,0
yong-feng,,0.0,0
yong-geun,male,0.75,2
yong-hang,male,0.67,1
yong-hee,male,0.78,16
yong-heng,male,0.67,1
yong-hong,male,0.6,3
yong-hoon,male,0.93,13
yong-hua,,0.0,0
yong-hui,male,0.67,1
yong-hwa,male,0.8,8
yong-hyun,male,0.83,10
yong-il,male,0.93,13
yong-jae,male,0.93,12
yong-jian,,0.0,0
yong-jiang,female,0.67,1
yong-jie,,0.0,0
yong-joo,male,0.5,4
yong-kum,,0.0,0
yong-lei,,0.0,0
yong-liang,,0.0,0
yong-long,male,0.67,1
yong-lu,,0.0,0
yong-nan,,0.0,0
yong-qiang,,0.0,0
yong-seon,,0.0,0
yong-sheng,male,0.8,3
yong-su,male,0.86,5
yong-tao,,0.0,0
yong-wan,male,0.8,3
yong-wei,male,0.75,2
yong-xin,male,0.67,1
yong-yeol,,0.0,0
yong-yuan,,0.0,0
yong-zhong,male,0.67,1
yongbin,male,0.95,96
yongbing,male,0.84,30
yongbo,male,0.89,74
yongchang,male,0.94,45
yongchao,male,0.92,63
yongcheng,male,0.88,56
yongchun,male,0.84,59
yongdae,male,0.96,23
yongdo,male,0.88,6
yongdong,male,0.94,32
yongduck,male,0.86,5
yongfa,male,0.96,21
yongfeng,male,0.94,116
yongfu,male,0.96,54
yonggang,male,0.97,73
yongge,male,0.92,10
yonggeun,male,0.86,12
yonggi,male,0.89,16
yonggoo,male,0.8,3
yongguan,male,0.88,6
yongguang,male,0.97,28
yonggui,male,0.93,13
yonghao,male,0.97,90
yongheng,male,0.95,53
yonghong,male,0.62,101
yonghua,male,0.72,101
yonghui,male,0.84,159
yonghwan,male,0.99,98
yongjia,male,0.71,53
yongjian,male,0.97,103
yongjie,male,0.91,172
yongjin,male,0.97,226
yongjun,male,0.96,278
yongjune,male,0.92,10
yongjung,male,0.88,6
yongkai,male,0.94,29
yongkang,male,0.95,77
yongke,male,0.7,18
yongkeun,male,0.92,11
yongle,male,0.87,66
yongli,male,0.54,111
yongliang,male,0.99,95
yonglin,male,0.75,69
yonglong,male,0.97,28
yongluo,male,0.5,2
yongmin,male,0.94,173
yongming,male,0.93,92
yongnam,male,0.87,44
yongpan,male,0.88,6
yongpeng,male,0.97,34
yongping,male,0.78,77
yongqi,male,0.59,88
yongqian,male,0.73,24
yongqiang,male,0.98,112
yongqing,male,0.82,80
yongquan,male,0.97,73
yongrui,male,0.91,21
yongseok,male,0.99,107
yongseong,male,0.95,19
yongshan,male,0.65,18
yongsheng,male,0.98,178
yongshuai,male,0.91,9
yongsoo,male,0.96,98
yongsoon,male,0.83,27
yongtang,male,0.67,4
yongtao,male,0.95,59
yongtian,male,0.88,15
yongwan,male,0.87,13
yongwei,male,0.87,112
yongwen,male,0.76,27
yongxi,male,0.69,46
yongxian,male,0.78,30
yongxiang,male,0.89,83
yongxiao,male,0.73,9
yongxin,male,0.59,138
yongxing,male,0.87,43
yongxu,male,0.87,21
yongyao,male,0.93,12
yongyong,male,0.58,116
yongyou,male,0.82,9
yongyuan,male,0.81,25
yongyun,male,0.73,13
yongzhao,male,0.82,15
yongzhong,male,0.9,28
yoni,male,0.92,14993
yonina,female,1.0,215
yonit,female,0.97,395
yoo,female,0.62,5718
yoo-jin,female,0.9,18
yoohwan,male,0.83,4
yoon,male,0.52,3055
yoon-ho,male,0.94,15
yoon-hyun,female,0.67,1
yoon-seok,male,0.93,13
yoonbai,male,0.67,1
yoonchang,male,0.92,10
yoong,male,0.61,912
yoongu,male,0.86,5
yoonjae,male,0.67,49
yoonjin,female,0.81,79
yoonjung,female,0.94,154
yoonseok,male,0.88,57
yoonsoo,male,0.81,45
yoonyoung,female,0.86,57
yoosik,male,0.9,8
yorai,male,0.93,40
yoram,male,0.99,4079
yordan,male,0.99,7072
yordanka,female,0.99,1055
yorgo,male,0.99,590
yorie,female,0.62,35
yoritaka,male,0.86,5
yosef,male,0.95,31829
yosep,male,0.96,660
yoseph,male,0.99,3291
yoshi,male,0.78,3218
yoshiaki,male,1.0,2454
yoshichika,male,0.95,19
yoshifumi,male,0.99,307
yoshifusa,male,0.88,6
yoshiharu,male,1.0,685
yoshihide,male,0.98,122
yoshihiko,male,1.0,1216
yoshihiro,male,1.0,3497
yoshihisa,male,0.99,305
yoshihito,male,1.0,210
yoshikazu,male,1.0,1375
yoshiki,male,0.99,1681
yoshiko,female,0.99,3483
yoshimasa,male,0.99,197
yoshimi,female,0.8,648
yoshimichi,male,0.98,48
yoshimitsu,male,0.97,148
yoshimune,male,0.95,19
yoshinao,male,0.96,47
yoshinobu,male,1.0,816
yoshinori,male,1.0,2408
yoshinosuke,male,0.83,4
yoshio,male,1.0,2781
yoshiro,male,0.98,799
yoshishige,male,0.92,11
yoshitaka,male,1.0,1816
yoshiteru,male,0.98,88
yoshito,male,0.99,535
yoshitomo,male,0.97,71
yoshiya,male,0.96,117
yoshiyuki,male,1.0,2270
yoshua,male,0.98,1670
yositake,male,0.67,1
yossef,male,0.94,18508
yossi,male,0.96,13062
yosuke,male,1.0,3332
yota,female,0.82,1256
yotam,male,1.0,2298
you,male,0.8,35959
you-fei,female,0.67,1
you-gan,,0.0,0
you-guo,,0.0,0
you-hua,,0.0,0
you-hung,,0.0,0
you-jun,male,0.8,3
you-li,female,0.67,1
you-lin,male,0.67,1
you-quan,,0.0,0
you-tian,,0.0,0
you-zhi,male,0.67,1
youbing,male,0.67,7
youcai,male,0.93,26
youcheng,male,0.96,21
youde,male,0.76,27
youdi,male,0.6,53
yougang,male,0.71,12
youguang,male,0.9,8
youguo,male,0.92,11
youhei,male,0.99,198
youichi,male,0.99,164
youjia,female,0.72,30
youjin,female,0.83,278
youjun,male,0.62,51
youkyung,female,0.88,22
youli,female,0.67,176
youlin,female,0.6,66
youling,female,0.82,26
youlong,male,0.9,19
youming,male,0.78,43
youn,male,0.81,1698
youn-woo,,0.0,0
younes,male,0.98,95194
youness,male,0.98,54362
young,male,0.86,18176
young-chai,male,0.67,1
young-eun,female,0.95,53
young-gu,male,0.88,6
young-han,male,0.86,5
young-heon,male,0.67,1
young-ho,male,0.96,49
young-hoon,male,0.94,29
young-hyun,male,0.53,17
young-jai,,0.0,0
young-jin,male,0.88,70
young-jun,male,0.98,41
young-june,male,0.86,5
young-kyu,male,0.92,10
young-kyun,male,0.89,7
young-lo,male,0.67,1
young-min,male,0.88,67
young-pil,male,0.67,1
young-sam,male,0.8,3
young-san,,0.0,0
young-sang,male,0.92,10
young-sik,male,0.95,19
young-soo,male,0.79,22
young-tak,male,0.8,3
young-woo,male,0.88,24
young-wook,male,0.94,15
youngae,female,0.98,41
youngchul,male,0.97,56
youngdae,male,0.97,38
younggeun,male,0.97,27
younghak,male,0.91,20
younghan,male,0.97,30
youngho,male,0.98,248
younghun,male,0.96,87
youngjae,male,0.9,154
youngjin,male,0.84,353
youngjoo,female,0.66,160
youngjoon,male,0.99,76
youngju,female,0.7,180
youngjun,male,0.99,207
youngki,male,0.99,78
youngkuk,male,0.88,15
youngkyu,male,0.87,43
youngman,male,0.96,94
youngmin,male,0.89,384
youngone,male,0.91,9
youngrong,female,0.75,2
youngser,female,0.67,1
youngsoo,male,0.93,151
youngsu,male,0.91,86
youngtak,male,0.82,9
youngwoo,male,0.96,128
youngwook,male,0.97,71
younjin,female,0.76,23
younjung,female,0.81,29
youpeng,male,0.94,15
youqian,male,0.67,7
youquan,male,0.96,21
youri,male,0.98,8665
youry,male,0.91,265
yousef,male,0.96,134888
youseung,male,0.83,4
yousra,female,0.97,24704
youssef,male,0.97,383061
yousuke,male,1.0,527
youting,female,0.62,11
youwei,male,0.8,52
youwen,male,0.69,43
youzuo,male,0.67,1
yoxara,,0.0,0
yshai,male,0.84,29
yu,female,0.51,21594
yu-an,female,0.52,25
yu-ao,,0.0,0
yu-bing,male,0.67,1
yu-bo,,0.0,0
yu-chen,female,0.54,69
yu-cheng,male,0.9,47
yu-chih,male,0.81,19
yu-chin,female,0.61,16
yu-ching,female,0.64,54
yu-chu,female,0.73,9
yu-chun,male,0.58,41
yu-dai,male,0.75,2
yu-fei,female,0.87,13
yu-feng,male,0.74,17
yu-gang,male,0.5,2
yu-ge,,0.0,0
yu-han,female,0.96,135
yu-hang,male,0.63,6
yu-hao,male,0.92,10
yu-hong,male,0.63,6
yu-hsiang,male,0.91,30
yu-hsien,female,0.56,16
yu-huai,,0.0,0
yu-hui,female,0.88,14
yu-hung,male,0.93,13
yu-ichiro,male,0.67,1
yu-ji,male,0.77,11
yu-jia,male,0.67,1
yu-jie,male,0.58,10
yu-jui,male,0.75,2
yu-jun,male,0.67,1
yu-kun,male,0.92,11
yu-kuo,male,0.67,1
yu-liang,male,0.88,6
yu-lin,female,0.51,33
yu-ming,male,0.74,25
yu-nung,female,0.67,1
yu-pan,,0.0,0
yu-peng,male,0.8,3
yu-pin,female,0.56,7
yu-ping,female,0.63,22
yu-qiang,,0.0,0
yu-qin,,0.0,0
yu-ran,female,0.8,3
yu-sa,,0.0,0
yu-sen,male,0.75,2
yu-seong,male,0.75,2
yu-shen,male,0.86,5
yu-sheng,male,0.95,18
yu-shuai,,0.0,0
yu-shuo,male,0.67,1
yu-tao,male,0.67,1
yu-te,male,0.88,6
yu-tin,male,0.8,3
yu-ting,female,0.94,391
yu-tong,female,0.89,7
yu-tsun,male,0.67,1
yu-wei,male,0.84,47
yu-xi,female,0.83,4
yu-xia,,0.0,0
yu-xiang,male,0.86,5
yu-xiao,,0.0,0
yu-xin,female,0.89,16
yu-xuan,female,0.8,8
yu-ya,male,0.76,39
yu-yang,male,0.95,20
yu-yen,male,0.6,3
yu-yu,female,0.66,33
yu-yuan,male,0.9,8
yu-zhao,,0.0,0
yu-zhe,male,0.67,1
yu-zhong,male,0.67,1
yu-zhu,female,0.75,2
yuan,male,0.53,6219
yuan-chuan,,0.0,0
yuan-hang,,0.0,0
yuan-hsun,male,0.8,3
yuan-mei,female,0.67,1
yuan-ming,male,0.8,3
yuan-pei,,0.0,0
yuan-pin,,0.0,0
yuan-sen,,0.0,0
yuan-yao,,0.0,0
yuan-yu,male,0.69,11
yuan-yuan,female,0.57,12
yuan-zhu,,0.0,0
yuanan,male,0.57,5
yuanbin,male,0.93,26
yuanbo,male,0.89,44
yuanchang,male,0.75,10
yuanchen,male,0.54,33
yuandeng,male,0.67,1
yuanfang,female,0.55,47
yuanfei,male,0.59,25
yuanfeng,male,0.81,55
yuangang,male,0.88,6
yuanhang,male,0.79,31
yuanhao,male,0.97,57
yuanheng,male,0.63,6
yuanhua,female,0.54,26
yuanhui,male,0.59,47
yuanji,male,0.88,15
yuanjian,male,0.8,13
yuanjiang,male,0.83,4
yuanjie,male,0.64,40
yuanjing,female,0.65,41
yuanjun,male,0.74,51
yuankui,male,0.75,6
yuanlin,female,0.67,43
yuanlong,male,0.93,28
yuanming,male,0.71,36
yuanning,male,0.64,12
yuanping,female,0.53,32
yuanqiang,male,0.91,9
yuanqing,male,0.56,41
yuantong,male,0.9,8
yuanwei,male,0.72,41
yuanxi,male,0.61,39
yuanxin,male,0.59,56
yuanyong,male,0.73,9
yuanyu,female,0.55,31
yuanyuan,female,0.92,929
yuanze,male,0.92,11
yuanzhao,male,0.64,9
yuanzhe,male,0.84,35
yuanzhen,female,0.61,34
yuanzhi,male,0.92,35
yuanzhu,male,0.5,2
yuber,male,0.98,1842
yubo,male,0.78,169
yucai,male,0.76,27
yucel,male,0.95,14175
yucen,female,0.57,21
yuchao,male,0.85,86
yuchen,male,0.53,721
yucheng,male,0.89,207
yuchi,female,0.55,144
yuchong,male,0.62,11
yuda,male,0.96,3321
yudai,male,0.98,307
yudan,female,0.63,78
yudi,female,0.86,16947
yudong,male,0.9,119
yue,female,0.67,4790
yue-fang,,0.0,0
yue-feng,,0.0,0
yue-hui,,0.0,0
yue-liang,,0.0,0
yue-lin,,0.0,0
yue-long,male,0.67,1
yue-sheng,,0.0,0
yue-wen,,0.0,0
yue-xin,,0.0,0
yue-yue,male,0.5,2
yue-zhou,,0.0,0
yuebao,male,0.75,2
yuebing,female,0.63,6
yuecheng,male,0.88,22
yuechun,female,0.54,11
yuedong,male,0.93,13
yuee,female,0.89,52
yuefan,male,0.57,19
yuefang,female,0.86,19
yuefeng,male,0.77,59
yueh-chun,male,0.75,2
yueh-nan,,0.0,0
yueh-ning,male,0.67,1
yuehan,male,0.59,72
yuehaw,,0.0,0
yueheng,male,0.73,13
yuehui,female,0.59,20
yuejian,male,0.89,7
yuejiang,male,0.67,1
yuejie,female,0.61,16
yuejuan,female,0.94,15
yuejun,male,0.68,32
yuekai,male,0.75,10
yueke,male,0.5,2
yuekun,male,0.71,5
yueliang,male,0.5,20
yueling,female,0.95,53
yueming,female,0.57,84
yuepeng,male,0.96,83
yueqiang,male,0.9,8
yuerui,female,0.55,9
yueshen,male,0.7,8
yuesheng,male,0.71,19
yuewen,female,0.66,36
yuexian,female,0.77,11
yuexin,female,0.76,69
yuexing,female,0.54,11
yuexun,,0.0,0
yueyang,male,0.67,52
yueying,female,0.95,72
yueyue,female,0.9,108
yueyun,female,0.8,23
yuezheng,male,0.56,7
yuezhi,female,0.58,10
yufan,male,0.61,176
yufang,female,0.9,123
yufei,female,0.9,1574
yufeng,male,0.72,324
yufu,male,0.74,68
yugandhar,male,0.91,197
yugang,male,0.93,38
yugeng,male,0.63,6
yuguang,male,0.94,50
yugui,male,0.8,52
yuguo,male,0.85,38
yuhai,male,0.87,29
yuhan,female,0.87,2145
yuhang,male,0.79,269
yuhao,male,0.94,256
yuhei,male,0.98,238
yuheng,male,0.8,143
yuhiko,male,0.73,9
yuhito,male,0.88,6
yuhma,male,0.8,3
yuho,male,0.61,91
yuhong,female,0.67,243
yuhsin,female,0.81,25
yuhu,male,0.66,65
yuhua,female,0.71,256
yuhuan,female,0.67,62
yuhui,female,0.56,223
yui,female,0.86,5196
yuichi,male,0.99,1380
yuichiro,male,0.99,662
yujeong,female,0.93,79
yuji,male,0.99,6266
yujia,female,0.77,302
yujiang,male,0.75,22
yujiao,female,0.96,74
yujie,female,0.67,491
yujin,female,0.92,2408
yujiro,male,0.99,194
yujun,male,0.6,179
yuk,female,0.61,1558
yuka,female,0.98,7757
yukai,male,0.92,116
yukari,female,0.99,3411
yuke,female,0.65,200
yukei,male,0.58,24
yuki,female,0.75,16063
yukiaki,male,0.8,3
yukiharu,male,0.97,28
yukihide,male,0.94,16
yukihiro,male,1.0,444
yukikatsu,male,0.67,1
yukiko,female,1.0,5033
yukimi,female,0.96,111
yukinao,male,0.83,4
yukinari,male,0.97,27
yukinobu,male,0.95,62
yukinori,male,0.99,120
yukio,male,0.98,2386
yukitaka,male,0.98,40
yukitoshi,male,0.96,26
yukiyasu,male,0.94,16
yukiyoshi,male,0.96,21
yuko,female,0.98,10364
yukun,male,0.78,141
yulan,female,0.86,308
yulei,female,0.66,102
yuli,female,0.97,41504
yulia,female,0.99,53665
yulian,male,0.9,4740
yuliang,male,0.9,109
yulin,female,0.6,493
yuling,female,0.92,353
yuliy,male,0.57,160
yuliya,female,1.0,22519
yulong,male,0.97,211
yulu,female,0.72,114
yulun,male,0.67,61
yuly,female,0.98,17646
yuma,male,0.54,1210
yuman,male,0.62,162
yumang,female,0.56,7
yumei,female,0.98,293
yumeng,female,0.82,210
yumi,female,0.98,11049
yumiko,female,0.99,4825
yuming,male,0.78,276
yun,female,0.62,6935
yun-an,female,0.6,3
yun-bin,,0.0,0
yun-feng,female,0.67,1
yun-guang,,0.0,0
yun-ho,male,0.94,14
yun-hsin,female,0.8,3
yun-hua,male,0.5,2
yun-hui,female,0.57,5
yun-hyok,,0.0,0
yun-jhih,,0.0,0
yun-jie,male,0.67,1
yun-kyeong,female,0.75,2
yun-long,male,0.8,3
yun-ning,female,0.67,1
yun-peng,female,0.67,1
yun-qing,,0.0,0
yun-song,,0.0,0
yun-ting,female,0.67,19
yun-wei,male,0.86,5
yun-yi,female,0.75,6
yun-zhi,,0.0,0
yunan,male,0.67,259
yunbai,,0.0,0
yunbo,male,0.83,68
yuncai,male,0.87,13
yunchao,male,0.77,28
yuncheng,male,0.79,31
yunchong,male,0.64,12
yunchou,male,0.75,2
yunchuan,male,0.87,21
yunchul,male,0.93,12
yundi,male,0.59,52
yunfan,male,0.68,70
yunfei,male,0.7,226
yunfeng,male,0.88,178
yung,male,0.87,10965
yung-chang,male,0.83,4
yung-ting,female,0.75,2
yunghsiang,male,0.67,1
yungui,male,0.87,13
yunguo,male,0.9,8
yunhai,male,0.9,27
yunhan,female,0.6,90
yunhao,male,0.87,68
yunhe,male,0.65,46
yunhee,female,0.93,203
yunheng,male,0.87,13
yunheung,female,0.67,1
yunhong,female,0.61,54
yunhua,female,0.66,69
yunhui,female,0.6,95
yunhyung,male,0.58,10
yuni,female,0.95,10654
yunier,male,0.99,1716
yuning,female,0.69,157
yunior,male,0.99,5090
yunjie,female,0.5,99
yunjun,male,0.66,30
yunkai,male,0.92,34
yunkun,male,0.79,12
yunkyu,male,0.77,11
yunlan,female,0.97,30
yunlei,male,0.54,35
yunlin,female,0.58,55
yunlong,male,0.99,155
yunnan,male,0.78,21
yunong,female,0.53,34
yunpeng,male,0.97,124
yunping,female,0.52,50
yunqi,female,0.68,88
yunqin,female,0.87,21
yunqing,female,0.77,75
yunquan,male,0.83,10
yunseok,male,0.97,64
yunseong,male,0.88,15
yunshan,male,0.57,49
yuntao,male,0.92,75
yuntian,male,0.77,41
yunuan,male,0.6,3
yunus,male,0.98,111500
yunwu,male,0.8,3
yunxiang,male,0.84,55
yunxiao,female,0.65,38
yunxin,female,0.66,33
yunxing,male,0.7,21
yunxu,female,0.63,6
yunyan,female,0.9,61
yunyang,male,0.5,12
yunyi,female,0.73,149
yunyu,female,0.69,53
yunyun,female,0.86,292
yunzhe,male,0.78,39
yunzhi,male,0.5,54
yunzhong,male,0.89,16
yunzhou,male,0.67,22
yupeng,male,0.9,129
yuping,female,0.75,247
yuqi,female,0.71,416
yuqian,female,0.75,125
yuqin,female,0.85,148
yuqing,female,0.82,405
yuqiu,female,0.74,25
yuquan,male,0.83,57
yuqun,female,0.73,20
yura,male,0.52,9503
yuri,male,0.61,44856
yurii,male,0.69,1896
yurij,male,0.98,345
yuriko,female,0.99,3842
yuriy,male,1.0,19098
yurong,female,0.79,103
yurui,male,0.5,28
yury,male,0.61,11928
yusaku,male,0.99,212
yusef,male,0.97,6943
yusei,male,0.95,253
yusen,male,0.81,87
yusheng,male,0.91,126
yushi,male,0.73,328
yushu,female,0.54,88
yushun,male,0.67,22
yusi,female,0.71,687
yusong,male,0.84,36
yusra,female,0.97,7864
yusu,male,0.88,230
yusuf,male,0.98,298713
yusui,male,0.56,7
yusuke,male,1.0,8245
yusupjan,male,0.8,3
yuta,male,0.98,4352
yutaka,male,0.99,3970
yutao,male,0.77,101
yutaro,male,1.0,798
yuting,female,0.98,3234
yuto,male,0.98,1274
yutong,female,0.94,1537
yuu,male,0.56,1246
yuuji,male,0.99,206
yuuki,male,0.66,1553
yuushou,male,0.67,1
yuuya,male,0.95,131
yuval,male,0.65,8286
yuvraj,male,1.0,10981
yuwei,female,0.67,425
yuwen,female,0.67,279
yuxi,female,0.93,1175
yuxia,female,0.94,101
yuxiang,male,0.83,222
yuxiao,female,0.63,91
yuxin,female,0.94,2244
yuxing,male,0.58,109
yuxuan,male,0.52,519
yuxun,male,0.71,15
yuya,male,0.79,3328
yuyan,female,0.85,264
yuyao,female,0.76,68
yuyi,female,0.83,763
yuyu,female,0.64,3106
yuyuan,female,0.63,61
yuzan,male,0.5,10
yuze,male,0.91,282
yuzhao,male,0.89,16
yuzhe,male,0.81,102
yuzhen,female,0.87,154
yuzheng,male,0.52,27
yuzhi,male,0.57,65
yuzhou,male,0.81,66
yuzhu,female,0.8,92
yuzhuo,male,0.52,23
yuzo,male,0.97,228
yuzuru,male,0.93,153
yvain,male,0.98,447
yvan,male,0.99,16059
yveline,female,0.99,2921
yves,male,0.98,62106
yvette,female,1.0,80282
yvik,male,0.6,3
yvo,male,0.74,1380
yvon,male,0.8,9659
yvonne,female,1.0,237285
yvonne-anne,female,0.67,1
yérali,female,0.8,38
yûki,female,0.75,16063
yûsuke,male,1.0,8245
yüksel,male,0.82,25843
zac,male,0.99,23934
zach,male,1.0,79998
zachariah,male,0.99,5270
zacharias,male,0.99,1832
zachary,male,1.0,108229
zachory,male,0.99,116
zack,male,0.99,51750
zackaria,male,0.99,487
zackery,male,1.0,2054
zackory,male,0.98,61
zad,male,0.67,1153
zadid,male,0.75,22
zaeill,,0.0,0
zafar,male,0.98,30994
zafer,male,0.98,43745
zahari,male,0.96,1924
zaheer,male,0.98,21664
zaher,male,0.97,11492
zahid,male,0.98,55961
zahida,female,0.98,3909
zahir,male,0.97,23811
zahirul,male,0.97,1818
zahra,female,0.97,110220
zai-quan,,0.0,0
zaichen,male,0.67,4
zaid,male,0.97,47716
zaijun,male,0.71,5
zaili,male,0.7,105
zain,male,0.84,24364
zainab,female,0.98,72694
zaira,female,0.99,21798
zaiwen,male,0.67,1
zaiyao,male,0.67,1
zaiyi,male,0.67,10
zaiyue,male,0.5,2
zajj,male,0.67,7
zakari,male,0.95,4677
zakaria,male,0.97,98448
zakariae,male,0.98,2145
zakarias,male,0.97,706
zakhar,male,0.99,830
zaki,male,0.96,65440
zakwan,male,0.98,939
zala,female,0.71,2848
zalak,female,0.65,159
zamshed,male,0.96,104
zan,male,0.74,3575
zane,male,0.92,18012
zaqueu,male,0.99,383
zara,female,0.95,42628
zarathustra,male,0.87,73
zarija,male,0.7,28
zarina,female,0.99,16956
zaven,male,0.99,758
zaza,male,0.54,20537
zbigniew,male,1.0,33752
zbyněk,male,1.0,2888
zdenek,male,0.99,22352
zdeněk,male,0.99,22352
zdravko,male,0.99,3288
zdzislaw,male,0.99,3823
zdzisław,male,0.99,3823
ze,male,0.93,24581
ze-bin,male,0.67,1
ze-bing,,0.0,0
ze-chun,,0.0,0
ze-di,,0.0,0
ze-guo,male,0.67,1
ze-hua,,0.0,0
ze-min,,0.0,0
ze-pei,,0.0,0
ze-rui,,0.0,0
ze-wei,,0.0,0
ze-xun,,0.0,0
ze-yan,,0.0,0
ze-yi,male,0.67,1
zebin,male,0.71,56
zebo,male,0.63,50
zecheng,male,0.95,19
zechun,female,0.58,10
zeeshan,male,0.99,37705
zeev,male,1.0,2698
zefang,male,0.56,7
zefei,male,0.7,8
zefeng,male,0.97,59
zehan,male,0.54,182
zehang,male,0.75,10
zehao,male,0.95,83
zehong,male,0.89,26
zehua,male,0.81,87
zehuang,,0.0,0
zehui,female,0.62,51
zeila,female,1.0,648
zein-eddine,male,0.8,3
zeinab,female,0.99,38297
zeineb,female,0.98,4822
zejia,male,0.77,11
zejian,male,0.87,13
zejun,male,0.72,44
zekeriya,male,0.99,11372
zekun,male,0.88,46
zeliang,male,0.92,24
zelin,female,0.5,141
zeling,female,0.67,19
zeljko,male,0.99,15926
zemer,female,0.59,220
zeng,male,0.55,1198
zeng-bing,,0.0,0
zeng-quan,,0.0,0
zeng-zhao,,0.0,0
zengbo,male,0.89,7
zengfu,male,0.5,2
zengguang,male,0.89,7
zenghu,male,0.67,1
zengji,,0.0,0
zengjia,male,0.67,1
zengle,male,0.5,2
zengming,male,0.88,6
zengo,male,0.82,47
zengpeng,male,0.67,1
zengqiang,male,0.89,7
zengru,male,0.67,1
zengrun,,0.0,0
zengshun,,0.0,0
zengwei,male,0.95,17
zengyi,male,0.78,7
zenji,male,0.91,30
zeno,male,0.95,4644
zenon,male,0.99,10031
zensho,male,0.75,2
zephyr,male,0.75,480
zeren,female,0.81,527
zerui,male,0.85,32
zesen,male,0.92,11
zetao,male,0.89,16
zev,male,0.99,1556
zewei,male,0.86,54
zewen,male,0.57,35
zewu,male,0.64,9
zexi,male,0.77,55
zexian,male,0.5,16
zexiang,male,0.92,11
zexin,male,0.82,53
zexu,male,0.75,18
zeya,female,0.55,694
zeyang,male,0.83,45
zeying,female,0.9,18
zeynep,female,0.98,134091
zeyu,male,0.85,254
zeyuan,male,0.81,45
zeyun,male,0.6,23
zezhong,male,0.94,15
zeév,male,1.0,2698
zhan,male,0.78,2667
zhan-dong,,0.0,0
zhan-feng,,0.0,0
zhan-ming,male,0.67,1
zhan-wei,,0.0,0
zhan-ying,,0.0,0
zhanbo,male,0.95,35
zhanchun,male,0.75,2
zhandos,male,0.99,1110
zhanfeng,male,0.92,22
zhang,male,0.55,9370
zhang-qi,,0.0,0
zhang-yu,,0.0,0
zhangbu,,0.0,0
zhangchi,male,0.75,6
zhangdong,male,0.8,8
zhangdui,,0.0,0
zhangjian,male,0.95,18
zhangjie,male,0.79,32
zhangju,,0.0,0
zhangjun,male,0.8,23
zhangquan,male,0.83,4
zhangxin,female,0.56,16
zhanibek,male,0.99,585
zhanjing,male,0.75,2
zhanlin,male,0.88,6
zhanna,female,0.99,11049
zhanshan,male,0.67,1
zhantao,male,0.92,11
zhanwen,male,0.86,12
zhanyang,male,0.88,6
zhao,male,0.6,3073
zhao-di,,0.0,0
zhao-huai,,0.0,0
zhao-huan,,0.0,0
zhao-long,,0.0,0
zhao-ming,male,0.67,1
zhao-qiang,,0.0,0
zhao-qing,,0.0,0
zhao-yang,male,0.75,2
zhao-yu,,0.0,0
zhao-yun,,0.0,0
zhao-zhou,,0.0,0
zhaobin,male,0.78,21
zhaobing,male,0.89,7
zhaobo,male,0.7,8
zhaochen,male,0.78,16
zhaocheng,male,0.87,13
zhaochu,male,0.75,2
zhaodong,male,0.91,20
zhaofeng,male,0.95,38
zhaofu,male,0.9,8
zhaogang,male,0.88,6
zhaohao,male,0.82,9
zhaoheng,male,0.94,15
zhaohua,male,0.71,39
zhaohuan,male,0.57,5
zhaohui,male,0.69,150
zhaoji,male,0.75,10
zhaojian,male,0.93,12
zhaoju,male,0.57,5
zhaojun,male,0.65,67
zhaokai,male,0.84,17
zhaoli,female,0.55,29
zhaoliang,male,0.96,23
zhaoming,male,0.91,33
zhaonan,male,0.59,15
zhaoning,male,0.5,6
zhaopeng,male,0.9,29
zhaopin,male,0.67,1
zhaoqi,male,0.69,27
zhaorong,male,0.61,21
zhaorui,male,0.69,11
zhaosheng,male,0.9,18
zhaoting,male,0.67,10
zhaowei,male,0.88,40
zhaoxia,female,0.91,33
zhaoxiang,male,0.96,22
zhaoxin,male,0.72,34
zhaoxing,male,0.73,9
zhaoxu,male,0.84,17
zhaoyang,male,0.89,93
zhaoyi,male,0.5,46
zhaoyong,male,0.93,13
zhaoyou,male,0.75,2
zhaoyu,male,0.7,87
zhaoyuan,male,0.85,31
zhaozhou,male,0.6,8
zhaxylyk,male,0.94,45
zhe,male,0.75,1561
zhe-xuan,,0.0,0
zhe-yu,,0.0,0
zhedong,male,0.89,7
zhefeng,male,0.89,25
zhefu,male,0.88,6
zhehan,male,0.73,28
zhehao,male,0.94,62
zhehui,female,0.53,15
zheming,male,0.9,38
zhen,male,0.85,10254
zhen-biao,,0.0,0
zhen-chen,,0.0,0
zhen-fei,male,0.67,1
zhen-gang,,0.0,0
zhen-hua,,0.0,0
zhen-jun,,0.0,0
zhen-ming,,0.0,0
zhen-peng,,0.0,0
zhen-qiang,,0.0,0
zhen-qing,male,0.67,1
zhen-sheng,,0.0,0
zhen-xiang,male,0.67,1
zhen-xing,,0.0,0
zhen-xiong,,0.0,0
zhen-ya,,0.0,0
zhen-yan,,0.0,0
zhen-yang,,0.0,0
zhen-yi,female,0.67,1
zhen-yu,male,0.67,4
zhenan,male,0.9,28
zhenbang,male,0.92,24
zhenbin,male,0.94,15
zhenchang,male,0.88,6
zhenchao,male,0.89,25
zhencheng,male,0.83,16
zhenda,male,0.77,11
zhendong,male,0.99,76
zhenfeng,male,0.92,62
zhenfu,male,0.95,18
zheng,male,0.92,15037
zheng-an,,0.0,0
zheng-cheng,,0.0,0
zheng-da,male,0.75,2
zheng-fu,,0.0,0
zheng-hai,,0.0,0
zheng-hang,,0.0,0
zheng-hao,,0.0,0
zheng-hua,female,0.67,1
zheng-jian,,0.0,0
zheng-liang,,0.0,0
zheng-ming,,0.0,0
zheng-tian,,0.0,0
zheng-wei,male,0.67,1
zheng-wen,,0.0,0
zheng-xiang,male,0.67,1
zheng-xin,,0.0,0
zheng-yao,male,0.67,1
zheng-yu,,0.0,0
zheng-yuan,male,0.67,1
zhengbang,male,0.89,7
zhengbo,male,0.89,26
zhengcai,male,0.8,3
zhengchao,male,0.87,13
zhengchuan,male,0.67,1
zhengchun,male,0.81,14
zhengdao,male,0.89,7
zhengdi,,0.0,0
zhengfang,female,0.56,16
zhengfei,male,0.82,15
zhengfeng,male,0.85,37
zhenggang,male,0.96,24
zhengguang,male,0.95,17
zhenghan,male,0.83,22
zhenghao,male,0.96,88
zhenghong,male,0.77,41
zhenghua,male,0.72,67
zhenghui,male,0.78,49
zhengkang,male,0.93,13
zhengming,male,0.9,29
zhengqing,male,0.76,23
zhengru,female,0.8,3
zhengrui,male,0.9,8
zhengshuo,male,0.67,1
zhengtai,male,0.83,4
zhenguang,male,0.91,9
zhenguo,male,0.96,51
zhengwei,male,0.94,85
zhengwen,male,0.88,30
zhengwu,male,0.82,15
zhengxiang,male,0.8,13
zhengxing,male,0.92,11
zhengxuan,male,0.9,8
zhengxue,male,0.83,10
zhengyang,male,0.9,103
zhengye,male,0.5,4
zhengyi,male,0.69,96
zhengyou,male,0.83,4
zhengyu,male,0.85,115
zhengyuan,male,0.88,47
zhengyun,male,0.83,16
zhengzheng,female,0.57,47
zhenhai,male,0.94,29
zhenhan,male,0.67,10
zhenhao,male,0.95,60
zhenhua,male,0.88,225
zhenhuan,male,0.87,29
zhenjiang,male,0.94,31
zhenjie,male,0.84,61
zhenjiu,male,0.67,1
zhenjun,male,0.9,29
zhenke,male,0.88,6
zhenkun,male,0.91,20
zhenli,female,0.67,31
zhenliang,male,0.86,20
zhenlin,male,0.71,33
zhennan,male,0.73,42
zhenning,male,0.77,41
zhenpeng,male,0.95,37
zhenqi,male,0.59,32
zhenqiu,male,0.73,9
zhenshan,male,0.89,16
zhensong,male,0.83,4
zhentang,male,0.75,2
zhentao,male,0.97,38
zhenwei,male,0.91,127
zhenxiang,male,0.91,42
zhenxin,male,0.76,27
zhenxing,male,0.9,79
zhenxiong,male,0.9,18
zhenxuan,male,0.87,13
zhenya,male,0.55,2879
zhenyao,male,0.68,23
zhenyi,male,0.68,91
zhenyong,male,0.85,25
zhenyu,male,0.87,402
zhenzhe,male,0.8,3
zhenzhong,male,0.96,43
zhenzhou,male,0.96,22
zhepei,male,0.5,2
zherong,male,0.67,4
zhesen,male,0.67,1
zheshen,male,0.88,6
zhewei,male,0.83,39
zhewen,male,0.5,30
zhexin,male,0.64,12
zhexing,male,0.57,5
zhexu,male,0.67,4
zheyan,female,0.79,12
zheyang,male,0.71,5
zheyong,male,0.8,8
zheyuan,male,0.9,38
zhi,male,0.65,3411
zhi-an,male,0.67,1
zhi-bang,,0.0,0
zhi-bin,male,0.75,2
zhi-bo,,0.0,0
zhi-chao,male,0.67,1
zhi-cheng,,0.0,0
zhi-da,,0.0,0
zhi-fang,,0.0,0
zhi-feng,male,0.67,1
zhi-fu,,0.0,0
zhi-gang,male,0.75,2
zhi-guo,,0.0,0
zhi-hai,,0.0,0
zhi-han,male,0.67,1
zhi-hao,male,0.83,4
zhi-hong,male,0.75,6
zhi-hui,male,0.6,3
zhi-jin,,0.0,0
zhi-kang,,0.0,0
zhi-lei,,0.0,0
zhi-li,male,0.67,1
zhi-long,male,0.67,1
zhi-min,female,0.67,1
zhi-ming,,0.0,0
zhi-peng,,0.0,0
zhi-ping,male,0.6,3
zhi-qiang,male,0.75,2
zhi-qing,,0.0,0
zhi-qiu,,0.0,0
zhi-quan,,0.0,0
zhi-tao,,0.0,0
zhi-tian,,0.0,0
zhi-wei,male,0.85,11
zhi-xi,,0.0,0
zhi-xiang,male,0.67,1
zhi-xin,,0.0,0
zhi-xun,,0.0,0
zhi-yi,male,0.67,1
zhi-yong,male,0.83,4
zhi-yu,female,0.6,3
zhi-yuan,male,0.67,4
zhi-yue,,0.0,0
zhi-yun,female,0.67,1
zhi-zhong,male,0.67,1
zhian,male,0.81,282
zhibek,female,0.99,490
zhibin,male,0.94,157
zhibing,male,0.82,32
zhibo,male,0.94,96
zhichao,male,0.9,153
zhichen,male,0.76,23
zhicheng,male,0.95,159
zhicong,male,0.95,58
zhida,male,0.7,45
zhidan,male,0.77,33
zhidong,male,0.9,79
zhifan,male,0.82,38
zhifang,female,0.51,75
zhifei,male,0.69,46
zhifeng,male,0.9,144
zhifu,male,0.85,25
zhigang,male,0.98,241
zhigao,male,0.89,26
zhiguang,male,0.97,59
zhigui,male,0.92,11
zhiguo,male,0.97,116
zhih-ahn,,0.0,0
zhihai,male,0.96,44
zhihan,male,0.5,96
zhihao,male,0.98,344
zhihong,male,0.71,240
zhihua,male,0.75,202
zhihuan,male,0.6,8
zhihui,male,0.55,279
zhijia,male,0.6,41
zhijian,male,0.95,173
zhijie,male,0.86,190
zhijin,male,0.75,26
zhijun,male,0.75,227
zhike,male,0.95,20
zhikuan,male,0.67,4
zhikun,male,0.97,30
zhilei,male,0.7,28
zhili,male,0.61,104
zhiliang,male,0.95,85
zhilin,male,0.57,121
zhiling,female,0.87,85
zhilong,male,0.98,90
zhilu,male,0.67,7
zhimei,female,0.91,44
zhimeng,male,0.55,27
zhimin,male,0.68,197
zhiming,male,0.94,215
zhipei,male,0.54,11
zhipeng,male,0.96,216
zhiping,male,0.64,135
zhiqi,female,0.59,109
zhiqiang,male,0.99,418
zhiqin,female,0.55,74
zhiqing,female,0.53,113
zhiqiu,female,0.57,12
zhiquan,male,0.93,66
zhirayr,male,0.98,46
zhiren,male,0.9,28
zhirong,male,0.79,80
zhiru,female,0.58,22
zhisen,male,0.81,14
zhisheng,male,0.95,55
zhisong,male,0.82,20
zhisu,male,0.67,1
zhitao,male,0.93,59
zhite,male,0.75,2
zhitong,female,0.55,29
zhituo,male,0.67,1
zhiwang,male,0.92,10
zhiwei,male,0.88,561
zhiwen,male,0.79,162
zhiwu,male,0.95,20
zhixian,male,0.73,83
zhixiang,male,0.92,117
zhixin,male,0.56,201
zhixiong,male,0.99,93
zhiyan,female,0.72,123
zhiyang,male,0.9,121
zhiyao,male,0.64,48
zhiyi,female,0.5,223
zhiying,female,0.83,216
zhiyong,male,0.97,313
zhiyou,male,0.88,23
zhiyu,male,0.63,195
zhiyuan,male,0.88,345
zhiyue,male,0.69,30
zhiyun,female,0.66,77
zhizhan,male,0.8,3
zhizhang,male,0.8,8
zhizhao,male,0.67,10
zhizhen,female,0.53,28
zhizheng,male,0.92,11
zhizhi,female,0.72,65
zhizhong,male,0.94,65
zhong,male,0.73,1574
zhong-bo,,0.0,0
zhong-feng,,0.0,0
zhong-lin,,0.0,0
zhong-qi,male,0.67,1
zhong-qiu,,0.0,0
zhong-rui,,0.0,0
zhong-wei,male,0.67,1
zhong-wen,,0.0,0
zhong-yi,male,0.67,1
zhong-ying,male,0.67,1
zhong-yu,,0.0,0
zhong-zhi,,0.0,0
zhongbao,male,0.85,11
zhongbo,male,0.9,19
zhongcheng,male,0.91,21
zhongchu,male,0.75,2
zhongda,male,0.93,13
zhongfan,male,0.8,3
zhongfei,male,0.87,13
zhonggang,male,0.75,2
zhongguo,male,0.89,25
zhonghao,male,0.96,52
zhonghua,male,0.8,121
zhonghuai,male,0.67,1
zhongjia,male,0.75,2
zhongjian,male,0.96,22
zhongjie,male,0.94,83
zhongjun,male,0.88,24
zhongkai,male,0.97,34
zhongkui,male,0.89,7
zhonglei,male,0.93,12
zhongli,male,0.76,32
zhongliang,male,0.98,43
zhonglin,male,0.69,30
zhongmin,male,0.84,47
zhongming,male,0.96,65
zhongpei,male,0.88,6
zhongqin,male,0.56,14
zhongqing,male,0.84,17
zhongqun,female,0.57,5
zhongru,,0.0,0
zhongrui,male,0.89,16
zhongshan,male,0.95,20
zhongtao,male,0.89,17
zhongwei,male,0.92,90
zhongwu,male,0.96,22
zhongxian,male,0.72,16
zhongxiang,male,0.96,22
zhongxiao,male,0.71,12
zhongxing,male,0.92,24
zhongxu,male,0.92,11
zhongxuan,male,0.89,7
zhongyang,male,0.85,38
zhongyi,male,0.82,87
zhongyong,male,0.82,9
zhongyuan,male,0.86,71
zhongzheng,male,0.96,23
zhongzhi,male,0.96,21
zhongzhong,male,0.81,14
zhongzhou,male,0.88,6
zhou,male,0.58,3501
zhou-run,,0.0,0
zhou-zheng,,0.0,0
zhouchen,male,0.57,5
zhoudunming,,0.0,0
zhoujian,male,0.82,9
zhouli,male,0.5,8
zhouningxin,,0.0,0
zhouping,male,0.6,8
zhouyang,male,0.76,19
zhouyou,male,0.71,5
zhouyu,male,0.74,21
zhu,male,0.52,2742
zhu-an,,0.0,0
zhu-bo,,0.0,0
zhu-fang,,0.0,0
zhu-feng,,0.0,0
zhu-jun,,0.0,0
zhu-xi,,0.0,0
zhu-yao,,0.0,0
zhuan,male,0.65,61
zhuang,male,0.63,462
zhuangkun,male,0.67,1
zhuangzhuang,male,0.71,12
zhuchang,male,0.67,1
zhucheng,male,0.83,4
zhufeng,male,0.6,18
zhujing,female,0.71,12
zhun,male,0.88,111
zhun-yong,male,0.67,1
zhuo,male,0.59,659
zhuo-ran,,0.0,0
zhuo-song,,0.0,0
zhuo-yu,,0.0,0
zhuohuang,,0.0,0
zhuojia,male,0.5,4
zhuojun,male,0.5,42
zhuokai,male,0.8,3
zhuoliang,female,0.75,2
zhuolin,female,0.53,30
zhuolu,,0.0,0
zhuolun,male,0.89,17
zhuomin,female,0.61,21
zhuoni,female,0.75,2
zhuoran,male,0.51,76
zhuoyang,male,0.58,10
zhuoyu,male,0.55,20
zhuoyuan,male,0.55,20
zhuozhao,male,0.75,2
zhuqing,female,0.65,24
zhusong,male,0.75,6
zhuxia,female,0.86,5
zhyrair,,0.0,0
zi,male,0.64,11907
zi-chao,,0.0,0
zi-gao,,0.0,0
zi-han,male,0.5,2
zi-hua,,0.0,0
zi-jia,female,0.67,1
zi-jing,,0.0,0
zi-ke,,0.0,0
zi-kui,,0.0,0
zi-lan,,0.0,0
zi-liang,male,0.67,1
zi-min,,0.0,0
zi-qiang,,0.0,0
zi-qing,,0.0,0
zi-wei,male,0.67,4
zi-wen,female,0.6,3
zi-wu,,0.0,0
zi-xia,,0.0,0
zi-xiang,,0.0,0
zi-yong,,0.0,0
zi-yu,male,0.5,2
ziad,male,0.96,61610
ziang,male,0.86,69
ziaur,male,0.96,2657
zibang,male,0.5,2
zibin,male,0.86,48
zicao,male,0.83,4
zichang,male,0.88,14
zichao,male,0.93,58
zidong,male,0.86,33
ziemowit,male,0.99,304
zifan,male,0.65,78
zifeng,male,0.96,79
zigao,,0.0,0
ziggy,male,0.86,2352
zihan,female,0.53,663
zihao,male,1.0,1422
zihe,male,0.57,45
ziheng,male,0.91,102
zihua,male,0.72,62
zihuai,male,0.67,1
zihuang,male,0.75,2
zihui,female,0.74,116
ziji,male,0.8,8
zijia,female,0.55,56
zijian,male,0.95,218
zijie,male,0.8,121
zijin,male,0.51,45
zijing,female,0.53,99
zijun,male,0.88,759
zikang,male,0.9,37
zili,male,0.57,205
zilin,female,0.88,405
ziling,female,0.83,110
zilong,male,0.96,267
zilu,male,0.62,110
ziming,male,0.84,164
zimo,male,0.78,439
zin,male,0.57,7216
zinaida,female,0.99,2657
zinovi,male,0.9,40
zinovy,male,0.95,36
zipei,female,0.63,14
zipeng,male,0.87,43
ziping,male,0.54,22
ziqi,female,0.92,1172
ziqiang,male,0.95,75
ziqiao,male,0.53,30
ziqing,female,0.73,133
ziquan,male,0.97,91
ziran,male,0.6,91
ziri,male,0.64,410
ziru,female,0.61,42
zirui,male,0.91,320
zishen,male,0.79,26
zishu,male,0.73,31
zitan,male,0.79,32
ziteng,male,0.79,27
ziv,male,0.9,4948
zivorad,male,0.99,246
ziwei,female,0.64,375
ziwen,male,0.54,136
zixia,female,0.65,18
zixiang,male,0.93,73
zixiao,male,0.68,32
zixin,female,0.75,191
zixuan,female,0.62,334
ziyaad,male,0.97,1551
ziyan,male,0.71,678
ziyang,male,0.96,824
ziyi,female,0.67,481
ziying,female,0.92,173
ziyong,male,0.89,25
ziyou,male,0.58,43
ziyu,female,0.6,329
ziyuan,male,0.62,120
ziyue,female,0.67,93
zizhan,male,0.67,4
zizhao,male,0.7,18
zizhong,male,0.86,5
zizhou,male,0.83,10
zizhu,female,0.6,13
zlatko,male,0.99,4930
zobo,male,0.71,93
zoe,female,0.98,113872
zofia,female,0.99,16389
zohar,female,0.5,2862
zoheyr,male,0.97,35
zohreh,female,0.99,2230
zoi,female,0.96,3796
zoltan,male,1.0,23687
zoltán,male,1.0,23687
zong-chao,,0.0,0
zong-feng,,0.0,0
zong-gang,,0.0,0
zong-guo,,0.0,0
zong-hong,,0.0,0
zong-kai,,0.0,0
zong-kuan,,0.0,0
zong-quan,,0.0,0
zong-wen,male,0.67,1
zong-yao,,0.0,0
zongben,male,0.67,1
zongchen,male,0.8,3
zongfu,male,0.89,7
zonghai,male,0.86,5
zonghao,male,0.95,18
zonghe,male,0.86,5
zonghong,male,0.85,11
zonghoon,,0.0,0
zongjun,male,0.92,10
zonglin,male,0.77,24
zongming,male,0.91,9
zongnan,male,0.86,5
zongpeng,male,0.75,2
zongping,female,0.56,7
zongxia,female,0.67,1
zongxiu,female,0.67,4
zongyi,male,0.73,24
zongyu,male,0.79,26
zongyuan,male,0.77,20
zongzhen,male,0.67,4
zongzheng,male,0.8,3
zoran,male,1.0,38741
zorawar,male,0.99,283
zouhair,male,0.98,17981
zouyi,male,0.67,4
zouyouwei,,0.0,0
zoya,female,0.96,15509
zoé,female,0.98,113872
zoé-lise,,0.0,0
zoë,female,0.98,113872
zoïs,male,0.95,189
zsigmond,male,0.91,434
zsolt,male,1.0,35513
zsuzsa,female,0.99,8955
zsuzsanna,female,1.0,12170
zsófia,female,1.0,3217
zu-cheng,,0.0,0
zu-en,male,0.67,1
zu-jian,,0.0,0
zu-quan,,0.0,0
zuanming,,0.0,0
zubair,male,0.98,31574
zubayer,male,0.98,266
zubin,male,1.0,1950
zugang,male,0.75,2
zuhair,male,0.99,6219
zuhong,male,0.5,8
zuhui,male,0.77,11
zui,male,0.72,284
zulema,female,0.99,15067
zulfikar,male,0.97,3368
zulfikhar,male,0.93,25
zumeng,male,0.75,2
zun-lei,,0.0,0
zun-yan,,0.0,0
zunwei,male,0.83,4
zunwu,,0.0,0
zuo,male,0.61,280
zuo-lin,,0.0,0
zuo-tang,,0.0,0
zuofeng,male,0.86,5
zuohuan,male,0.67,1
zuojia,male,0.67,1
zuoqiang,male,0.8,3
zuoqin,female,0.57,5
zuowei,male,0.6,13
zuqing,male,0.83,4
zur,male,0.59,297
zura,female,0.7,5480
zurab,male,0.99,883
zuxin,male,0.69,11
zuyan,female,0.67,7
zuyi,female,0.7,28
zuyuan,male,0.67,7
zuzana,female,1.0,64999
zuzanna,female,0.99,14339
zvi,male,1.0,3089
zvika,male,1.0,735
zvonimir,male,1.0,1745
zygmunt,male,0.99,4302
àngels,female,0.87,4996
ádám,male,0.98,837770
ágnes,female,0.99,135825
ákos,male,0.94,4532
álvaro,male,1.0,273658
ángel,male,0.79,441582
ángela,female,1.0,937874
árpád,male,1.0,3255
ása,female,0.61,10284
ämin,male,0.97,193650
åke,male,0.89,2675
åsmund,male,0.99,239
çağın,male,0.89,257
çetin,male,0.99,19613
èric,male,1.0,987132
éanna,female,0.54,524
édgar,male,1.0,319141
édouard,male,0.99,29979
élder,male,0.97,6565
élie,male,0.93,26345
élodie,female,0.99,141886
émilie,female,0.99,186847
éric,male,1.0,987132
érika,female,1.0,420009
étienne,male,0.98,30178
éva,female,0.99,586595
ítalo,male,1.0,33466
íñigo,male,0.99,6583
óscar,male,0.99,671954
ömer,male,0.98,188052
örs,male,0.83,186
özcan,male,0.97,23991
özer,male,0.98,5547
özge,female,0.98,13290
özgecan,female,0.9,124
özgür,male,0.96,33308
özlem,female,0.98,44359
öznur,female,0.97,7782
øivind,male,1.0,318
øystein,male,1.0,1246
øyvind,male,1.0,1713
ümit,male,0.96,41077
ünsal,male,0.96,2190
časlav,male,0.97,112
čedomir,male,0.99,330
črt,male,0.78,136
đorđe,male,0.95,300
ľubomír,male,0.99,4346
łukasz,male,1.0,69102
şaban,male,0.99,26218
şenay,female,0.77,11636
ştefan,male,0.99,365043
şükran,female,0.98,12311
šarūnas,male,0.99,945
špela,female,0.98,617
štefan,male,0.99,365043
štefko,male,0.96,71
štěpán,male,0.99,11093
šárka,female,0.99,9735
željko,male,0.99,15926
žiga,male,0.95,869
